Nom,Catégorie,Thème,Adresse,Téléphone,Site web,Latitude,Longitude,Lien Google Maps,Date d'import,Statut,place_id
Mont Choisy Le Golf,activites,golf,"30527 Chem. Vingt Pieds, Grand Baie",+230 260 1000,http://www.montchoisygolf.com/,"-20,0232221","57,5636528",https://maps.google.com/?cid=3895903021099921581&g_mp=Cidnb29nbGUubWFwcy5wbGFjZXMudjEuUGxhY2VzLlNlYXJjaFRleHQQAhgEIAA,12/07/2026,,ChIJ7_CyPGarfSERrTAIBCgHETY
Anahita Golf Club Mauritius,activites,golf,"La place belgath, PQJQ+4C9, Beau Champ",+230 402 3991,http://golf.anahitamauritius.com/,"-20,2782635","57,7886822",https://maps.google.com/?cid=10427265687659331545&g_mp=Cidnb29nbGUubWFwcy5wbGFjZXMudjEuUGxhY2VzLlNlYXJjaFRleHQQAhgEIAA,12/07/2026,,ChIJrY2CMmTwfCER2b-Nm-UWtZA
Ile aux Cerfs Golf Club,activites,golf,"Pointe Maurice, Trou d'Eau Douce",+230 402 7720,http://www.ileauxcerfsgolfclub.com/,"-20,2722323","57,8035026",https://maps.google.com/?cid=1566024661020540779&g_mp=Cidnb29nbGUubWFwcy5wbGFjZXMudjEuUGxhY2VzLlNlYXJjaFRleHQQAhgEIAA,12/07/2026,,ChIJT-Jq0QzwfCERa3-hzSGjuxU
Mont Choisy Golf Club Entrance,activites,golf,"XHG6+HVR, Grand Baie",+230 260 1000,https://www.montchoisy.com/golf/,"-20,0273509","57,5600931",https://maps.google.com/?cid=6125166870875583615&g_mp=Cidnb29nbGUubWFwcy5wbGFjZXMudjEuUGxhY2VzLlNlYXJjaFRleHQQAhgEIAA,12/07/2026,,ChIJa-ttDwCrfSERf7SHCNH2AFU
Excursion de Reve,activites,excursions,"MU, Route royal, Grand Baie 50813",+230 5803 2856,https://www.excursiondereve.com/?utm_source=google&utm_medium=wix_google_business_profile&utm_campaign=5642873265403165672,"-20,0078234","57,5885366",https://maps.google.com/?cid=7224192945672060496&g_mp=Cidnb29nbGUubWFwcy5wbGFjZXMudjEuUGxhY2VzLlNlYXJjaFRleHQQAhgEIAA,12/07/2026,,ChIJEfhogZOrfSERUH6qazV9QWQ
Mauritius Dream Excursion Tours,activites,excursions,"MU, Royal Road, Grand Baie 30546",+230 5940 2073,https://mauritiusdreamexcursion.com/,"-19,99429","57,5916873",https://maps.google.com/?cid=2990814957000321122&g_mp=Cidnb29nbGUubWFwcy5wbGFjZXMudjEuUGxhY2VzLlNlYXJjaFRleHQQAhgEIAA,12/07/2026,,ChIJfeYRYixVfCERYujtfFuCgSk
Happiness Mauritius,activites,excursions,"XHM9+PW7, Grand Baie",+230 5739 3179,,"-20,017703","57,5705299",https://maps.google.com/?cid=3225442720295892112&g_mp=Cidnb29nbGUubWFwcy5wbGFjZXMudjEuUGxhY2VzLlNlYXJjaFRleHQQAhgEIAA,12/07/2026,,ChIJ6epRTM6rfSERkDSbohATwyw
Tibo-mona excursions,activites,excursions,"MU, Reservoir Road, Grand Baie 30517",+230 5756 2786,,"-20,0179432","57,5708561",https://maps.google.com/?cid=14813220676123555331&g_mp=Cidnb29nbGUubWFwcy5wbGFjZXMudjEuUGxhY2VzLlNlYXJjaFRleHQQAhgEIAA,12/07/2026,,ChIJ50mw2iGrfSERA_bQm7ghk80
TOPCAT cruises,activites,excursions,"opposite Grand Baie Police Station, Orchidees Street, Grand Baie",+230 5790 8123,,"-20,0151038","57,5830927",https://maps.google.com/?cid=11001441866492693967&g_mp=Cidnb29nbGUubWFwcy5wbGFjZXMudjEuUGxhY2VzLlNlYXJjaFRleHQQAhgEIAA,12/07/2026,,ChIJvXIhGgyrfSERz01o5Rb5rJg
Excursion île du nord à île Maurice. La mouette,activites,excursions,"Route Royale MU, Cap Malheureux 31706",+230 5753 8483,http://lamouette-martial.net/,"-19,9859675","57,6223399",https://maps.google.com/?cid=17244499943808035071&g_mp=Cidnb29nbGUubWFwcy5wbGFjZXMudjEuUGxhY2VzLlNlYXJjaFRleHQQAhgEIAA,12/07/2026,,ChIJE1rFMb-rfSER_-jrZ1XFUO8
Dauphiné Tours Mauritius,activites,excursions,"B13, Grand Baie",+230 5767 6933,http://www.dauphinetoursmauritius.com/,"-20,0105914","57,5843017",https://maps.google.com/?cid=1857086100318987028&g_mp=Cidnb29nbGUubWFwcy5wbGFjZXMudjEuUGxhY2VzLlNlYXJjaFRleHQQAhgEIAA,12/07/2026,,ChIJ8f190gmrfSERFCPUDvixxRk
Z'ile cruise,activites,excursions,"Sunset Boulevard, Royal Road, Grand Baie",+230 5709 0632,http://www.zilecruise.com/,"-20,0141891","57,5836539",https://maps.google.com/?cid=393444125259425734&g_mp=Cidnb29nbGUubWFwcy5wbGFjZXMudjEuUGxhY2VzLlNlYXJjaFRleHQQAhgEIAA,12/07/2026,,ChIJq28UBQmrfSERxmcN7VjLdQU
"Babacool team,sailing trips( sortie en mer en multicoque dans le nord de l'île Maurice)",activites,excursions,Peyrébere,+230 5750 2305,http://www.trimaranbabacool.com/,"-19,9931396","57,5908966",https://maps.google.com/?cid=13593296089858068273&g_mp=Cidnb29nbGUubWFwcy5wbGFjZXMudjEuUGxhY2VzLlNlYXJjaFRleHQQAhgEIAA,12/07/2026,,ChIJf-0gLmqrfSERMU-y-sUWpbw
Keiffel tours,activites,excursions,"Rte de la Salette, Grand Baie",,http://www.keiffeltours.mu/%20www.ilemauriceexcursions.com,"-20,0132078","57,5849296",https://maps.google.com/?cid=11513722321708534880&g_mp=Cidnb29nbGUubWFwcy5wbGFjZXMudjEuUGxhY2VzLlNlYXJjaFRleHQQAhgEIAA,12/07/2026,,ChIJxeQyAEWrfSERYEzsA3P1yJ8
One Drop Excursions Mauritius,activites,excursions,"Royal Road, Grand Gaube",+230 5487 3237,http://onedropexcursions.com/,"-20,0054854","57,6646068",https://maps.google.com/?cid=16804653546952903518&g_mp=Cidnb29nbGUubWFwcy5wbGFjZXMudjEuUGxhY2VzLlNlYXJjaFRleHQQAhgEIAA,12/07/2026,,ChIJg-TaFOwBfSERXsuit10fNuk
Blue Vibes,activites,excursions,"Royal Road, Cap Malheureux",+230 5456 9898,https://www.bluevibesltd.com/,"-19,9860623","57,6229777",https://maps.google.com/?cid=8655817776507978575&g_mp=Cidnb29nbGUubWFwcy5wbGFjZXMudjEuUGxhY2VzLlNlYXJjaFRleHQQAhgEIAA,12/07/2026,,ChIJO22sYw2rfSERTwNFQWikH3g
Northview Tours,activites,excursions,Grand Baie,+230 5764 9866,https://www.northviewtours.com/,"-20,0104427","57,5841167",https://maps.google.com/?cid=12500453622541015109&g_mp=Cidnb29nbGUubWFwcy5wbGFjZXMudjEuUGxhY2VzLlNlYXJjaFRleHQQAhgEIAA,12/07/2026,,ChIJIfrk0QmrfSERRVjN5laIeq0
Passion Oceane - Wind Dancer,activites,excursions,"MU, Public Beach, Grand Baie 30546",+230 5498 8585,http://www.passionoceane.com/,"-20,0124093","57,5836944",https://maps.google.com/?cid=2864065792299776409&g_mp=Cidnb29nbGUubWFwcy5wbGFjZXMudjEuUGxhY2VzLlNlYXJjaFRleHQQAhgEIAA,12/07/2026,,ChIJHSQsU4GrfSERmTlg46k0vyc
Perle d'ocean catamaran,activites,excursions,Grand Baie,+230 5509 0713,https://www.catamaranperledocean.com/,"-20,0128926","57,5833631",https://maps.google.com/?cid=1727043392322724839&g_mp=Cidnb29nbGUubWFwcy5wbGFjZXMudjEuUGxhY2VzLlNlYXJjaFRleHQQAhgEIAA,12/07/2026,,ChIJ0x9V0XerfSER5-MUp9Cw9xc
Sunrise Paradise Excursions Mauritius,activites,excursions,"MU, Trou aux Biches 22321",+230 5790 7268,https://www.sunriseparadise.mu/,"-20,0354078","57,5448457",https://maps.google.com/?cid=14991602539486399837&g_mp=Cidnb29nbGUubWFwcy5wbGFjZXMudjEuUGxhY2VzLlNlYXJjaFRleHQQAhgEIAA,12/07/2026,,ChIJL2_IbrKtfSERXU3uqxTfDNA
Blue Yonko Ltd,activites,excursions,"MU, Route Royal, Grand Baie 30515",+230 5811 7126,,"-20,0110271","57,5835804",https://maps.google.com/?cid=14843579741749863542&g_mp=Cidnb29nbGUubWFwcy5wbGFjZXMudjEuUGxhY2VzLlNlYXJjaFRleHQQAhgEIAA,12/07/2026,,ChIJIeBT1BarfSERdmQvZiH9_s0
SEXYBOY Watersports,activites,excursions,"Coastal Road, Cap Malheureux",+230 5253 6802,https://tantulika1.wixsite.com/tour/mauritius,"-19,9858658","57,6062728",https://maps.google.com/?cid=14379028833522534244&g_mp=Cidnb29nbGUubWFwcy5wbGFjZXMudjEuUGxhY2VzLlNlYXJjaFRleHQQAhgEIAA,12/07/2026,,ChIJq2w1VzOrfSERZMc1bYqSjMc
Whitsundays Excursion Maurice speedboat,activites,excursions,"MU, Coastal road, Cap Malheureux 31702",+230 5904 3759,https://whitsundaysexcursion.com/,"-19,9857841","57,6064791",https://maps.google.com/?cid=10132217075585819708&g_mp=Cidnb29nbGUubWFwcy5wbGFjZXMudjEuUGxhY2VzLlNlYXJjaFRleHQQAhgEIAA,12/07/2026,,ChIJYxMAV6GrfSERPKRwWb_dnIw
Paradisio excursions ile maurice,activites,excursions,"MU, Subash Chandra Bose St, Port Louis 20101",+230 5766 1628,,"-20,1372643","57,5251708",https://maps.google.com/?cid=13159390187989488665&g_mp=Cidnb29nbGUubWFwcy5wbGFjZXMudjEuUGxhY2VzLlNlYXJjaFRleHQQAhgEIAA,12/07/2026,,ChIJpT7SPstRfCERGdTfj6eLn7Y
Sea Serenity Mauritius,activites,excursions,"MU, La Résidence, La Residence, Royal Road, Cap Malheureux 31702",+230 5517 7600,http://www.seaserenity-mauritius.com/,"-19,9864422","57,5986003",https://maps.google.com/?cid=7450020903422350564&g_mp=Cidnb29nbGUubWFwcy5wbGFjZXMudjEuUGxhY2VzLlNlYXJjaFRleHQQAhgEIAA,12/07/2026,,ChIJS8GcA_WrfSER5FS5LYrKY2c
PureFive Tours- Mauritius,activites,excursions,Grand Baie,+230 5703 5500,,"-20,0038207","57,5953827",https://maps.google.com/?cid=6505599637527818126&g_mp=Cidnb29nbGUubWFwcy5wbGFjZXMudjEuUGxhY2VzLlNlYXJjaFRleHQQAhgEIAA,12/07/2026,,ChIJPw8AZgCrfSERjm_B9WaISFo
Blue Safari Catamaran - Grand Baie (Northern Islands),activites,excursions,"Sunset Boulevard, 2 coastal road, Grand Baie",+230 265 7272,https://blue-safari.com/catamaran/?gad_source=1&gad_campaignid=21218833377&gbraid=0AAAAAqYpj-KwZfDhs8gq656_hJXS4mjYC&gclid=Cj0KCQjww4TGBhCKARIsAFLXndQyEWJEmIRWURskSv8-iAqSLyp2xFxyffKd2qWf7IVE4TEsM7av44YaAo-hEALw_wcB#northactivity,"-20,0131496","57,5837738",https://maps.google.com/?cid=8681168533616269130&g_mp=Cidnb29nbGUubWFwcy5wbGFjZXMudjEuUGxhY2VzLlNlYXJjaFRleHQQAhgEIAA,12/07/2026,,ChIJ38WYeQCrfSERShd_Wcm0eXg
Blue Safari,activites,excursions,"Coastal Road (Near Le Pascatore B36, Trou-aux-Biches",+230 265 7272,https://blue-safari.com/,"-20,0254045","57,5506847",https://maps.google.com/?cid=15105766230606450722&g_mp=Cidnb29nbGUubWFwcy5wbGFjZXMudjEuUGxhY2VzLlNlYXJjaFRleHQQAhgEIAA,12/07/2026,,ChIJF1vJ8Z-sfSERIpBjW1p2otE
Catamaran and speed boat 2 northern islands,activites,excursions,"XHQM+6PP, Grand Baie",+230 5934 7511,,"-20,0119094","57,5843313",https://maps.google.com/?cid=12705815889848589881&g_mp=Cidnb29nbGUubWFwcy5wbGFjZXMudjEuUGxhY2VzLlNlYXJjaFRleHQQAhgEIAA,12/07/2026,,ChIJJ45VEaqrfSEROV7wxzsgVLA
Croisières Australes,activites,excursions,"Blue Safari, Coastal Road, Trou-aux-Biches",+230 265 7272,http://www.blue-safari.com/catamaran/,"-20,0254557","57,5507992",https://maps.google.com/?cid=8306036667803277646&g_mp=Cidnb29nbGUubWFwcy5wbGFjZXMudjEuUGxhY2VzLlNlYXJjaFRleHQQAhgEIAA,12/07/2026,,ChIJ4QAViaCrfSERTpnIk1f4RHM
King Cruise Catamaran Grand Baie,activites,excursions,"Plage publique, Grand Baie",+230 5948 6910,https://www.facebook.com/Yeshkiashphoto?mibextid=uzlsIk,"-20,0128751","57,5840435",https://maps.google.com/?cid=15553480143302859953&g_mp=Cidnb29nbGUubWFwcy5wbGFjZXMudjEuUGxhY2VzLlNlYXJjaFRleHQQAhgEIAA,12/07/2026,,ChIJM9S52xOrfSERsZyo0sgP2dc
Seabob Mauritius,activites,excursions,"Départ du ponton sunset face au restaurant, La Kaza, Grand Baie",+230 5253 6704,http://www.seabob.mu/,"-20,0143029","57,5835717",https://maps.google.com/?cid=8287552743152804015&g_mp=Cidnb29nbGUubWFwcy5wbGFjZXMudjEuUGxhY2VzLlNlYXJjaFRleHQQAhgEIAA,12/07/2026,,ChIJ4bSuPAmrfSERr-DvgE9NA3M
Nauti Buoy Mauritius,activites,excursions,"MU, Cap Malheureux 31706",+230 5770 1684,https://www.facebook.com/share/1Do9nuPP2n/,"-19,9865975","57,6219534",https://maps.google.com/?cid=12860958270475419413&g_mp=Cidnb29nbGUubWFwcy5wbGFjZXMudjEuUGxhY2VzLlNlYXJjaFRleHQQAhgEIAA,12/07/2026,,ChIJ1Tiq76WrfSERFT_PHmhNe7I
L'Indien Private Speedboat Trips,activites,excursions,"MU, Costal Road, Grand Baie 30510",+230 5252 8475,,"-20,0126913","57,5841167",https://maps.google.com/?cid=9508762275287348757&g_mp=Cidnb29nbGUubWFwcy5wbGFjZXMudjEuUGxhY2VzLlNlYXJjaFRleHQQAhgEIAA,12/07/2026,,ChIJ9a7i3XKrfSERFTYj6Ojo9YM
Zolil ~ tour operator di Autentica Avventura,activites,excursions,"Round About Lower Vale, M2 The Vale MU, Grand Baie 31301",+230 5737 6570,https://zolil.it/,"-20,033134","57,5910402",https://maps.google.com/?cid=16694265997180305989&g_mp=Cidnb29nbGUubWFwcy5wbGFjZXMudjEuUGxhY2VzLlNlYXJjaFRleHQQAhgEIAA,12/07/2026,,ChIJzc8uXJarfSERRYLQc3nyrec
Reyaz Tour Guide LTD,activites,excursions,"Royal road, Grand Baie",+230 5756 5050,,"-20,0096711","57,5821612",https://maps.google.com/?cid=3122751470243881113&g_mp=Cidnb29nbGUubWFwcy5wbGFjZXMudjEuUGxhY2VzLlNlYXJjaFRleHQQAhgEIAA,12/07/2026,,ChIJm0gD66WrfSERmSC3yeo9Vis
Ebrahim Tours,activites,excursions,"Royal Road, Grand Baie",+230 5745 0101,https://www.ebrahimtours.mu/,"-20,0128327","57,5846044",https://maps.google.com/?cid=217784278032965291&g_mp=Cidnb29nbGUubWFwcy5wbGFjZXMudjEuUGxhY2VzLlNlYXJjaFRleHQQAhgEIAA,12/07/2026,,ChIJ52l-HHOrfSERq97RoaW5BQM
Respect Water Sports,activites,excursions,"MU, Public beach, Grand Baie 30510",+230 5477 6706,,"-20,0094952","57,5553982",https://maps.google.com/?cid=14294854339413196145&g_mp=Cidnb29nbGUubWFwcy5wbGFjZXMudjEuUGxhY2VzLlNlYXJjaFRleHQQAhgEIAA,12/07/2026,,ChIJfSpotSyrfSERcb2syEiGYcY
CALYPSO,activites,excursions,"XHPM+PCX, Grand Baie",+230 5759 2318,https://m.facebook.com/pg/apsaraieltd/about/,"-20,0131418","57,5836175",https://maps.google.com/?cid=8258215722820677415&g_mp=Cidnb29nbGUubWFwcy5wbGFjZXMudjEuUGxhY2VzLlNlYXJjaFRleHQQAhgEIAA,12/07/2026,,ChIJY49Zhg2rfSERJ69FLXITm3I
VAVA VOOM CRUISE,activites,excursions,"B35, Pointe aux Piments",+230 5255 0750,https://www.vava-voom-cruise.com/?,"-20,0701896","57,5224415",https://maps.google.com/?cid=15816291383353612470&g_mp=Cidnb29nbGUubWFwcy5wbGFjZXMudjEuUGxhY2VzLlNlYXJjaFRleHQQAhgEIAA,12/07/2026,,ChIJtVzLz8BTfCERthjdADfBfts
Predator Cruiser,activites,excursions,"Route Royale, Grand Baie 30510",+230 5927 7109,http://www.predatorcruiser.com/,"-20,0150967","57,5715728",https://maps.google.com/?cid=7148306089398849181&g_mp=Cidnb29nbGUubWFwcy5wbGFjZXMudjEuUGxhY2VzLlNlYXJjaFRleHQQAhgEIAA,12/07/2026,,ChIJ6XmJvHOrfSERnU5h1IPiM2M
Ocean Whisper Mauritius,activites,excursions,"Cap Malheureux MU, Public Beach, Port Louis 31701",+230 5859 9545,,"-19,9869148","57,6217107",https://maps.google.com/?cid=2190013228737853139&g_mp=Cidnb29nbGUubWFwcy5wbGFjZXMudjEuUGxhY2VzLlNlYXJjaFRleHQQAhgEIAA,12/07/2026,,ChIJSTgzAU2rfSER03ZTqG19ZB4
Mauritius Island Tours & Rentals,activites,excursions,"WGQW+CVG, Triolet",+230 5794 5952,http://www.mauritiusislandtour.com/,"-20,0612739","57,5469071",https://maps.google.com/?cid=13655625624220678825&g_mp=Cidnb29nbGUubWFwcy5wbGFjZXMudjEuUGxhY2VzLlNlYXJjaFRleHQQAhgEIAA,12/07/2026,,ChIJfyvLAABTfCERqTpllSeHgr0
Nobin Tour Opérateur & Transferts a l'île Maurice & les îles dans l'océan Indien,activites,excursions,Cap Malheureux,+230 5779 0088,https://g.co/kgs/zLXYXMC,"-19,9878143","57,6154165",https://maps.google.com/?cid=4761510616715283975&g_mp=Cidnb29nbGUubWFwcy5wbGFjZXMudjEuUGxhY2VzLlNlYXJjaFRleHQQAhgEIAA,12/07/2026,,ChIJA-juv4irfSERB86Qp61IFEI
Monalysa Holidays & Tour Operator,activites,excursions,"Route La Salette, Face Village Hall B11, Grand Baie",+230 5937 7750,http://monalysaholidays.com/,"-20,0131024","57,5858",https://maps.google.com/?cid=16358540185538023160&g_mp=Cidnb29nbGUubWFwcy5wbGFjZXMudjEuUGxhY2VzLlNlYXJjaFRleHQQAhgEIAA,12/07/2026,,ChIJN8Z0YgirfSER-E7yoqA1BeM
Lune d'Or - Souben Cunee,activites,excursions,"Plage de, Grand Baie",+230 5477 5634,https://lune-dor-souben-cunee.odoo.com/,"-19,9853574","57,6068548",https://maps.google.com/?cid=7221371989754606062&g_mp=Cidnb29nbGUubWFwcy5wbGFjZXMudjEuUGxhY2VzLlNlYXJjaFRleHQQAhgEIAA,12/07/2026,,ChIJr6JSRuGrfSER7nFHcJB3N2Q
ISA MAURITIUS Kalodyne Mauritius,activites,excursions,"WESTEND MU, 1 COASTAL RD, Calodyne 31703",+230 5788 8878,https://isa-mauritius.com/,"-20,0098906","57,6448722",https://maps.google.com/?cid=2037970756321901357&g_mp=Cidnb29nbGUubWFwcy5wbGFjZXMudjEuUGxhY2VzLlNlYXJjaFRleHQQAhgEIAA,12/07/2026,,ChIJwaQ8OvwBfSERLXsz8ZpTSBw
Flora And Marina Tours,activites,excursions,"WGM9+PRF, B35, Pointe aux Piments",+230 261 2201,,"-20,0656844","57,5195444",https://maps.google.com/?cid=18345040479065059465&g_mp=Cidnb29nbGUubWFwcy5wbGFjZXMudjEuUGxhY2VzLlNlYXJjaFRleHQQAhgEIAA,12/07/2026,,ChIJqbiCqBBTfCERibDVmB6tlv4
Séjour Maurice,activites,excursions,"Route Royale MU, Domaine Mont Calme, Tamarin 90905",+230 5828 8685,https://www.sejour-maurice.com/,"-20,3402854","57,3653919",https://maps.google.com/?cid=14329974607203085552&g_mp=Cidnb29nbGUubWFwcy5wbGFjZXMudjEuUGxhY2VzLlNlYXJjaFRleHQQAhgEIAA,12/07/2026,,ChIJz3qhgSP5BgYR8Cy1VvtL3sY
Your Island Voyage Mauritius,activites,excursions,"Mauritius Cap Malheureux MU, Church, Beach 31711",+230 5750 7309,http://www.islandvoyages.mu/,"-19,986269","57,6234279",https://maps.google.com/?cid=3037432335097595781&g_mp=Cidnb29nbGUubWFwcy5wbGFjZXMudjEuUGxhY2VzLlNlYXJjaFRleHQQAhgEIAA,12/07/2026,,ChIJy6mkGACrfSERhQfHop0gJyo
Excursion Ile Maurice,activites,excursions,St Pierre,+230 5940 1000,http://www.excursionilemaurice.com/,"-20,218056","57,533462",https://maps.google.com/?cid=17833956139558861632&g_mp=Cidnb29nbGUubWFwcy5wbGFjZXMudjEuUGxhY2VzLlNlYXJjaFRleHQQAhgEIAA,12/07/2026,,ChIJyaqqqg1afCERQHtN3p7wfvc
Catamaran Gabriel Island Cruise Mauritius,activites,excursions,"32 Chem. Vingt Pieds, Grand Baie",+230 5254 7733,https://mauritiusgabriel.com/,"-20,018328","57,5855851",https://maps.google.com/?cid=4210248055573893249&g_mp=Cidnb29nbGUubWFwcy5wbGFjZXMudjEuUGxhY2VzLlNlYXJjaFRleHQQAhgEIAA,12/07/2026,,ChIJUVsHoQ-rfSERgdDCuEzObTo
Jardin Endémique et Animalier de Cap,activites,parcs-animaliers,"2J79+4MP, Cap Malheureux",+230 269 1800,https://animalierducap.mu/fr/,"-19,9873661","57,6198216",https://maps.google.com/?cid=11139906016399573458&g_mp=Cidnb29nbGUubWFwcy5wbGFjZXMudjEuUGxhY2VzLlNlYXJjaFRleHQQAhgEIAA,12/07/2026,,ChIJNY_mdQCrfSER0sG7CoDlmJo
Casela Nature Parks | Ile Maurice,activites,parcs-animaliers,"Royal Road, Cascavelle",+230 401 6500,https://caselaparks.com/,"-20,2908068","57,4040382",https://maps.google.com/?cid=1896914440360566696&g_mp=Cidnb29nbGUubWFwcy5wbGFjZXMudjEuUGxhY2VzLlNlYXJjaFRleHQQAhgEIAA,12/07/2026,,ChIJnyzvaKNDfCERqB8AG6IxUxo
Bel Ombre Nature Reserve,activites,parcs-animaliers,"MU, B9, Royal Road, Bel Ombre 61002",+230 660 7400,https://www.belombrenaturereserve.com/,"-20,5009963","57,4406611",https://maps.google.com/?cid=4618207020799967892&g_mp=Cidnb29nbGUubWFwcy5wbGFjZXMudjEuUGxhY2VzLlNlYXJjaFRleHQQAhgEIAA,12/07/2026,,ChIJ_yFglzVufCERlEL_LdEqF0A
Safari Adventures,activites,parcs-animaliers,"c/o Casela World of Adventures, Royal Road, Cascavelle, Black River 90204",+230 452 5546,http://www.safari-adventures-mauritius.com/,"-20,290437","57,40318",https://maps.google.com/?cid=10500487084504310185&g_mp=Cidnb29nbGUubWFwcy5wbGFjZXMudjEuUGxhY2VzLlNlYXJjaFRleHQQAhgEIAA,12/07/2026,,ChIJCX_gcqJDfCERqeF0kF45uZE
La Vanille Nature Park,activites,parcs-animaliers,"SENNEVILLE, Riviere des Anguilles, Riviere des Anguilles 60602",+230 626 2503,http://www.lavanillenaturepark.com/,"-20,4992338","57,563272",https://maps.google.com/?cid=6639309134932929292&g_mp=Cidnb29nbGUubWFwcy5wbGFjZXMudjEuUGxhY2VzLlNlYXJjaFRleHQQAhgEIAA,12/07/2026,,ChIJ9XjfW4VjfCERDOuuTXuQI1w
Tulawaka Gold Coaster,activites,parcs-animaliers,"PC44+3Q, Cascavelle",,,"-20,2948","57,406921",https://maps.google.com/?cid=11107457678870228914&g_mp=Cidnb29nbGUubWFwcy5wbGFjZXMudjEuUGxhY2VzLlNlYXJjaFRleHQQAhgEIAA,12/07/2026,,ChIJr4_OxuNDfCERsq--uuidJZo
La Vallée de Ferney,activites,parcs-animaliers,"B28, Vieux Grand Port, Mahébourg",+230 660 1937,https://www.ferney.mu/,"-20,3625775","57,7064693",https://maps.google.com/?cid=16831002003580644000&g_mp=Cidnb29nbGUubWFwcy5wbGFjZXMudjEuUGxhY2VzLlNlYXJjaFRleHQQAhgEIAA,12/07/2026,,ChIJYZum0Vn0fCERoOpP1SW7k-k
Parc national de Bras d'Eau,activites,parcs-animaliers,Maurice,+230 410 0413,https://npcs.govmu.org/Pages/National%20Parks/Bras-D'Eau.aspx,"-20,1365566","57,7331934",https://maps.google.com/?cid=5686250068587104788&g_mp=Cidnb29nbGUubWFwcy5wbGFjZXMudjEuUGxhY2VzLlNlYXJjaFRleHQQAhgEIAA,12/07/2026,,ChIJIenCZaL-fCERFMosck-e6U4
Île aux Aigrettes,activites,parcs-animaliers,"HPHM+X4V, Mahébourg",,https://www.mauritian-wildlife.org/Ileauxaigrettes,"-20,42","57,7328",https://maps.google.com/?cid=17265304687587383122&g_mp=Cidnb29nbGUubWFwcy5wbGFjZXMudjEuUGxhY2VzLlNlYXJjaFRleHQQAhgEIAA,12/07/2026,,ChIJG9XLujKLfCERUleISiOvmu8
Jardin botanique Sir Seewoosagur Ramgoolam,activites,parcs-animaliers,"John Kennedy St, Pamplemousses",+230 243 9401,http://ssrbg.govmu.org/,"-20,1070516","57,5797065",https://maps.google.com/?cid=12903162337128428707&g_mp=Cidnb29nbGUubWFwcy5wbGFjZXMudjEuUGxhY2VzLlNlYXJjaFRleHQQAhgEIAA,12/07/2026,,ChIJB0u1o0NUfCERozS9H8g9EbM
Odysseo- oceanarium (Mauritius) LTD,activites,parcs-animaliers,"Harbour Waterfront, Port Louis",+230 659 8000,http://www.odysseomauritius.com/,"-20,1593375","57,4951185",https://maps.google.com/?cid=11892312277627127089&g_mp=Cidnb29nbGUubWFwcy5wbGFjZXMudjEuUGxhY2VzLlNlYXJjaFRleHQQAhgEIAA,12/07/2026,,ChIJKWUiqmRRfCERMUX7IQL7CaU
Rivulet Terre Rouge Estuary Bird Sanctuary,activites,parcs-animaliers,"VG53+C6V, Port Louis",+230 217 2886,,"-20,1413875","57,5030394",https://maps.google.com/?cid=2933024507326757967&g_mp=Cidnb29nbGUubWFwcy5wbGFjZXMudjEuUGxhY2VzLlNlYXJjaFRleHQQAhgEIAA,12/07/2026,,ChIJK-Y7_aFRfCERT_y55D8ytCg
Parc national des gorges de Rivière Noire,activites,parcs-animaliers,B103 - Plaine Champagne Road,+230 464 4053,https://mauritiusattractions.com/black-river-gorges-national-park-p-1314.html,"-20,4263719","57,4509443",https://maps.google.com/?cid=13020248915911721534&g_mp=Cidnb29nbGUubWFwcy5wbGFjZXMudjEuUGxhY2VzLlNlYXJjaFRleHQQAhgEIAA,12/07/2026,,ChIJt8DLt5hofCERPkIVoGc3sbQ
Big Foot Adventure,activites,parcs-animaliers,"Union Ducray. Rivière des Anguilles, Savanne",+230 5250 7906,https://www.bigfootadventure.net/,"-20,5081742","57,5446242",https://maps.google.com/?cid=1011489801415386041&g_mp=Cidnb29nbGUubWFwcy5wbGFjZXMudjEuUGxhY2VzLlNlYXJjaFRleHQQAhgEIAA,12/07/2026,,ChIJq-u3lYJkfCERuWNLg52ICQ4
Ebony Forest Chamarel,activites,parcs-animaliers,"Chamarel MU, 90409",+230 460 3030,http://www.ebonyforest.com/,"-20,4376375","57,3738771",https://maps.google.com/?cid=1652038674893556352&g_mp=Cidnb29nbGUubWFwcy5wbGFjZXMudjEuUGxhY2VzLlNlYXJjaFRleHQQAhgEIAA,12/07/2026,,ChIJ-ZqTgAJsfCERgMo8BGw47RY
Explorers Mauritius,activites,parcs-animaliers,"MU, 1 Route Cotiere, Le Morne 91202",+230 5258 4141,http://explorersmauritius.com/,"-20,4461809","57,3421985",https://maps.google.com/?cid=5728882638106505347&g_mp=Cidnb29nbGUubWFwcy5wbGFjZXMudjEuUGxhY2VzLlNlYXJjaFRleHQQAhgEIAA,12/07/2026,,ChIJhRTIK0JsfCERg7A9DGgUgU8
Macchabée Viewpoint,activites,parcs-animaliers,"JC4R+J56, Chamarel",,,"-20,393453","57,4403986",https://maps.google.com/?cid=5644636859790519605&g_mp=Cidnb29nbGUubWFwcy5wbGFjZXMudjEuUGxhY2VzLlNlYXJjaFRleHQQAhgEIAA,12/07/2026,,ChIJ95pinGdofCERNe3jQVHHVU4
Château de Labourdonnais,activites,parcs-animaliers,"Domaine de Labourdonnais Mapou MU, Mapou 31803",+230 266 3007,https://domainedelabourdonnais.com/experience/,"-20,0735467","57,6176141",https://maps.google.com/?cid=15665018490063227325&g_mp=Cidnb29nbGUubWFwcy5wbGFjZXMudjEuUGxhY2VzLlNlYXJjaFRleHQQAhgEIAA,12/07/2026,,ChIJM7h6pjlVfCERvQkl5FFTZdk
Cascade Leon,activites,parcs-animaliers,"GGCC+746, Chamouny",,,"-20,4793396","57,5202599",https://maps.google.com/?cid=11981527901590164804&g_mp=Cidnb29nbGUubWFwcy5wbGFjZXMudjEuUGxhY2VzLlNlYXJjaFRleHQQAhgEIAA,12/07/2026,,ChIJb0NKro1lfCERRJW2SCXwRqY
PAWS,activites,parcs-animaliers,"Panchvati Road, Rivière du Rempart",+230 5838 7660,http://www.pawsmauritius.org/,"-20,0825075","57,6935956",https://maps.google.com/?cid=5859039653366260493&g_mp=Cidnb29nbGUubWFwcy5wbGFjZXMudjEuUGxhY2VzLlNlYXJjaFRleHQQAhgEIAA,12/07/2026,,ChIJj4L8rOn_fCERDePSr4V9T1E
Vallé Advenature Park (formerly La Vallée des Couleurs),activites,parcs-aventures,"B102, Chamouny",+230 660 4477,https://www.vallepark.com/,"-20,457614","57,485178",https://maps.google.com/?cid=17506818047025001243&g_mp=Cidnb29nbGUubWFwcy5wbGFjZXMudjEuUGxhY2VzLlNlYXJjaFRleHQQAhgEIAA,12/07/2026,,ChIJB2bQNAxmfCERG7NSOEK29PI
23 Coloured Earth by Vallé Advenature Park,activites,parcs-aventures,"MU, Mare Anguilles, Chamouny 61303",+230 5292 8841,https://www.vallepark.com/,"-20,45749","57,4851336",https://maps.google.com/?cid=11078538177701092033&g_mp=Cidnb29nbGUubWFwcy5wbGFjZXMudjEuUGxhY2VzLlNlYXJjaFRleHQQAhgEIAA,12/07/2026,,ChIJd8mptQllfCERwRp6qMbfvpk
Lavilleon Adventure Park,activites,parcs-aventures,Chamarel,+230 212 8086,http://www.lavilleonadventurepark.com/,"-20,4500471","57,3729977",https://maps.google.com/?cid=15365758967956028455&g_mp=Cidnb29nbGUubWFwcy5wbGFjZXMudjEuUGxhY2VzLlNlYXJjaFRleHQQAhgEIAA,12/07/2026,,ChIJ-SXeiq5tfCERJ7xKvV4kPtU
Time Twisters - Outdoor Recreational Park,activites,parcs-aventures,"Beau Plateau Road, Cottage",+230 5977 1178,,"-20,0569058","57,6409689",https://maps.google.com/?cid=2294567313203795962&g_mp=Cidnb29nbGUubWFwcy5wbGFjZXMudjEuUGxhY2VzLlNlYXJjaFRleHQQAhgEIAA,12/07/2026,,ChIJC-y3wcyqfSER-he8cNDw1x8
Lokal Adventure,activites,parcs-aventures,"MU, Tamarin Baie de Tamarin, Tamarin 99999",+230 5934 8828,https://lokaladventure.com/,"-20,326921","57,3777289",https://maps.google.com/?cid=1102588889513155864&g_mp=Cidnb29nbGUubWFwcy5wbGFjZXMudjEuUGxhY2VzLlNlYXJjaFRleHQQAhgEIAA,12/07/2026,,ChIJGzXwsKNDfCERGF251MAuTQ8
Yanature,activites,parcs-aventures,"J9R9+R2R, Rivière Noire",+230 5251 4050,http://www.trekkingmauritius.com/,"-20,3578786","57,3675079",https://maps.google.com/?cid=1808060620854314598&g_mp=Cidnb29nbGUubWFwcy5wbGFjZXMudjEuUGxhY2VzLlNlYXJjaFRleHQQAhgEIAA,12/07/2026,,ChIJxSuWkB1qfCERZsZkHo6FFxk
"Solar Sea Walk, Underseawalk Ltd",activites,parcs-aventures,"B13 Grand Gaube Coastal Road, Grand Baie",+230 5253 6961,http://www.solarseawalk.com/,"-20,0099894","57,5830305",https://maps.google.com/?cid=16441129050101705848&g_mp=Cidnb29nbGUubWFwcy5wbGFjZXMudjEuUGxhY2VzLlNlYXJjaFRleHQQAhgEIAA,12/07/2026,,ChIJZ3Ga5AirfSEReOyqIcOfKuQ
Cascade 500 Pieds,activites,parcs-aventures,"HF55+R7, Chamouny",,https://wowmauritius.com/2025/05/29/500-pieds-cascade-mauritius-waterfall/,"-20,4403774","57,4581699",https://maps.google.com/?cid=14077255836492655272&g_mp=Cidnb29nbGUubWFwcy5wbGFjZXMudjEuUGxhY2VzLlNlYXJjaFRleHQQAhgEIAA,12/07/2026,,ChIJDexznmlpfCERqGpwSpl1XMM
Le Chamouzé Restaurant by Vallé Advenature Park,activites,parcs-aventures,Chamouny,+230 660 4477,https://www.vallepark.com/,"-20,4600178","57,4870915",https://maps.google.com/?cid=8525446929586443673&g_mp=Cidnb29nbGUubWFwcy5wbGFjZXMudjEuUGxhY2VzLlNlYXJjaFRleHQQAhgEIAA,12/07/2026,,ChIJaeU3TcBlfCERmdVxDdB4UHY
Ile aux Cerfs,activites,parcs-aventures,"PRV4+6J, Trou d'Eau Douce",,,"-20,256925","57,806591",https://maps.google.com/?cid=2084351292663239638&g_mp=Cidnb29nbGUubWFwcy5wbGFjZXMudjEuUGxhY2VzLlNlYXJjaFRleHQQAhgEIAA,12/07/2026,,ChIJyaIyXQD7fCER1pNREnUa7Rw
La Terre des 7 Couleurs,activites,parcs-aventures,"7 Colored Earth Road, Chamarel",+230 483 4298,https://www.chamarel7colouredearth.com/,"-20,4400767","57,3731676",https://maps.google.com/?cid=4568737335768181461&g_mp=Cidnb29nbGUubWFwcy5wbGFjZXMudjEuUGxhY2VzLlNlYXJjaFRleHQQAhgEIAA,12/07/2026,,ChIJOSVA3qdufCER1eqGkmZqZz8
Ile Aux Cerfs Leisure Island,activites,parcs-aventures,"PRG3+V6J Pointe Maurice, Trou d'Eau Douce",+230 402 7720,http://www.ileauxcerfsleisureisland.com/,"-20,2727844","57,8030272",https://maps.google.com/?cid=9959686471443391219&g_mp=Cidnb29nbGUubWFwcy5wbGFjZXMudjEuUGxhY2VzLlNlYXJjaFRleHQQAhgEIAA,12/07/2026,,ChIJ_8vgtXTwfCER86KlvBPqN4o
Alexandra Falls,activites,parcs-aventures,30 Old Moka Rd,+230 464 4053,,"-20,433764","57,4577934",https://maps.google.com/?cid=17159156839569989002&g_mp=Cidnb29nbGUubWFwcy5wbGFjZXMudjEuUGxhY2VzLlNlYXJjaFRleHQQAhgEIAA,12/07/2026,,ChIJAZOciKZofCERip3IgzuSIe4
Plage de Pereybere,activites,parcs-aventures,"2H4R+G64, Grand Baie",,,"-19,9937378","57,5905637",https://maps.google.com/?cid=6796932342618483064&g_mp=Cidnb29nbGUubWFwcy5wbGFjZXMudjEuUGxhY2VzLlNlYXJjaFRleHQQAhgEIAA,12/07/2026,,ChIJ9SxRMgCrfSEReGkjNPSNU14
Bazar De Grand Baie,activites,parcs-aventures,"XHRP+2GH, chemin bazaar, Grand Baie 30502",+230 5772 6615,,"-20,0101972","57,5864579",https://maps.google.com/?cid=2894149536143178184&g_mp=Cidnb29nbGUubWFwcy5wbGFjZXMudjEuUGxhY2VzLlNlYXJjaFRleHQQAhgEIAA,12/07/2026,,ChIJc1xxiqerfSERyPmsVKsVKig
Pieter Both,activites,parcs-aventures,"RH44+GF2, Port Louis",,,"-20,1937406","57,5561285",https://maps.google.com/?cid=17255982006414928258&g_mp=Cidnb29nbGUubWFwcy5wbGFjZXMudjEuUGxhY2VzLlNlYXJjaFRleHQQAhgEIAA,12/07/2026,,ChIJifTSbDVXfCERgunkbjWQee8
Cascade Chamouzé,activites,parcs-aventures,"Unnamed Road, Plaine Champagne, GFQP+XQR, Chamouny",,,"-20,460002","57,48689",https://maps.google.com/?cid=11891438260264592475&g_mp=Cidnb29nbGUubWFwcy5wbGFjZXMudjEuUGxhY2VzLlNlYXJjaFRleHQQAhgEIAA,12/07/2026,,ChIJN3n8Pn5lfCERW2SPGxjgBqU
Otentic Eco Tent Experience,activites,parcs-aventures,"Coastal Road, Deux Freres, Grand River South East",+230 5941 4888,http://www.otentic.mu/,"-20,2868785","57,7779502",https://maps.google.com/?cid=13006564831250805126&g_mp=Cidnb29nbGUubWFwcy5wbGFjZXMudjEuUGxhY2VzLlNlYXJjaFRleHQQAhgEIAA,12/07/2026,,ChIJRRS9ifbwfCERhvHKYs2ZgLQ
Cascade de Chamarel,activites,parcs-aventures,"H94P+P86, Chamarel",+230 483 4298,https://www.chamarel7colouredearth.com/,"-20,4432218","57,3857787",https://maps.google.com/?cid=5944076051794818186&g_mp=Cidnb29nbGUubWFwcy5wbGFjZXMudjEuUGxhY2VzLlNlYXJjaFRleHQQAhgEIAA,12/07/2026,,ChIJbzVmhbpufCERivQiEa2ZfVI
Mauritius Attractions,activites,parcs-aventures,"The Octopus Building, 30510 Royal Rd, Pointe aux Canonniers",+230 269 1000,https://tantulika27.wixsite.com/tours/mauritius,"-20,0699488","57,5491497",https://maps.google.com/?cid=2245916703703746791&g_mp=Cidnb29nbGUubWFwcy5wbGFjZXMudjEuUGxhY2VzLlNlYXJjaFRleHQQAhgEIAA,12/07/2026,,ChIJETh_8nGrfSER58hgt1cZKx8
Skydive Mauritius,activites,parcs-aventures,"Skydive Road Z.I MU, Sugar Estate (Airstrip, Riviere du Rempart 30107",+230 5499 5551,https://tantulika1.wixsite.com/tour/mauritius,"-20,1241283","57,6841354",https://maps.google.com/?cid=16731752351990703077&g_mp=Cidnb29nbGUubWFwcy5wbGFjZXMudjEuUGxhY2VzLlNlYXJjaFRleHQQAhgEIAA,12/07/2026,,ChIJUUB-XAP_fCER5WM2kh0gM-g
Notre-Dame Auxiliatrice de Cap Malheureux,activites,parcs-aventures,"2J7C+8VX, Cap Malheureux",+230 208 3068,http://www.dioceseportlouis.org/index.php?option=com_content&task=view&id=42&Itemid=29,"-19,9866358","57,6222496",https://maps.google.com/?cid=15513762636178040156&g_mp=Cidnb29nbGUubWFwcy5wbGFjZXMudjEuUGxhY2VzLlNlYXJjaFRleHQQAhgEIAA,12/07/2026,,ChIJQTut9heqfSERXKUeE-z0S9c
Mauricia Beachcomber Resort & Spa,activites,parcs-aventures,"MU, Royal Road, Grand Baie 30512",+230 209 1100,https://www.beachcomber-hotels.com/en/hotel/mauricia-beachcomber,"-20,0093006","57,5799494",https://maps.google.com/?cid=9553554589427230571&g_mp=Cidnb29nbGUubWFwcy5wbGFjZXMudjEuUGxhY2VzLlNlYXJjaFRleHQQAhgEIAA,12/07/2026,,ChIJS7-h1qCrfSERa-ccPUgLlYQ
RM GRAND BAIE,activites,complexes-sportifs,"WJV7+7J8, Healthscape Forbach Rivière du Rempart, 31001",+230 267 1440,https://www.rmclub.mu/,"-20,0568375","57,6140781",https://maps.google.com/?cid=2905513811244811663&g_mp=Cidnb29nbGUubWFwcy5wbGFjZXMudjEuUGxhY2VzLlNlYXJjaFRleHQQAhgEIAA,12/07/2026,,ChIJ03r4hg-rfSERjwU90Wp1Uig
Urban Sport Grand Baie,activites,complexes-sportifs,"MU, Chem. Vingt Pieds, Grand Baie 30532",+230 5944 9474,http://www.urbansport.mu/,"-20,0114278","57,5984873",https://maps.google.com/?cid=1483901692224181673&g_mp=Cidnb29nbGUubWFwcy5wbGFjZXMudjEuUGxhY2VzLlNlYXJjaFRleHQQAhgEIAA,12/07/2026,,ChIJ36MmxFyrfSERqZWfHrrglxQ
Shape Sport Club,activites,complexes-sportifs,"MU, Sottise Rd, Grand Baie 30550",+230 263 6640,,"-20,0189158","57,5797277",https://maps.google.com/?cid=8042978514769076914&g_mp=Cidnb29nbGUubWFwcy5wbGFjZXMudjEuUGxhY2VzLlNlYXJjaFRleHQQAhgEIAA,12/07/2026,,ChIJh9OljQ2rfSERsuLofFhmnm8
Ennoia Grand - Baie,activites,complexes-sportifs,"La Croisette, Prom. des Artistes, Grand Baie",+230 269 4200,https://www.ennoia.club/,"-20,0224492","57,5770075",https://maps.google.com/?cid=17747932811667300997&g_mp=Cidnb29nbGUubWFwcy5wbGFjZXMudjEuUGxhY2VzLlNlYXJjaFRleHQQAhgEIAA,12/07/2026,,ChIJgWNxHm2rfSERheLtENxSTfY
Moka Rangers Sports Club,activites,complexes-sportifs,"QGCC+H3, Moka 80829",+230 433 8666,http://mokarangers.mu/,"-20,228507","57,520173",https://maps.google.com/?cid=11940382599814663975&g_mp=Cidnb29nbGUubWFwcy5wbGFjZXMudjEuUGxhY2VzLlNlYXJjaFRleHQQAhgEIAA,12/07/2026,,ChIJ3-GMBQBbfCERJ081MLbCtKU
Isla Padel Grand Baie,activites,complexes-sportifs,"MU, La Croisette, Prom. des Artistes, Grand Baie 30525",+230 5741 1112,https://islapadel.mu/,"-20,0221543","57,5777735",https://maps.google.com/?cid=1988431656985338374&g_mp=Cidnb29nbGUubWFwcy5wbGFjZXMudjEuUGxhY2VzLlNlYXJjaFRleHQQAhgEIAA,12/07/2026,,ChIJhf12bfirfSERBqLAjg5UmBs
CrossFit Grand Baie,activites,complexes-sportifs,"The Vale MU, Motorway M2, Grand Baie 31301",+230 5258 3643,https://www.crossfitgrandbaie.com/,"-20,0329163","57,5901603",https://maps.google.com/?cid=6261528995627433119&g_mp=Cidnb29nbGUubWFwcy5wbGFjZXMudjEuUGxhY2VzLlNlYXJjaFRleHQQAhgEIAA,12/07/2026,,ChIJ97ZUbg-rfSERn3wuT3Jr5VY
Grand Baie Gym Hydro Spa,activites,complexes-sportifs,"X Club Road Grand Bay, Mauritius, XHR8+6QV, Rte Cotière, Grand Baie",+230 263 9290,http://grandbaiegymandspa.com/,"-20,0093828","57,5669265",https://maps.google.com/?cid=1159457359124069430&g_mp=Cidnb29nbGUubWFwcy5wbGFjZXMudjEuUGxhY2VzLlNlYXJjaFRleHQQAhgEIAA,12/07/2026,,ChIJG6RdAHerfSERNnzNNlM4FxA
Gymac Ltd,activites,complexes-sportifs,"Iqbal Road, Grand Baie",+230 5453 4249,https://gymac.ltd/,"-20,0173732","57,5797004",https://maps.google.com/?cid=15837390913857277309&g_mp=Cidnb29nbGUubWFwcy5wbGFjZXMudjEuUGxhY2VzLlNlYXJjaFRleHQQAhgEIAA,12/07/2026,,ChIJr97p2RyrfSERfU12RSC3yds
City Sport Grand Baie,activites,complexes-sportifs,"MU, Coeur de Ville, Grand Baie 90406",+230 263 3226,,"-20,0122315","57,5872783",https://maps.google.com/?cid=2464769298858570927&g_mp=Cidnb29nbGUubWFwcy5wbGFjZXMudjEuUGxhY2VzLlNlYXJjaFRleHQQAhgEIAA,12/07/2026,,ChIJUauxf3yrfSERr_TAT56eNCI
Rivage Doré Pilates,activites,complexes-sportifs,"2J27+53, Grand Baie",+230 5255 5738,http://www.rivagedorepilates.com/,"-19,9995825","57,6126886",https://maps.google.com/?cid=2181794017113020854&g_mp=Cidnb29nbGUubWFwcy5wbGFjZXMudjEuUGxhY2VzLlNlYXJjaFRleHQQAhgEIAA,12/07/2026,,ChIJX9J0NQCrfSERthkYUxlKRx4
Basketball playground Grand Baie,activites,complexes-sportifs,"XHVJ+Q9R, Grand Baie",,,"-20,0055185","57,5808789",https://maps.google.com/?cid=14565623040983549265&g_mp=Cidnb29nbGUubWFwcy5wbGFjZXMudjEuUGxhY2VzLlNlYXJjaFRleHQQAhgEIAA,12/07/2026,,ChIJLz8XiOmrfSERUcUR2vt8I8o
La Croisette,activites,complexes-sportifs,"MU, Chem. Vingt Pieds, Grand Baie 30517",+230 209 2000,http://gblc.mu/,"-20,0219739","57,5787883",https://maps.google.com/?cid=18094724993469196491&g_mp=Cidnb29nbGUubWFwcy5wbGFjZXMudjEuUGxhY2VzLlNlYXJjaFRleHQQAhgEIAA,12/07/2026,,ChIJNSIf9RGrfSERyygd-IJgHfs
Energia Mauritius,activites,complexes-sportifs,"Coastal Road, Grand Baie",,https://energia.mu/,"-20,0026864","57,5546221",https://maps.google.com/?cid=589239171270606077&g_mp=Cidnb29nbGUubWFwcy5wbGFjZXMudjEuUGxhY2VzLlNlYXJjaFRleHQQAhgEIAA,12/07/2026,,ChIJnSfZNRqrfSER_XxUg-dlLQg
Centre Sport Nautique Ltee,activites,sports-nautiques,"Route Royale, Grand Baie",+230 263 8017,http://www.centrenautique.com/,"-20,0129023","57,5843379",https://maps.google.com/?cid=6349339379895925535&g_mp=Cidnb29nbGUubWFwcy5wbGFjZXMudjEuUGxhY2VzLlNlYXJjaFRleHQQAhgEIAA,12/07/2026,,ChIJAaiDsw6rfSERH3sYmYZiHVg
Islandive,activites,randonnee-trail,"XHMG+9X7, Grand Baie",+230 5971 2856,,"-20,0165083","57,5768209",https://maps.google.com/?cid=3697457454893286808&g_mp=Cidnb29nbGUubWFwcy5wbGFjZXMudjEuUGxhY2VzLlNlYXJjaFRleHQQAhgEIAA,12/07/2026,,ChIJHai50SirfSERmMUIG_cBUDM
Pereybere Beach местные,activites,randonnee-trail,"2H4R+997, Grand Baie",,,"-19,994091","57,590907",https://maps.google.com/?cid=9398680607376591601&g_mp=Cidnb29nbGUubWFwcy5wbGFjZXMudjEuUGxhY2VzLlNlYXJjaFRleHQQAhgEIAA,12/07/2026,,ChIJx4726LarfSER8coIUDfSboI
Taxi Mauritius Tours,activites,randonnee-trail,"Royal Road Grand Bay, Grand Baie 00230",+230 5777 0256,http://www.taximauritiustours.com/,"-20,0093901","57,5827318",https://maps.google.com/?cid=8209468886149154428&g_mp=Cidnb29nbGUubWFwcy5wbGFjZXMudjEuUGxhY2VzLlNlYXJjaFRleHQQAhgEIAA,12/07/2026,,ChIJu5Z9rAmrfSERfMaK0XTk7XE
7 cascade,activites,randonnee-trail,"MF68+25P, Flic en Flac",+230 5483 5420,,"-20,3399108","57,4654447",https://maps.google.com/?cid=11159921699122617574&g_mp=Cidnb29nbGUubWFwcy5wbGFjZXMudjEuUGxhY2VzLlNlYXJjaFRleHQQAhgEIAA,12/07/2026,,ChIJN5nQpcBdfCER5pxgVagB4Jo
Mauritius Guided Tours,activites,randonnee-trail,"MU, Royal Road, Ecroignard 40801",+230 5940 3007,https://mauritiusguidedtours.com/,"-20,2332484","57,7449342",https://maps.google.com/?cid=8203412095017759278&g_mp=Cidnb29nbGUubWFwcy5wbGFjZXMudjEuUGxhY2VzLlNlYXJjaFRleHQQAhgEIAA,12/07/2026,,ChIJ8Yt2eyb7fCERLjKtPdZf2HE
Super Holidays Mauritius,activites,randonnee-trail,"MU, Trou Aux Biches Rd, Trou aux Biches 22321",+230 5250 5321,http://www.superholidaysmauritius.com/,"-20,0371532","57,5468966",https://maps.google.com/?cid=12964198767202724838&g_mp=Cidnb29nbGUubWFwcy5wbGFjZXMudjEuUGxhY2VzLlNlYXJjaFRleHQQAhgEIAA,12/07/2026,,ChIJC5SDS2etfSER5uusbBcW6rM
Island Ease Holidays Mauritius,activites,randonnee-trail,"Lot 137, Morc Levieux MU, Trou-aux-Biches 30525",+230 5914 1515,https://www.islandease.mu/,"-20,0254023","57,5516996",https://maps.google.com/?cid=15345093846425276351&g_mp=Cidnb29nbGUubWFwcy5wbGFjZXMudjEuUGxhY2VzLlNlYXJjaFRleHQQAhgEIAA,12/07/2026,,ChIJ7T05_s-tfSERvw82MY259NQ
Cote D'Azur Travel & Tours,activites,randonnee-trail,"Royal Road, Pereybere 30546",+230 5763 8665,https://www.cotedazurtraveltours.com/,"-19,9943993","57,5916746",https://maps.google.com/?cid=3540030587051400268&g_mp=Cidnb29nbGUubWFwcy5wbGFjZXMudjEuUGxhY2VzLlNlYXJjaFRleHQQAhgEIAA,12/07/2026,,ChIJYSF-lbarfSERTFw3IxC3IDE
Taxi Service Dinan ile maurice,activites,randonnee-trail,"Royal road, Grand Baie",+230 5917 5776,https://www.facebook.com/Taxi-Service-Dinan-1472360512809745/,"-20,008903","57,5817316",https://maps.google.com/?cid=3032691592545608124&g_mp=Cidnb29nbGUubWFwcy5wbGFjZXMudjEuUGxhY2VzLlNlYXJjaFRleHQQAhgEIAA,12/07/2026,,ChIJvapFO2GrfSERvKH-fu9IFio
Top Travel & Tours,activites,randonnee-trail,"B13, Grand Baie",+230 263 4225,,"-19,9937205","57,5920575",https://maps.google.com/?cid=4058551696530941528&g_mp=Cidnb29nbGUubWFwcy5wbGFjZXMudjEuUGxhY2VzLlNlYXJjaFRleHQQAhgEIAA,12/07/2026,,ChIJO29xg3yrfSERWCZJzkPfUjg
Banana Beach Club,activites,randonnee-trail,"Route Royale, Grand Baie",+230 5252 0897,https://www.bananabeachclub.com/,"-20,0099581","57,5831259",https://maps.google.com/?cid=12858547714873342062&g_mp=Cidnb29nbGUubWFwcy5wbGFjZXMudjEuUGxhY2VzLlNlYXJjaFRleHQQAhgEIAA,12/07/2026,,ChIJVVVVVXirfSERbrhv6AS9crI
Kidan tours,activites,randonnee-trail,"XG7W+M77, Trou aux Biches",+230 5253 5855,https://www.facebook.com/KIDAN-TOURS-641577322621371/,"-20,0358808","57,5456335",https://maps.google.com/?cid=322944315205175398&g_mp=Cidnb29nbGUubWFwcy5wbGFjZXMudjEuUGxhY2VzLlNlYXJjaFRleHQQAhgEIAA,12/07/2026,,ChIJY5Ttor-tfSERZkgJxiRUewQ
Vishal Taxi Guide Ile Maurice,activites,randonnee-trail,"MU, Pavillon Road, Cap Malheureux 31704",+230 5984 9944,https://www.vishaltaxiilemaurice.com/,"-19,9916532","57,6184555",https://maps.google.com/?cid=14453227753776183865&g_mp=Cidnb29nbGUubWFwcy5wbGFjZXMudjEuUGxhY2VzLlNlYXJjaFRleHQQAhgEIAA,12/07/2026,,ChIJCS7OGjurfSEROXqlyRAulMg
Just Diving In Mauritius Scuba Diving,activites,randonnee-trail,"B13 Royal Road, Bain Boeuf, Pereybere, Grand Baie",+230 5834 0863,http://www.justdivingmauritius.com/,"-19,9869018","57,603134",https://maps.google.com/?cid=10628860370312640503&g_mp=Cidnb29nbGUubWFwcy5wbGFjZXMudjEuUGxhY2VzLlNlYXJjaFRleHQQAhgEIAA,12/07/2026,,ChIJvbM5jTOqfSER9ze2UzFMgZM
Ratana Travel Agent,activites,randonnee-trail,"MU, Galerie Espace Ocean, Coastal Road, Grand Baie 30510",+230 5475 9104,https://gamma.app/docs/ratanatravelagentcom-vo8pkosovzywutj?mode=doc,"-20,0112882","57,584556",https://maps.google.com/?cid=13814110812568631851&g_mp=Cidnb29nbGUubWFwcy5wbGFjZXMudjEuUGxhY2VzLlNlYXJjaFRleHQQAhgEIAA,12/07/2026,,ChIJ3f87dKKrfSERKzoJ_5eUtb8
Dive Spirit Mauritius,activites,randonnee-trail,"MU, Royal Road, Trou aux Biches 22321",+230 5719 7082,https://divespiritmauritius.com/,"-20,0415931","57,5417211",https://maps.google.com/?cid=12743168454840637600&g_mp=Cidnb29nbGUubWFwcy5wbGFjZXMudjEuUGxhY2VzLlNlYXJjaFRleHQQAhgEIAA,12/07/2026,,ChIJaX6Sm7KsfSERoFi9hzHU2LA
Cap Malheureux,activites,randonnee-trail,"2J7C+CVM, Île",,,"-19,986414","57,6221585",https://maps.google.com/?cid=12733151424255617489&g_mp=Cidnb29nbGUubWFwcy5wbGFjZXMudjEuUGxhY2VzLlNlYXJjaFRleHQQAhgEIAA,12/07/2026,,ChIJ29PoHgBZfCER0ekD2sE9tbA
Sunset Boulevard,activites,randonnee-trail,"Sunset Boulevard, Grand Baie",,,"-20,0133505","57,5839125",https://maps.google.com/?cid=8577640576914899486&g_mp=Cidnb29nbGUubWFwcy5wbGFjZXMudjEuUGxhY2VzLlNlYXJjaFRleHQQAhgEIAA,12/07/2026,,ChIJKbKmBQmrfSERHkL9jajmCXc
Tamil Surya Oudya Sangam Temple,activites,randonnee-trail,"XHMC+XXW, Grand Baie",+230 5772 5432,,"-20,0150179","57,5724526",https://maps.google.com/?cid=10162128145404463679&g_mp=Cidnb29nbGUubWFwcy5wbGFjZXMudjEuUGxhY2VzLlNlYXJjaFRleHQQAhgEIAA,12/07/2026,,ChIJdywxrnOrfSERPwrV_LQhB40
Grand Baie,activites,randonnee-trail,Grand Baie,,,"-20,0089204","57,5816352",https://maps.google.com/?cid=13002079920503578481&g_mp=Cidnb29nbGUubWFwcy5wbGFjZXMudjEuUGxhY2VzLlNlYXJjaFRleHQQAhgEIAA,12/07/2026,,ChIJ2269OXerfSERcd_ausyqcLQ
Clos du Littoral,activites,randonnee-trail,"Sottise Road, Sottise Rd, Grand Baie",+230 263 2216,http://www.evacolittoral.com/,"-20,024059","57,592617",https://maps.google.com/?cid=13877793204047674273&g_mp=Cidnb29nbGUubWFwcy5wbGFjZXMudjEuUGxhY2VzLlNlYXJjaFRleHQQAhgEIAA,12/07/2026,,ChIJuwDHkRurfSERoXuXMWTTl8A
Grand Baie Travel & Tours,activites,randonnee-trail,"Route Royale, Grand Baie",+230 263 8771,,"-20,0152265","57,582275",https://maps.google.com/?cid=6866569456133710834&g_mp=Cidnb29nbGUubWFwcy5wbGFjZXMudjEuUGxhY2VzLlNlYXJjaFRleHQQAhgEIAA,12/07/2026,,ChIJe0CJrQ6rfSER8qNlKor0Sl8
Horizon Big Game Fishing,activites,peche,"B13, Grand Baie",+230 5421 7991,http://mauritiusbiggamefishing.com/,"-20,0137325","57,5836176",https://maps.google.com/?cid=9054963636092622209&g_mp=Cidnb29nbGUubWFwcy5wbGFjZXMudjEuUGxhY2VzLlNlYXJjaFRleHQQAhgEIAA,12/07/2026,,ChIJ43W-FwmrfSERgVVhp3OxqX0
TEMPO FISHING CLUB,activites,peche,"Royale Road, Près de Tamil Temple, Grand Baie",+230 5718 5456,https://tempofishingclub.com/,"-20,0141601","57,5729077",https://maps.google.com/?cid=15086820737702099887&g_mp=Cidnb29nbGUubWFwcy5wbGFjZXMudjEuUGxhY2VzLlNlYXJjaFRleHQQAhgEIAA,12/07/2026,,ChIJu2d1vXOrfSERr_u6DIcnX9E
Le Performant Sport Fishing,activites,peche,"Royal Road Pereybere (Next to Hibiscus hotel, 2H3Q+RR9, Grand Baie",+230 263 0757,,"-19,9954585","57,5895948",https://maps.google.com/?cid=15149950764087072764&g_mp=Cidnb29nbGUubWFwcy5wbGFjZXMudjEuUGxhY2VzLlNlYXJjaFRleHQQAhgEIAA,12/07/2026,,ChIJKfcA07CrfSER_FcRuvNvP9I
Sportfisher,activites,peche,"Sunset Boulevard, Shopping Centre, Grand Baie",+230 265 7272,https://sportfisher.mu/,"-20,013162","57,5836817",https://maps.google.com/?cid=6092260544714924710&g_mp=Cidnb29nbGUubWFwcy5wbGFjZXMudjEuUGxhY2VzLlNlYXJjaFRleHQQAhgEIAA,12/07/2026,,ChIJ3RKmQeSrfSERpmLc7q8OjFQ
Pamplemousses Garden,activites,parcs-botaniques,"VHVH+5V4, Pamplemousses",,,"-20,1071182","57,5797049",https://maps.google.com/?cid=6833054482258986553&g_mp=Cidnb29nbGUubWFwcy5wbGFjZXMudjEuUGxhY2VzLlNlYXJjaFRleHQQAhgEIAA,12/07/2026,,ChIJ84tlvrlVfCEROQbwOdni014
Jardin botanique,activites,parcs-botaniques,"VHRJ+6J4, Pamplemousses",,,"-20,1094972","57,5815892",https://maps.google.com/?cid=11757479127100798013&g_mp=Cidnb29nbGUubWFwcy5wbGFjZXMudjEuUGxhY2VzLlNlYXJjaFRleHQQAhgEIAA,12/07/2026,,ChIJLT13KABVfCERPbTp6Pj0KqM
Étape 1 - Entrée du Parc,activites,parcs-botaniques,"VHWH+FJ9, Pamplemousses",,https://www.ilemaurice.im/jardin-botanique-sir-seewoosagur-ramgoolam-pamplemousses/,"-20,1037732","57,5794289",https://maps.google.com/?cid=3437492756521038618&g_mp=Cidnb29nbGUubWFwcy5wbGFjZXMudjEuUGxhY2VzLlNlYXJjaFRleHQQAhgEIAA,12/07/2026,,ChIJ67EbilxVfCERGjNqDnNttC8
Musée de la Photographie Ile Maurice,activites,culture-patrimoine,"Rue du Vieux Conseil, Port Louis",+230 211 1705,,"-20,164162","57,50356",https://maps.google.com/?cid=4797602915173582617&g_mp=Cidnb29nbGUubWFwcy5wbGFjZXMudjEuUGxhY2VzLlNlYXJjaFRleHQQAhgEIAA,12/07/2026,,ChIJUdqOilRQfCERGcdMvG6ClEI
Frederick Hendrick Museum,activites,culture-patrimoine,"Old Grand Port Luxury Villas, Royal Rd, Vieux Grand Port",+230 634 4319,https://mauritiusmuseums.govmu.org/mauritiusmuseums/?page_id=1822,"-20,3749337","57,7220329",https://maps.google.com/?cid=6474633609593563992&g_mp=Cidnb29nbGUubWFwcy5wbGFjZXMudjEuUGxhY2VzLlNlYXJjaFRleHQQAhgEIAA,12/07/2026,,ChIJsUSEmGL0fCERWCuhvvaE2lk
Aapravasi Ghat World Heritage Site,activites,culture-patrimoine,"RGR3+J6J Ex-DWC Building, 1 Quay St, Port Louis",+230 217 7770,https://aapravasi.govmu.org/aapravasi/,"-20,158554","57,5029509",https://maps.google.com/?cid=2432031886419830476&g_mp=Cidnb29nbGUubWFwcy5wbGFjZXMudjEuUGxhY2VzLlNlYXJjaFRleHQQAhgEIAA,12/07/2026,,ChIJPR5dhatRfCERzCZ6gB1QwCE
Blue Penny Museum,activites,culture-patrimoine,"Dans Caudan Water Front, RFQX+J2C, Port Louis",+230 210 9204,http://www.bluepennymuseum.com/,"-20,1609278","57,497513",https://maps.google.com/?cid=13406589349577051629&g_mp=Cidnb29nbGUubWFwcy5wbGFjZXMudjEuUGxhY2VzLlNlYXJjaFRleHQQAhgEIAA,12/07/2026,,ChIJcU7bsVJQfCER7U0Td_vFDbo
Musée de la Poste Mauricienne,activites,culture-patrimoine,"Port Louis Waterfront, RGR2+2M3, Trunk Road, Port Louis",+230 213 4812,http://www.mauritiuspost.mu/postal-museum,"-20,1599754","57,5016688",https://maps.google.com/?cid=14851587044874062017&g_mp=Cidnb29nbGUubWFwcy5wbGFjZXMudjEuUGxhY2VzLlNlYXJjaFRleHQQAhgEIAA,12/07/2026,,ChIJC32wgKxRfCERwQiD8LpvG84
Musée Intercontinental de l’Esclavage,activites,culture-patrimoine,"RGR2+9VM, Port Louis",+230 214 3608,http://ismmauritiusltd.govmu.org/ism/,"-20,1590301","57,5021829",https://maps.google.com/?cid=17732155474417297107&g_mp=Cidnb29nbGUubWFwcy5wbGFjZXMudjEuUGxhY2VzLlNlYXJjaFRleHQQAhgEIAA,12/07/2026,,ChIJr-OSyKBRfCER0yakenRFFfY
Natural History Museum,activites,culture-patrimoine,"RGP2+PW5, Port Louis",+230 289 2801,,"-20,1632341","57,5023736",https://maps.google.com/?cid=15864869504483348878&g_mp=Cidnb29nbGUubWFwcy5wbGFjZXMudjEuUGxhY2VzLlNlYXJjaFRleHQQAhgEIAA,12/07/2026,,ChIJrXK8YVNQfCERjlGoNsJWK9w
L'Aventure du Sucre,activites,culture-patrimoine,"B18, Pamplemousses 21001",+230 243 7900,https://aventuredusucre.com/fr/,"-20,0979509","57,5743829",https://maps.google.com/?cid=3923403924648274499&g_mp=Cidnb29nbGUubWFwcy5wbGFjZXMudjEuUGxhY2VzLlNlYXJjaFRleHQQAhgEIAA,12/07/2026,,ChIJcVwhUWZUfCERQ6oIFxW7cjY
Musée du coquillage,activites,culture-patrimoine,"Coastal Road Place du Moulin Bel Ombre MU, Bel Ombre 61002",+230 623 7984,http://www.worldofseashells.mu/,"-20,5055819","57,4121544",https://maps.google.com/?cid=16860368417142138141&g_mp=Cidnb29nbGUubWFwcy5wbGFjZXMudjEuUGxhY2VzLlNlYXJjaFRleHQQAhgEIAA,12/07/2026,,ChIJUTBPGNdvfCERHeX4zb4P_Ok
Galerie Francoise Vrot Chane - Cane,activites,culture-patrimoine,"XHJC+R92, Unnamed Road, Grand Baie",+230 263 5118,,"-20,017988","57,5709035",https://maps.google.com/?cid=14354888601035806142&g_mp=Cidnb29nbGUubWFwcy5wbGFjZXMudjEuUGxhY2VzLlNlYXJjaFRleHQQAhgEIAA,12/07/2026,,ChIJFx-X1gmrfSERvhULjyDPNsc
Grand Bay Coeur de Ville,activites,malls-shopping,"XHPP+RV, Grand Baie",,http://coeurdeville.mu/,"-20,0128721","57,5869003",https://maps.google.com/?cid=8024147001615276559&g_mp=Cidnb29nbGUubWFwcy5wbGFjZXMudjEuUGxhY2VzLlNlYXJjaFRleHQQAhgEIAA,12/07/2026,,ChIJxdhh2gerfSERD1rLKC9_W28
La Boutique - Grand Baie,activites,malls-shopping,"Rte Royal, Grand Baie",+230 263 8377,http://www.laboutiquemu.com/,"-20,0156383","57,5740808",https://maps.google.com/?cid=8409668431585815413&g_mp=Cidnb29nbGUubWFwcy5wbGFjZXMudjEuUGxhY2VzLlNlYXJjaFRleHQQAhgEIAA,12/07/2026,,ChIJuTWZHHOrfSERdSt91-EktXQ
Mont Choisy Le Mall,activites,malls-shopping,Grand Baie,+230 269 4242,https://www.montchoisy.com/commercial/mall-of-mont-choisy/,"-20,0244185","57,576291",https://maps.google.com/?cid=980421230316508597&g_mp=Cidnb29nbGUubWFwcy5wbGFjZXMudjEuUGxhY2VzLlNlYXJjaFRleHQQAhgEIAA,12/07/2026,,ChIJZWSuSBOrfSERtVVEG-onmw0
Grand Baie Store,activites,malls-shopping,"XHPM+RRF, Route Cotière, Grand Baie",,,"-20,012934","57,5845503",https://maps.google.com/?cid=17332741747422136453&g_mp=Cidnb29nbGUubWFwcy5wbGFjZXMudjEuUGxhY2VzLlNlYXJjaFRleHQQAhgEIAA,12/07/2026,,ChIJW3Vz_girfSERhQiuVslEivA
COTTONS Grand-Baie,activites,malls-shopping,"La Croisette Shopping Mall, Grand Baie",+230 269 6299,http://www.cottons.mu/,"-20,0216218","57,5792747",https://maps.google.com/?cid=2983573852861755050&g_mp=Cidnb29nbGUubWFwcy5wbGFjZXMudjEuUGxhY2VzLlNlYXJjaFRleHQQAhgEIAA,12/07/2026,,ChIJ2XH3UBKrfSERqu73jJzIZyk
Le Rendez-Vous | Grand-Baie,activites,malls-shopping,"La Croisette Grand-Baie MU, Grand Baie 30517",+230 5456 7455,http://www.lerendezvous.mu/,"-20,0218239","57,5792454",https://maps.google.com/?cid=1489840026301816551&g_mp=Cidnb29nbGUubWFwcy5wbGFjZXMudjEuUGxhY2VzLlNlYXJjaFRleHQQAhgEIAA,12/07/2026,,ChIJdRN2BhOrfSER597gQ5z5rBQ
Gallerie Espace Ocean,activites,malls-shopping,"XHQM+CWM, Grand Baie",,,"-20,0114132","57,5847933",https://maps.google.com/?cid=14810739319582288937&g_mp=Cidnb29nbGUubWFwcy5wbGFjZXMudjEuUGxhY2VzLlNlYXJjaFRleHQQAhgEIAA,12/07/2026,,ChIJDYkGNgirfSERKeycxPBQis0
Badaboom Souvenir Shop Stall no.22,activites,malls-shopping,"XHQP+WHQ Bazar de Grand Baie, Grand Baie",+230 5250 2068,,"-20,0102196","57,5864559",https://maps.google.com/?cid=3440455858190697390&g_mp=Cidnb29nbGUubWFwcy5wbGFjZXMudjEuUGxhY2VzLlNlYXJjaFRleHQQAhgEIAA,12/07/2026,,ChIJv_8_96erfSERrkPe7F_0vi8
La Destination D'Elegance,activites,malls-shopping,"Grand Baie Rd, Grand Baie",+230 5915 4739,,"-20,0180986","57,5786951",https://maps.google.com/?cid=2928097964914268127&g_mp=Cidnb29nbGUubWFwcy5wbGFjZXMudjEuUGxhY2VzLlNlYXJjaFRleHQQAhgEIAA,12/07/2026,,ChIJeWj-5WhRfCER31dC2pWxoig
Richmond Hill Complex,activites,malls-shopping,"Rte de la Salette, Grand Baie",+230 269 1853,,"-20,0141974","57,5881442",https://maps.google.com/?cid=13109866434949418959&g_mp=Cidnb29nbGUubWFwcy5wbGFjZXMudjEuUGxhY2VzLlNlYXJjaFRleHQQAhgEIAA,12/07/2026,,ChIJk4LqMwarfSERzw_6QxCa77U
Fashion House,activites,malls-shopping,"MU, La Croisette, Grand Baie 30517",+230 269 6109,https://fh.boutique/,"-20,0228924","57,5784708",https://maps.google.com/?cid=6803973054130250978&g_mp=Cidnb29nbGUubWFwcy5wbGFjZXMudjEuUGxhY2VzLlNlYXJjaFRleHQQAhgEIAA,12/07/2026,,ChIJJ2FqrBOrfSER4mTDmHGRbF4
Les Secrets de Jade Ltée,activites,malls-shopping,"Coastal Road, Grand Baie 30530",+230 268 1656,,"-20,0160164","57,5760064",https://maps.google.com/?cid=10125623667860333321&g_mp=Cidnb29nbGUubWFwcy5wbGFjZXMudjEuUGxhY2VzLlNlYXJjaFRleHQQAhgEIAA,12/07/2026,,ChIJN8WuVdyrfSERCWMa_BNxhYw
Le Concept store Mademoiselle,activites,malls-shopping,"B13, Grand Baie",+230 5498 3608,,"-20,0150607","57,5827539",https://maps.google.com/?cid=804030936071121401&g_mp=Cidnb29nbGUubWFwcy5wbGFjZXMudjEuUGxhY2VzLlNlYXJjaFRleHQQAhgEIAA,12/07/2026,,ChIJEfK9H4-rfSER-anxXOB9KAs
Bagatelle - Mall of Mauritius,activites,malls-shopping,"Bagatelle, Bagatelle Mall, Moka",+230 460 0707,https://www.ascenciamalls.com/bagatelle-mall,"-20,2254142","57,4967967",https://maps.google.com/?cid=7280923910619814227&g_mp=Cidnb29nbGUubWFwcy5wbGFjZXMudjEuUGxhY2VzLlNlYXJjaFRleHQQAhgEIAA,12/07/2026,,ChIJTxZSrfJafCERU1kkgbgJC2U
Super U,activites,malls-shopping,"Rte de la Salette, Grand Baie",+230 263 0502,http://www.superu.mu/,"-20,0120849","57,5875533",https://maps.google.com/?cid=15531901856170419018&g_mp=Cidnb29nbGUubWFwcy5wbGFjZXMudjEuUGxhY2VzLlNlYXJjaFRleHQQAhgEIAA,12/07/2026,,ChIJ2XG-82WrfSERSqNEV3JmjNc
Cotons des Iles,activites,malls-shopping,"Route de la Salette, Grand Baie",+230 263 2444,http://m.facebook.com/cotondesiles,"-20,0133523","57,5862545",https://maps.google.com/?cid=4167572560580513504&g_mp=Cidnb29nbGUubWFwcy5wbGFjZXMudjEuUGxhY2VzLlNlYXJjaFRleHQQAhgEIAA,12/07/2026,,ChIJ1VTIZAqrfSER4A4RwSkx1jk
Liberty Connect Grand Baie La Croisette,activites,malls-shopping,"B45 Chem. Vingt Pieds, Grand Baie",+230 269 7405,,"-20,0218219","57,5790235",https://maps.google.com/?cid=7466298284971159978&g_mp=Cidnb29nbGUubWFwcy5wbGFjZXMudjEuUGxhY2VzLlNlYXJjaFRleHQQAhgEIAA,12/07/2026,,ChIJ6a5RUxKrfSERqnHQZruenWc
SLOANE Mauritius - Créatrice de mode,activites,malls-shopping,"Chem. Vingt Pieds, Grand Baie",+230 5497 4667,http://calendly.com/sloanemauritius,"-20,0072082","57,5985163",https://maps.google.com/?cid=873411169763381828&g_mp=Cidnb29nbGUubWFwcy5wbGFjZXMudjEuUGxhY2VzLlNlYXJjaFRleHQQAhgEIAA,12/07/2026,,ChIJo71keG6rfSERRNKa1NT6Hgw
Fun world,activites,activites-enfants-famille,"Super U, 11 B11, Grand Baie 30551",+230 263 0503,,"-20,0125722","57,5870105",https://maps.google.com/?cid=6504957089188208708&g_mp=Cidnb29nbGUubWFwcy5wbGFjZXMudjEuUGxhY2VzLlNlYXJjaFRleHQQAhgEIAA,12/07/2026,,ChIJAaR7RferfSERROA4BAJARlo
Quad Activities /Mauritius,activites,activites-enfants-famille,"MU, Constance la Gaieté, Flacq 40609",+230 5701 3271,https://modsctiquad.com/,"-20,1828855","57,7110379",https://maps.google.com/?cid=9349857044865642759&g_mp=Cidnb29nbGUubWFwcy5wbGFjZXMudjEuUGxhY2VzLlNlYXJjaFRleHQQAhgEIAA,12/07/2026,,ChIJBYkSA-L5fCERB3Hm03FdwYE
La Cuvette,activites,activites-enfants-famille,"XHRJ+CMJ, Grand Baie",,,"-20,0089204","57,5816352",https://maps.google.com/?cid=3827654851889619725&g_mp=Cidnb29nbGUubWFwcy5wbGFjZXMudjEuUGxhY2VzLlNlYXJjaFRleHQQAhgEIAA,12/07/2026,,ChIJjQeBCACrfSERDWOu2c6PHjU
Le Domaine de Grand Baie,activites,activites-enfants-famille,"MU, Grand Baie 30513",+230 260 4400,https://domainegrandbaie.com/,"-20,0238137","57,5751156",https://maps.google.com/?cid=3473085186795614100&g_mp=Cidnb29nbGUubWFwcy5wbGFjZXMudjEuUGxhY2VzLlNlYXJjaFRleHQQAhgEIAA,12/07/2026,,ChIJCXX1XWyrfSERlK-fgZPgMjA
Deals.mu,activites,activites-enfants-famille,"MU, The Octopus Building, Royal Road, Grand Baie 30510",+230 269 1500,https://deals.mu/,"-20,0085756","57,5598746",https://maps.google.com/?cid=13487521015605025756&g_mp=Cidnb29nbGUubWFwcy5wbGFjZXMudjEuUGxhY2VzLlNlYXJjaFRleHQQAhgEIAA,12/07/2026,,ChIJUz_-7XGrfSER3NvAW-dMLbs
Curious Mauritius,activites,activites-enfants-famille,"Baie du Cap, Chamarel",+230 483 4200,https://curiousmauritius.com/,"-20,4386944","57,390268",https://maps.google.com/?cid=14101143144916548933&g_mp=Cidnb29nbGUubWFwcy5wbGFjZXMudjEuUGxhY2VzLlNlYXJjaFRleHQQAhgEIAA,12/07/2026,,ChIJc3Ikq8dufCERRX2vr_pSscM
Éclats d’Eden,activites,activites-enfants-famille,"Unit 22, Sunset boulevard, Grand Baie",+230 5744 1889,,"-20,0134331","57,5844538",https://maps.google.com/?cid=10002424576171221785&g_mp=Cidnb29nbGUubWFwcy5wbGFjZXMudjEuUGxhY2VzLlNlYXJjaFRleHQQAhgEIAA,12/07/2026,,ChIJCzZoZgCrfSERGaNSKyjAz4o
The Spot Mauritius,activites,activites-enfants-famille,"MU, Coastal Rd, Pointe d'Esny 50818",+230 5459 9605,https://www.thespotmauritius.com/,"-20,44518","57,7187576",https://maps.google.com/?cid=12422417692088866825&g_mp=Cidnb29nbGUubWFwcy5wbGFjZXMudjEuUGxhY2VzLlNlYXJjaFRleHQQAhgEIAA,12/07/2026,,ChIJLa7crSOLfCERCRh8_BJLZaw
THE BAY Villa n1,activites,activites-enfants-famille,Grand Baie,,https://www.villagrandbay.com/,"-20,0142383","57,5674578",https://maps.google.com/?cid=1730180626342359044&g_mp=Cidnb29nbGUubWFwcy5wbGFjZXMudjEuUGxhY2VzLlNlYXJjaFRleHQQAhgEIAA,12/07/2026,,ChIJVRFB33qrfSERBDBm3hzWAhg
RAJ ADVENTURES,activites,activites-enfants-famille,Vacoas-Phœnix,+230 5916 8618,http://www.rajadventure.com/,"-20,3421875","57,4703125",https://maps.google.com/?cid=10821129551258379018&g_mp=Cidnb29nbGUubWFwcy5wbGFjZXMudjEuUGxhY2VzLlNlYXJjaFRleHQQAhgEIAA,12/07/2026,,ChIJCx_ZWzZdfCERCuM8e_5fLJY
Domaine des Alizees Club & Spa,activites,activites-enfants-famille,"Chemin 20 Pieds, Grand Baie",+230 263 2216,,"-20,0095971","57,6004536",https://maps.google.com/?cid=4253101329256404899&g_mp=Cidnb29nbGUubWFwcy5wbGFjZXMudjEuUGxhY2VzLlNlYXJjaFRleHQQAhgEIAA,12/07/2026,,ChIJsYCT7FSqfSERo9cRBCANBjs
DREAM DOLPHIN Mauritius | Nager avec les Dauphins Île Maurice - Dolphin & Ocean Guide - Boats trips - Underwater-photo,activites,activites-enfants-famille,"Tour Martello tower, Public beach, Coastal road, La Preneuse",+230 5748 0430,https://tantulika1.wixsite.com/tour/mauritius,"-20,3547949","57,3610361",https://maps.google.com/?cid=3203986933904970990&g_mp=Cidnb29nbGUubWFwcy5wbGFjZXMudjEuUGxhY2VzLlNlYXJjaFRleHQQAhgEIAA,12/07/2026,,ChIJlxWBm-prfCER7hRmFCTZdiw
Hôtel 20 Degrés Sud - Relais & Châteaux,activites,activites-enfants-famille,"Coastal Road Pointe Malartic Mauritius, Grand Baie",+230 263 5000,https://www.20degressud.com/,"-20,0054033","57,570737",https://maps.google.com/?cid=12608821988911755039&g_mp=Cidnb29nbGUubWFwcy5wbGFjZXMudjEuUGxhY2VzLlNlYXJjaFRleHQQAhgEIAA,12/07/2026,,ChIJP3TKqnCrfSERHy84ZcuI-64
Chutes de Tamarin,activites,activites-enfants-famille,Henrietta Branch Rd,,,"-20,3444078","57,4664723",https://maps.google.com/?cid=11815687722030527513&g_mp=Cidnb29nbGUubWFwcy5wbGFjZXMudjEuUGxhY2VzLlNlYXJjaFRleHQQAhgEIAA,12/07/2026,,ChIJMYSbX7VCfCERGfSSiGHB-aM
Kaly Taxi Service,activites,activites-enfants-famille,"MU, Grand Baie 30520",+230 5824 5928,,"-20,0080563","57,5617693",https://maps.google.com/?cid=6547568111190493120&g_mp=Cidnb29nbGUubWFwcy5wbGFjZXMudjEuUGxhY2VzLlNlYXJjaFRleHQQAhgEIAA,12/07/2026,,ChIJKw_I26arfSERwEcvsoGi3Vo
Club Med Pointe aux Canonniers - Mauritius,activites,activites-enfants-famille,"La Pointe aux Canonniers, Grand Baie, Pointe aux Canonniers 742CU001",+230 209 1000,http://www.clubmed.com/mauc,"-20,0053951","57,5537981",https://maps.google.com/?cid=3855822114062294594&g_mp=Cidnb29nbGUubWFwcy5wbGFjZXMudjEuUGxhY2VzLlNlYXJjaFRleHQQAhgEIAA,12/07/2026,,ChIJBbgpw3-rfSERQl7HocihgjU
Maheswarnath Institute,activites,activites-enfants-famille,"Shivala Rd, Triolet",+230 5702 9512,https://www.facebook.com/groups/327980296487017/,"-20,0425168","57,5523726",https://maps.google.com/?cid=11371307532408701972&g_mp=Cidnb29nbGUubWFwcy5wbGFjZXMudjEuUGxhY2VzLlNlYXJjaFRleHQQAhgEIAA,12/07/2026,,ChIJ_7xnZaqsfSERFMTx9PP_zp0
Botteghita Ristorante & Bar,activites,activites-enfants-famille,"B13, Grand Baie",+230 263 1635,https://botteghita.com/,"-20,0095339","57,5820612",https://maps.google.com/?cid=1809408652367407012&g_mp=Cidnb29nbGUubWFwcy5wbGFjZXMudjEuUGxhY2VzLlNlYXJjaFRleHQQAhgEIAA,12/07/2026,,ChIJi9jd4wmrfSERpKfgKZVPHBk
Veranda Grand Baie Hotel & Spa,activites,activites-enfants-famille,"MU, Route Royale, Grand Baie 30510",+230 209 8000,https://veranda-resorts.com/en/mauritius-hotel-veranda-grand-baie,"-20,0084159","57,5788026",https://maps.google.com/?cid=5387474052800908622&g_mp=Cidnb29nbGUubWFwcy5wbGFjZXMudjEuUGxhY2VzLlNlYXJjaFRleHQQAhgEIAA,12/07/2026,,ChIJN4MjP3qrfSERTg3VYRsnxEo
Coin de Mire Attitude Hotel,activites,activites-enfants-famille,"Coastal Road, Cap Malheureux",+230 204 9900,https://hotels-attitude.com/en/coin-de-mire-attitude,"-19,9861562","57,6067746",https://maps.google.com/?cid=18201708826649749325&g_mp=Cidnb29nbGUubWFwcy5wbGFjZXMudjEuUGxhY2VzLlNlYXJjaFRleHQQAhgEIAA,12/07/2026,,ChIJiS_uAzGqfSERTeeMtb11mfw
Team Building Mauritius,activites,centres-loisirs-animations-enfants,"Royal road, Haute Rive MU, Rivière du Rempart 31201",+230 5936 1280,https://teambuilding.mu/,"-20,1000765","57,7043503",https://maps.google.com/?cid=7828633870032464791&g_mp=Cidnb29nbGUubWFwcy5wbGFjZXMudjEuUGxhY2VzLlNlYXJjaFRleHQQAhgEIAA,12/07/2026,,ChIJ54Wb6KSrfSERl2vg4wblpGw
Team Building Events Mauritius,activites,centres-loisirs-animations-enfants,"MU, 4 Diego Garcia St, Port Louis 11207",+230 5936 1280,https://www.teambuilding.mu/,"-20,1647216","57,5165213",https://maps.google.com/?cid=6693720667411493174&g_mp=Cidnb29nbGUubWFwcy5wbGFjZXMudjEuUGxhY2VzLlNlYXJjaFRleHQQAhgEIAA,12/07/2026,,ChIJQ-_noqL_fCERNrHAbnvf5Fw
Le Jardin Animé,activites,centres-loisirs-animations-enfants,Grand Baie,+230 5752 8522,,"-20,0172876","57,5722421",https://maps.google.com/?cid=10584481264464840755&g_mp=Cidnb29nbGUubWFwcy5wbGFjZXMudjEuUGxhY2VzLlNlYXJjaFRleHQQAhgEIAA,12/07/2026,,ChIJgzpK-H6rfSERM0g0jKGh45I
Bowling - Le Lucky Strike - Bar - Lounge - Billard,activites,centres-loisirs-animations-enfants,"La Salette Rd, Grand Baie",+230 263 3308,https://www.facebook.com/LeLuckyStrike,"-20,0130719","57,5867674",https://maps.google.com/?cid=2045537383654708163&g_mp=Cidnb29nbGUubWFwcy5wbGFjZXMudjEuUGxhY2VzLlNlYXJjaFRleHQQAhgEIAA,12/07/2026,,ChIJpeflcAirfSERw1OFp2k1Yxw
Théo Fourneaux - Restaurant Petit déjeuner/Brunch Salon de Thé,activites,centres-loisirs-animations-enfants,"Royal Road Juste après ScubaPro et avant la rue de MU, la Coline, Grand Baie 30521",+230 268 0777,https://www.instagram.com/theo.fourneaux?igsh=bHR0MWpmcnR6bzdi&utm_source=qr,"-20,0074189","57,5586266",https://maps.google.com/?cid=15908200962364211316&g_mp=Cidnb29nbGUubWFwcy5wbGFjZXMudjEuUGxhY2VzLlNlYXJjaFRleHQQAhgEIAA,12/07/2026,,ChIJQW_PIJCrfSERdAA_cX1Ixdw
La Terrasse,activites,centres-loisirs-animations-enfants,"Rte Royal, Grand Baie",+230 263 6391,,"-20,0164183","57,5772363",https://maps.google.com/?cid=15324260242814895775&g_mp=Cidnb29nbGUubWFwcy5wbGFjZXMudjEuUGxhY2VzLlNlYXJjaFRleHQQAhgEIAA,12/07/2026,,ChIJLfZnZaasfSERn4af2n-1qtQ
Ti Vegas Casino,activites,centres-loisirs-animations-enfants,"MU, La Salette Rd, Grand Baie 30551",+230 5257 0173,https://funworld.mu/tivegas/,"-20,0128501","57,5870473",https://maps.google.com/?cid=9595546268857988711&g_mp=Cidnb29nbGUubWFwcy5wbGFjZXMudjEuUGxhY2VzLlNlYXJjaFRleHQQAhgEIAA,12/07/2026,,ChIJXdiAdQirfSERZ_Ya_X06KoU
Luscious spa,activites,spa-bien-etre,"MU, Sottise Rd, Grand Baie 30550",+230 5786 7578,http://www.luscious-spa.com/,"-20,02461","57,5892388",https://maps.google.com/?cid=4758131894032956476&g_mp=Cidnb29nbGUubWFwcy5wbGFjZXMudjEuUGxhY2VzLlNlYXJjaFRleHQQAhgEIAA,12/07/2026,,ChIJu-zU4jurfSERPHxKer9HCEI
Ocea Wellness Beauty Massage,activites,spa-bien-etre,"Grand Baie Business Park, Block F, Studio 123, at the corner of Boulevard de Mont Choisy MU, and, Géranium Rd, Grand Baie 30525",+230 5916 0367,http://www.oceawellness.com/,"-20,0165125","57,5701138",https://maps.google.com/?cid=16296516236920964023&g_mp=Cidnb29nbGUubWFwcy5wbGFjZXMudjEuUGxhY2VzLlNlYXJjaFRleHQQAhgEIAA,12/07/2026,,ChIJbXVzjairfSERt0MPwizbKOI
Xtense Spa,activites,spa-bien-etre,"Domaines des Alizees Club & Spa, Chem. Vingt Pieds, Grand Baie",+230 5256 0531,https://xtensespa.com/,"-20,0095697","57,6004323",https://maps.google.com/?cid=13939499645396669041&g_mp=Cidnb29nbGUubWFwcy5wbGFjZXMudjEuUGxhY2VzLlNlYXJjaFRleHQQAhgEIAA,12/07/2026,,ChIJmRuq4bOrfSERcVKNphINc8E
Johaness Spa Grand Baie,activites,spa-bien-etre,"Chem. Vingt Pieds, Grand Baie",+230 5820 9841,https://johanessspagrandbaie.com/,"-20,0195674","57,5847664",https://maps.google.com/?cid=14610026775231580076&g_mp=Cidnb29nbGUubWFwcy5wbGFjZXMudjEuUGxhY2VzLlNlYXJjaFRleHQQAhgEIAA,12/07/2026,,ChIJgd165Q2rfSERrMef4PE9wco
FORAHA SPA,activites,spa-bien-etre,"Clos du Littoral, Sottise Rd, Grand Baie",+230 263 2996,,"-20,0234165","57,5924288",https://maps.google.com/?cid=2518110487060180221&g_mp=Cidnb29nbGUubWFwcy5wbGFjZXMudjEuUGxhY2VzLlNlYXJjaFRleHQQAhgEIAA,12/07/2026,,ChIJ9cqQq7erfSER_WxofiUg8iI
Massage & Detox Grand Bay Bazaar,activites,spa-bien-etre,"MU, Chemin Bazaar, Grand Baie 30502",+230 5504 5863,,"-20,0100113","57,5865142",https://maps.google.com/?cid=486638430920303368&g_mp=Cidnb29nbGUubWFwcy5wbGFjZXMudjEuUGxhY2VzLlNlYXJjaFRleHQQAhgEIAA,12/07/2026,,ChIJE5Ghrr2rfSERCOMOGRPjwAY
Cosmetic Island Grand Baie,activites,spa-bien-etre,"Kogi Kogi Building, Twenty-Foot Rd, Grand Baie",+230 5256 1681,https://www.fresha.com/a/cosmetic-island-grand-baie-grand-baie-sottise-road-rm38x2yq?preview=8d1467c5-1927-4e2b-aa26-65120b439c18&share&pId=1169272&_gl=1*5bym7w*_gcl_au*MTEwOTE3NTg5My4xNzM2NzM1NjMxLjE0MDc4ODA1NzEuMTc0MDkyMDcxOS4xNzQwOTIwNzE5*_ga*NzYxMzg2NzgzLjE3MDUyMzIxMzY.*_ga_SMQNG7NE8C*MTc0MTUyMDI5Ny44MDguMS4xNzQxNTIwNDU4LjYwLjAuMA..,"-20,0178066","57,5866391",https://maps.google.com/?cid=4628472318868174365&g_mp=Cidnb29nbGUubWFwcy5wbGFjZXMudjEuUGxhY2VzLlNlYXJjaFRleHQQAhgEIAA,12/07/2026,,ChIJkwIhVkKrfSERHbbdIg2jO0A
Nu Zil Spa,activites,spa-bien-etre,Grand Baie,+230 5252 2202,http://www.nuzilspa.net/,"-19,9990893","57,5919961",https://maps.google.com/?cid=4841654621120478623&g_mp=Cidnb29nbGUubWFwcy5wbGFjZXMudjEuUGxhY2VzLlNlYXJjaFRleHQQAhgEIAA,12/07/2026,,ChIJ40dBdeOrfSERn70DyTkDMUM
Vallée de Beauté Spa,activites,spa-bien-etre,"La Salette Rd, Grand Baie",+230 5916 2335,,"-20,013086","57,5848692",https://maps.google.com/?cid=8633443128245196073&g_mp=Cidnb29nbGUubWFwcy5wbGFjZXMudjEuUGxhY2VzLlNlYXJjaFRleHQQAhgEIAA,12/07/2026,,ChIJuTQbgmyrfSERKZWXf8gm0Hc
Institut Art Et Beauté Grand Baie Maurice,activites,spa-bien-etre,"MU, B13 Coastal Road, Grand Baie 30512",+230 5293 8260,https://institutartbeaute.com/,"-20,0090179","57,5817548",https://maps.google.com/?cid=9234167165039213041&g_mp=Cidnb29nbGUubWFwcy5wbGFjZXMudjEuUGxhY2VzLlNlYXJjaFRleHQQAhgEIAA,12/07/2026,,ChIJMdPzM6erfSER8fm8pBxaJoA
VOGUE SPA BY NC,activites,spa-bien-etre,"MU, School Lane, Grand Baie 30510",+230 5707 7730,,"-20,0151922","57,5841705",https://maps.google.com/?cid=10136265100304576473&g_mp=Cidnb29nbGUubWFwcy5wbGFjZXMudjEuUGxhY2VzLlNlYXJjaFRleHQQAhgEIAA,12/07/2026,,ChIJ1fiSyO-rfSER2e_XjGc_q4w
Chez Ema - Institut de Beauté,activites,spa-bien-etre,"017, Business Park,Coastal Road Boulevard MU, de, Grand Baie 30515",+230 5921 4908,,"-20,0164706","57,5697512",https://maps.google.com/?cid=15018210809989663515&g_mp=Cidnb29nbGUubWFwcy5wbGFjZXMudjEuUGxhY2VzLlNlYXJjaFRleHQQAhgEIAA,12/07/2026,,ChIJRQ1Tpk6rfSERG4tdaylna9A
Silhouette Spa & Wellness,activites,spa-bien-etre,"Opposite Shape Sport Club, Sottise Rd, Grand Baie",+230 268 2100,https://www.facebook.com/SilhouetteWellness,"-20,0192955","57,579609",https://maps.google.com/?cid=5701837018712634969&g_mp=Cidnb29nbGUubWFwcy5wbGFjZXMudjEuUGxhY2VzLlNlYXJjaFRleHQQAhgEIAA,12/07/2026,,ChIJEx8NP9arfSERWfaJE4_-IE8
Le Square Beauté,activites,spa-bien-etre,"B13, Grand Baie",+230 5509 1668,https://www.lesquarebeaute.com/,"-20,0015846","57,582445",https://maps.google.com/?cid=15454302053516844423&g_mp=Cidnb29nbGUubWFwcy5wbGFjZXMudjEuUGxhY2VzLlNlYXJjaFRleHQQAhgEIAA,12/07/2026,,ChIJ1XLyiKSrfSERhx12V9a1eNY
Kobido massage Mauritius,activites,spa-bien-etre,"MU, Royal road, Grand Baie 30518",+230 5836 9965,,"-20,0114587","57,56488",https://maps.google.com/?cid=1427433636345118350&g_mp=Cidnb29nbGUubWFwcy5wbGFjZXMudjEuUGxhY2VzLlNlYXJjaFRleHQQAhgEIAA,12/07/2026,,ChIJHSzxGPyrfSERjn7LUlRDzxM
Plenitude,activites,spa-bien-etre,"58 Sottise Rd, Grand Baie",,,"-20,0188426","57,5796843",https://maps.google.com/?cid=14769755621750633912&g_mp=Cidnb29nbGUubWFwcy5wbGFjZXMudjEuUGxhY2VzLlNlYXJjaFRleHQQAhgEIAA,12/07/2026,,ChIJVS6cHwCrfSERuHXGBXy2-Mw
my space,activites,spa-bien-etre,"B11 La Salette Rd, Grand Baie",+230 269 1502,,"-20,0122002","57,5871486",https://maps.google.com/?cid=13824197436447838899&g_mp=Cidnb29nbGUubWFwcy5wbGFjZXMudjEuUGxhY2VzLlNlYXJjaFRleHQQAhgEIAA,12/07/2026,,ChIJx6PDdQirfSERs9JWIFNq2b8
The Beauty Oasis,activites,spa-bien-etre,"MU, Domaine Victoria, Grand Baie 42213",+230 5535 1314,http://www.beautyoasis.mu/,"-20,0262933","57,5936689",https://maps.google.com/?cid=15668442549585651105&g_mp=Cidnb29nbGUubWFwcy5wbGFjZXMudjEuUGxhY2VzLlNlYXJjaFRleHQQAhgEIAA,12/07/2026,,ChIJA3qsCwCrfSERoSWr33t9cdk
SANKARA SPA & cratfs,activites,spa-bien-etre,"MU, Royal Road, Grand Baie 30546",+230 5809 6178,,"-19,9953934","57,590222",https://maps.google.com/?cid=14193605857545096385&g_mp=Cidnb29nbGUubWFwcy5wbGFjZXMudjEuUGxhY2VzLlNlYXJjaFRleHQQAhgEIAA,12/07/2026,,ChIJtyCRCQCrfSERwQzhlFPR-cQ
Nuad Boran thai n indian Ayurveda spa,activites,spa-bien-etre,"Chem. Vingt Pieds, Grand Baie",+230 5829 0253,,"-20,0134821","57,5911397",https://maps.google.com/?cid=12917703927249876766&g_mp=Cidnb29nbGUubWFwcy5wbGFjZXMudjEuUGxhY2VzLlNlYXJjaFRleHQQAhgEIAA,12/07/2026,,ChIJNXP_m2-rfSERHrdl6UfnRLM
Mackies Beauty Cafe,activites,spa-bien-etre,"MU, Persand Building, Royal Road, Grand Baie 30510",+230 5825 5347,,"-20,0062058","57,5559571",https://maps.google.com/?cid=17635785723998896048&g_mp=Cidnb29nbGUubWFwcy5wbGFjZXMudjEuUGxhY2VzLlNlYXJjaFRleHQQAhgEIAA,12/07/2026,,ChIJJb_QWEZDfCERsP_bda3lvvQ
Perfect Beauty Mauritius,activites,spa-bien-etre,"adjacents à kalachand, Chem. Vingt Pieds, Grand Baie",+230 5456 7820,https://www.fresha.com/fr/a/perfect-beauty-mauritius-grand-baie-adjacents-a-kalachand-chemin-vingt-pieds-wyoka148?utm_source=Fresha&utm_medium=LocShare&utm_campaign=11644507,"-20,0144223","57,5901909",https://maps.google.com/?cid=8374510665645301715&g_mp=Cidnb29nbGUubWFwcy5wbGFjZXMudjEuUGxhY2VzLlNlYXJjaFRleHQQAhgEIAA,12/07/2026,,ChIJhfh9diKrfSER0x-CkRQ9OHQ
Amari Radiance,activites,spa-bien-etre,"MU, 20 CHEMIN PIEDS RD, Grand Baie 30525",+230 5859 7992,https://www.amari.mu/,"-20,01758","57,5867827",https://maps.google.com/?cid=11492644757434903939&g_mp=Cidnb29nbGUubWFwcy5wbGFjZXMudjEuUGxhY2VzLlNlYXJjaFRleHQQAhgEIAA,12/07/2026,,ChIJUWqogO2rfSERg62pKIQTfp8
SULTANA Moroccan Hammam & Beauty Salon,activites,spa-bien-etre,"MU, Coastal Rd, Grand Baie 22315",+230 5907 2500,https://sultana-mauritius.com/,"-20,0272326","57,5594683",https://maps.google.com/?cid=2749757130329642063&g_mp=Cidnb29nbGUubWFwcy5wbGFjZXMudjEuUGxhY2VzLlNlYXJjaFRleHQQAhgEIAA,12/07/2026,,ChIJf2d1_zWrfSERT1Tli4oZKSY
Lize wellness massage (Home service),activites,spa-bien-etre,"MU, coastal road, grand baie 30510",+230 5507 5536,https://www.facebook.com/people/Lize-Wellness-Massages/61550959630462/,"-20,3522228","57,363733",https://maps.google.com/?cid=15999912480592873335&g_mp=Cidnb29nbGUubWFwcy5wbGFjZXMudjEuUGxhY2VzLlNlYXJjaFRleHQQAhgEIAA,12/07/2026,,ChIJ12dI766rfSERd8cTQ6EbC94
Massage Therapy Grand Baie,activites,spa-bien-etre,"MU, Royal Rd, Grand Baie 30510",+230 5709 5112,,"-20,0160812","57,5692147",https://maps.google.com/?cid=17433304877678470882&g_mp=Cidnb29nbGUubWFwcy5wbGFjZXMudjEuUGxhY2VzLlNlYXJjaFRleHQQAhgEIAA,12/07/2026,,ChIJ-Ygkpi-rfSER4iYcr2uK7_E
SPA MIRAGE LTD,activites,spa-bien-etre,"2 Morcellement Wiehe MU, Twenty-Foot Rd, Grand Baie 30550",+230 5797 7155 ext. 2631488,,"-20,0217656","57,5817491",https://maps.google.com/?cid=18109146005922993876&g_mp=Cidnb29nbGUubWFwcy5wbGFjZXMudjEuUGxhY2VzLlNlYXJjaFRleHQQAhgEIAA,12/07/2026,,ChIJJ_h6iRGrfSER1Fa5lFicUPs
Shantigiri Ayurveda Spa,activites,spa-bien-etre,"opposite Labour Office, Suryamukhi Road, Grand Baie",+230 5753 1177,http://www.shantigiriayurvedaspa.com/,"-20,0126339","57,5854009",https://maps.google.com/?cid=17663091752839048662&g_mp=Cidnb29nbGUubWFwcy5wbGFjZXMudjEuUGxhY2VzLlNlYXJjaFRleHQQAhgEIAA,12/07/2026,,ChIJQcKQigirfSER1m0au13oH_U
Divine Touch Wellness & Spa,activites,spa-bien-etre,"XHPP+FVM, La Salette Rd, Grand Baie",+230 5788 5005,,"-20,0137909","57,5871728",https://maps.google.com/?cid=13585947933159334295&g_mp=Cidnb29nbGUubWFwcy5wbGFjZXMudjEuUGxhY2VzLlNlYXJjaFRleHQQAhgEIAA,12/07/2026,,ChIJB2-dZRerfSERlyHq7Kn7irw
Ourania Spa,activites,spa-bien-etre,Grand Baie,+230 263 6497,,"-20,0081627","57,5593483",https://maps.google.com/?cid=1201979480948960210&g_mp=Cidnb29nbGUubWFwcy5wbGFjZXMudjEuUGxhY2VzLlNlYXJjaFRleHQQAhgEIAA,12/07/2026,,ChIJMf3yLnmrfSER0mtFNfhJrhA
Coco Beauté By CF,activites,spa-bien-etre,"Baha Building, Grand Baie",+230 5824 6243,,"-20,016073","57,57606",https://maps.google.com/?cid=4150093454006221286&g_mp=Cidnb29nbGUubWFwcy5wbGFjZXMudjEuUGxhY2VzLlNlYXJjaFRleHQQAhgEIAA,12/07/2026,,ChIJISo993WrfSER5vm2HgIYmDk
Royal Beauty & Spa,activites,spa-bien-etre,"XHQM+RJR, Grand Baie",+230 5797 2643,,"-20,0103557","57,5841033",https://maps.google.com/?cid=18020348173917987485&g_mp=Cidnb29nbGUubWFwcy5wbGFjZXMudjEuUGxhY2VzLlNlYXJjaFRleHQQAhgEIAA,12/07/2026,,ChIJgzFK-2KrfSERnaI9MzAjFfo
Dame Nature,activites,spa-bien-etre,"XHRM+9QW, Grand Baie",,,"-20,008955","57,584042",https://maps.google.com/?cid=12088917450482192749&g_mp=Cidnb29nbGUubWFwcy5wbGFjZXMudjEuUGxhY2VzLlNlYXJjaFRleHQQAhgEIAA,12/07/2026,,ChIJz29WZQCrfSERbREDE192xKc
Harmony Spa,activites,spa-bien-etre,"Coastal Road, Grand Baie",+230 263 9475,,"-19,9933808","57,592422",https://maps.google.com/?cid=10181210684625982605&g_mp=Cidnb29nbGUubWFwcy5wbGFjZXMudjEuUGxhY2VzLlNlYXJjaFRleHQQAhgEIAA,12/07/2026,,ChIJXRmNOh6rfSERjRSL4CztSo0
Royal Therapy,activites,spa-bien-etre,"Route Royale, Grand Baie",+230 5518 2819,,"-20,0048312","57,5814929",https://maps.google.com/?cid=14182810770629684091&g_mp=Cidnb29nbGUubWFwcy5wbGFjZXMudjEuUGxhY2VzLlNlYXJjaFRleHQQAhgEIAA,12/07/2026,,ChIJg0i8uUOrfSERe2v3i0B308Q
The Beauty Loft,activites,spa-bien-etre,"MU, The Beauty Loft, 58 Sottise Rd, Grand Baie 30550",+230 5949 1766,http://www.facebook.com/cryotherapieilemaurice,"-20,0188315","57,5796783",https://maps.google.com/?cid=3371077411121060300&g_mp=Cidnb29nbGUubWFwcy5wbGFjZXMudjEuUGxhY2VzLlNlYXJjaFRleHQQAhgEIAA,12/07/2026,,ChIJR1UfzV2rfSERzNk2cAt5yC4
Appearances Spa,activites,spa-bien-etre,"Shop A Lifestyle, Sottise Rd, Grand Baie",+230 263 6244,,"-20,0260843","57,5929978",https://maps.google.com/?cid=8534214515016215561&g_mp=Cidnb29nbGUubWFwcy5wbGFjZXMudjEuUGxhY2VzLlNlYXJjaFRleHQQAhgEIAA,12/07/2026,,ChIJy_rtUwyrfSERCSyGnOKeb3Y
Luscious Spa,activites,spa-bien-etre,"Royal Road haute rive, Rivière du Rempart",+230 5775 8168,http://www.luscious-spa.com/,"-20,1030411","57,6992012",https://maps.google.com/?cid=10154495451106261674&g_mp=Cidnb29nbGUubWFwcy5wbGFjZXMudjEuUGxhY2VzLlNlYXJjaFRleHQQAhgEIAA,12/07/2026,,ChIJyZG93F3_fCERqjqC3M8D7Iw
L'art du visage by Sandra,activites,spa-bien-etre,"Chem. Vingt Pieds, Grand Baie",+230 5847 3577,,"-20,0106191","57,5946838",https://maps.google.com/?cid=3779466812895748059&g_mp=Cidnb29nbGUubWFwcy5wbGFjZXMudjEuUGxhY2VzLlNlYXJjaFRleHQQAhgEIAA,12/07/2026,,ChIJKXjNk9KrfSER218HtwpdczQ
Spa Ceylon Mauritius,activites,spa-bien-etre,"La Croisette Mall, Grand Baie",+230 5507 0746,http://www.spaceylon.mu/,"-20,0221263","57,5787599",https://maps.google.com/?cid=13298507193373720901&g_mp=Cidnb29nbGUubWFwcy5wbGFjZXMudjEuUGxhY2VzLlNlYXJjaFRleHQQAhgEIAA,12/07/2026,,ChIJU-e4jlmrfSERRYEEeNXJjbg
Beauty Care Spa Massage,activites,spa-bien-etre,"XHQM+FVW, Grand Baie Rd, Grand Baie",+230 5472 6013,,"-20,0112512","57,5847052",https://maps.google.com/?cid=14695611070794232826&g_mp=Cidnb29nbGUubWFwcy5wbGFjZXMudjEuUGxhY2VzLlNlYXJjaFRleHQQAhgEIAA,12/07/2026,,ChIJb-cAZWerfSER-vP8f2hM8cs
Beauty and Nail Centre,activites,spa-bien-etre,"Casse Ghoon Road MU, Grand Baie 30520",+230 263 4237,https://beautynailctr.com/,"-20,0066522","57,5632576",https://maps.google.com/?cid=8803121360315815448&g_mp=Cidnb29nbGUubWFwcy5wbGFjZXMudjEuUGxhY2VzLlNlYXJjaFRleHQQAhgEIAA,12/07/2026,,ChIJUQTle-GrfSERGBZHfDz4Kno
Summer Spa,activites,spa-bien-etre,"Ground floor, Azur Beach Complex, Unnamed road, 2H4R+PW9 near the Hive restaurant, Costal road, Grand Baie",+230 5705 9967,,"-19,993201","57,5923682",https://maps.google.com/?cid=3114439399211943146&g_mp=Cidnb29nbGUubWFwcy5wbGFjZXMudjEuUGxhY2VzLlNlYXJjaFRleHQQAhgEIAA,12/07/2026,,ChIJW2JVGACrfSER6kSC8CG2OCs
Angsana Spa and Wellness Centre,activites,spa-bien-etre,"Turtle Bay Balaclava, Balaclava",+230 204 1888,https://www.angsana.com/en/mauritius/balaclava-mauritius/spa-and-wellness,"-20,0998743","57,5131793",https://maps.google.com/?cid=16059561638102265562&g_mp=Cidnb29nbGUubWFwcy5wbGFjZXMudjEuUGxhY2VzLlNlYXJjaFRleHQQAhgEIAA,12/07/2026,,ChIJWzY9eKNTfCER2m6T_zgG394
Ayurvedic Healing Spa,activites,spa-bien-etre,"Super U Grand Bay Coeur de Ville, Grand Baie",+230 269 0433,https://www.facebook.com/Ayurvedic-Healing-Spa-109162788520919/?ref=page_internal,"-20,011904","57,587729",https://maps.google.com/?cid=16477317695069789889&g_mp=Cidnb29nbGUubWFwcy5wbGFjZXMudjEuUGxhY2VzLlNlYXJjaFRleHQQAhgEIAA,12/07/2026,,ChIJcQud2QerfSERwZ7koSQxq-Q
OBIENAITRE,activites,spa-bien-etre,"30525 MU, Grand Baie 30525",+230 5254 1300,https://www.obienaitre.com/formation-massage-fertilite,"-20,0122449","57,5868085",https://maps.google.com/?cid=2401425724033141742&g_mp=Cidnb29nbGUubWFwcy5wbGFjZXMudjEuUGxhY2VzLlNlYXJjaFRleHQQAhgEIAA,12/07/2026,,ChIJnaTy65WrfSER7gt7A_mTUyE
body lounge LTEE,activites,spa-bien-etre,"CAP MALHEUREUX MU, BAI BOEUF 31702",+230 262 8888,,"-19,9870069","57,6022032",https://maps.google.com/?cid=16751563364285583721&g_mp=Cidnb29nbGUubWFwcy5wbGFjZXMudjEuUGxhY2VzLlNlYXJjaFRleHQQAhgEIAA,12/07/2026,,ChIJH5HCubCrfSERaZGwUCCCeeg
Koko milan,activites,spa-bien-etre,"La Croisette Mall, Grand Baie",+230 5435 8260,http://kmbeauty.mu/,"-20,0219739","57,5787883",https://maps.google.com/?cid=16102253937593831992&g_mp=Cidnb29nbGUubWFwcy5wbGFjZXMudjEuUGxhY2VzLlNlYXJjaFRleHQQAhgEIAA,12/07/2026,,ChIJ_bvTbqarfSEROFJqkaSydt8
Prana Skin & Laser Clinic Grand Baie,activites,spa-bien-etre,"Chem. Vingt Pieds, Grand Baie",+230 5258 5177,https://prana.mu/,"-20,0182618","57,5857099",https://maps.google.com/?cid=3963899213431283545&g_mp=Cidnb29nbGUubWFwcy5wbGFjZXMudjEuUGxhY2VzLlNlYXJjaFRleHQQAhgEIAA,12/07/2026,,ChIJLbdzjSWrfSERWZ8FPlWZAjc
Elegance Coiffure et Beauté,activites,spa-bien-etre,"Route Royale, Grand Baie",+230 5477 3818,,"-20,0066288","57,5574058",https://maps.google.com/?cid=6474557953466484820&g_mp=Cidnb29nbGUubWFwcy5wbGFjZXMudjEuUGxhY2VzLlNlYXJjaFRleHQQAhgEIAA,12/07/2026,,ChIJgW7CgoCrfSERVMgMridA2lk
Au Feu De Bois,food,restaurants,"Chem. Vingt Pieds, Grand Baie",+230 5942 0708,,"-20,0087533","57,5968468",https://maps.google.com/?cid=6228567486704498520&g_mp=Cidnb29nbGUubWFwcy5wbGFjZXMudjEuUGxhY2VzLlNlYXJjaFRleHQQAhgEIAA,12/07/2026,,ChIJKTPbcQCrfSERWLeR-CBRcFY
La Kaza,food,restaurants,"Sunset Boulevard, Route royale, Grand Baie",+230 5740 7545,http://www.la-kaza.mu/,"-20,0143128","57,5837935",https://maps.google.com/?cid=13309702994671649217&g_mp=Cidnb29nbGUubWFwcy5wbGFjZXMudjEuUGxhY2VzLlNlYXJjaFRleHQQAhgEIAA,12/07/2026,,ChIJQZjmVQWrfSERwUFbF1uQtbg
Zaka,food,restaurants,"MU, SuperU, Grand Baie 30510",+230 5746 1676,https://www.zaka.mu/,"-20,0134396","57,5867186",https://maps.google.com/?cid=2471787348365094399&g_mp=Cidnb29nbGUubWFwcy5wbGFjZXMudjEuUGxhY2VzLlNlYXJjaFRleHQQAhgEIAA,12/07/2026,,ChIJGQxg5H2rfSER_y2bS3-NTSI
Casa verde,food,restaurants,"La salette MU, B11, Grand Baie 30525",+230 269 0965,,"-20,0132911","57,5863836",https://maps.google.com/?cid=16720201552058575660&g_mp=Cidnb29nbGUubWFwcy5wbGFjZXMudjEuUGxhY2VzLlNlYXJjaFRleHQQAhgEIAA,12/07/2026,,ChIJcfO-FgCrfSERLOtiY7kWCug
Sweet & Brunch,food,restaurants,"Reservoir Road, Grand Baie",+230 5847 8197,,"-20,0171421","57,57058",https://maps.google.com/?cid=6731013717197093230&g_mp=Cidnb29nbGUubWFwcy5wbGFjZXMudjEuUGxhY2VzLlNlYXJjaFRleHQQAhgEIAA,12/07/2026,,ChIJtfelx_CrfSERbnnQN1BdaV0
DoDo LoCo,food,restaurants,"Racket road, Grand Baie",+230 5815 1493,,"-20,009677","57,5859394",https://maps.google.com/?cid=15447810283958472167&g_mp=Cidnb29nbGUubWFwcy5wbGFjZXMudjEuUGxhY2VzLlNlYXJjaFRleHQQAhgEIAA,12/07/2026,,ChIJr037qK6rfSER5434dJulYdY
Cocoloko,food,restaurants,"XHQM+CRV, B13, Grand Baie",+230 263 1241,https://www.cocoloko.net/,"-20,0113925","57,5845549",https://maps.google.com/?cid=4630867257026631162&g_mp=Cidnb29nbGUubWFwcy5wbGFjZXMudjEuUGxhY2VzLlNlYXJjaFRleHQQAhgEIAA,12/07/2026,,ChIJ26IM-6OrfSER-lUPITwlREA
Sauterelle Restaurant,food,restaurants,"SUNSET BOULEVARD, Royal Rd, Grand Baie",+230 263 8836,,"-20,0135427","57,5845184",https://maps.google.com/?cid=378004023255259688&g_mp=Cidnb29nbGUubWFwcy5wbGFjZXMudjEuUGxhY2VzLlNlYXJjaFRleHQQAhgEIAA,12/07/2026,,ChIJ9WNl4girfSERKFrMCajwPgU
La Rougaille Creole,food,restaurants,"B13, Grand Baie",+230 263 8449,,"-20,0146399","57,5840541",https://maps.google.com/?cid=16091474196910346939&g_mp=Cidnb29nbGUubWFwcy5wbGFjZXMudjEuUGxhY2VzLlNlYXJjaFRleHQQAhgEIAA,12/07/2026,,ChIJI_w6LwmrfSERu5I0m4ZmUN8
Park25 Restaurant,food,restaurants,"MU, XHRJ+CMQ Boulevard de, Coastal Road, Grand Baie 30515",+230 263 8293,https://www.facebook.com/park25grandbaie,"-20,0167856","57,5694443",https://maps.google.com/?cid=1595031037366146628&g_mp=Cidnb29nbGUubWFwcy5wbGFjZXMudjEuUGxhY2VzLlNlYXJjaFRleHQQAhgEIAA,12/07/2026,,ChIJkQNaqgKrfSERRJbuE0ewIhY
Karaï Kreol,food,restaurants,"School Lane, Grand Baie",+230 5972 9101,,"-20,0134166","57,5861091",https://maps.google.com/?cid=15342246437627345041&g_mp=Cidnb29nbGUubWFwcy5wbGFjZXMudjEuUGxhY2VzLlNlYXJjaFRleHQQAhgEIAA,12/07/2026,,ChIJm_2lxY6rfSERkbhHK9mb6tQ
Blue Lagoon Cafe,food,restaurants,"Route Royale, Grand Baie",+230 263 3889,,"-20,014924","57,5828679",https://maps.google.com/?cid=16828843929622784532&g_mp=Cidnb29nbGUubWFwcy5wbGFjZXMudjEuUGxhY2VzLlNlYXJjaFRleHQQAhgEIAA,12/07/2026,,ChIJYQYptQ6rfSERFKqnFWQQjOk
Restaurant Coolen Chez Ram,food,restaurants,"Royale Road, Près de Tamil Temple,, Grand Baie",+230 263 8569,https://chezram.com/sp/,"-20,0151782","57,5728919",https://maps.google.com/?cid=2917654350838956785&g_mp=Cidnb29nbGUubWFwcy5wbGFjZXMudjEuUGxhY2VzLlNlYXJjaFRleHQQAhgEIAA,12/07/2026,,ChIJVVVVVXirfSER8QIhdyyXfSg
Da Terra Restaurant & Café,food,restaurants,"Coastal Road, Grand Baie",+230 5481 0000,,"-20,0028724","57,5546831",https://maps.google.com/?cid=2393410553442255760&g_mp=Cidnb29nbGUubWFwcy5wbGFjZXMudjEuUGxhY2VzLlNlYXJjaFRleHQQAhgEIAA,12/07/2026,,ChIJP-j0MQCrfSERkMOYrzcaNyE
N 'JOY,food,restaurants,"la cuvette beach, Grand Baie",+230 5500 8601,http://njoy.mu/,"-20,0077772","57,5786448",https://maps.google.com/?cid=9436126356883283085&g_mp=Cidnb29nbGUubWFwcy5wbGFjZXMudjEuUGxhY2VzLlNlYXJjaFRleHQQAhgEIAA,12/07/2026,,ChIJZ8hTKPerfSERjZy6Re3a84I
Bullies social,food,restaurants,"Ventura complex, Route Royal, Grand Baie",+230 5457 1377,http://www.bulliessocial.com/,"-20,003863","57,5812062",https://maps.google.com/?cid=3090620075617913423&g_mp=Cidnb29nbGUubWFwcy5wbGFjZXMudjEuUGxhY2VzLlNlYXJjaFRleHQQAhgEIAA,12/07/2026,,ChIJoe9lBFqrfSERT4rlfpUW5Co
Neo's,food,restaurants,"XHPM+253, Coastal Road, Grand Baie",+230 268 1799,http://topdeck.mu/,"-20,0150087","57,5829938",https://maps.google.com/?cid=16815005777687846050&g_mp=Cidnb29nbGUubWFwcy5wbGFjZXMudjEuUGxhY2VzLlNlYXJjaFRleHQQAhgEIAA,12/07/2026,,ChIJtdm3Rt-rfSERopw5Q6rmWuk
la cabane de Jules,food,restaurants,"Rte de la Salette, Grand Baie",+230 263 2336,https://www.facebook.com/La-Cabane-de-Jules-1048065131924145/,"-20,0130627","57,584807",https://maps.google.com/?cid=5537020482598953178&g_mp=Cidnb29nbGUubWFwcy5wbGFjZXMudjEuUGxhY2VzLlNlYXJjaFRleHQQAhgEIAA,12/07/2026,,ChIJRwOTggirfSER2mBf48py10w
Eden Beach Restaurant Lounge-Bar,food,restaurants,"Costal Rd, Grand Baie",+230 263 1123,,"-20,0146206","57,5682246",https://maps.google.com/?cid=17721428035442258679&g_mp=Cidnb29nbGUubWFwcy5wbGFjZXMudjEuUGxhY2VzLlNlYXJjaFRleHQQAhgEIAA,12/07/2026,,ChIJB8tLoYKqfSER9zIv9eco7_U
2Beach Club by 2Futures,food,restaurants,"Impasse Pointe d'Azur, Grand Baie",+230 5800 4713,https://2beachclub.mu/,"-19,9926834","57,5922945",https://maps.google.com/?cid=17735784252625993969&g_mp=Cidnb29nbGUubWFwcy5wbGFjZXMudjEuUGxhY2VzLlNlYXJjaFRleHQQAhgEIAA,12/07/2026,,ChIJS7F3Z7arfSER8UC9Ps8pIvY
Kalatua Garden Restaurant,food,restaurants,"MU, Chem. Vingt Pieds, Pereybere 30546",+230 5849 1650,,"-20,0034653","57,6057364",https://maps.google.com/?cid=17374612297033194225&g_mp=Cidnb29nbGUubWFwcy5wbGFjZXMudjEuUGxhY2VzLlNlYXJjaFRleHQQAhgEIAA,12/07/2026,,ChIJwTPN2tCrfSER8RrMWtQFH_E
Ai KISU - LUX* Grand Baie,food,restaurants,"MU, MU LUX*, Coastal Road, Grand Baie 30510",+230 209 2200,https://www.luxresorts.com/en/mauritius/hotel/luxgrandbaie/restaurants-bars/ai-kisu?hotel=LUX-Grand-Baie,"-20,0003914","57,582236",https://maps.google.com/?cid=14924190043862077367&g_mp=Cidnb29nbGUubWFwcy5wbGFjZXMudjEuUGxhY2VzLlNlYXJjaFRleHQQAhgEIAA,12/07/2026,,ChIJ4ZkOI-erfSERtw_S7MVfHc8
Beach House Restaurant & Bar,food,restaurants,"Royal Rd., B13, Grand Baie",+230 263 2599,https://www.thebeachhouse.mu/,"-20,0155571","57,5805129",https://maps.google.com/?cid=4521847715048970014&g_mp=Cidnb29nbGUubWFwcy5wbGFjZXMudjEuUGxhY2VzLlNlYXJjaFRleHQQAhgEIAA,12/07/2026,,ChIJ-cfv7QyrfSERHtfn_4nUwD4
The Fisherman Lounge,food,restaurants,"Coeur de Ville, Grand Baie",+230 5466 3474,http://www.thefishermanlounge.com/,"-20,0130625","57,5866875",https://maps.google.com/?cid=5269121288664297039&g_mp=Cidnb29nbGUubWFwcy5wbGFjZXMudjEuUGxhY2VzLlNlYXJjaFRleHQQAhgEIAA,12/07/2026,,ChIJyxKPFKOrfSERT65IIeWtH0k
Coco piment,food,restaurants,"2H5V+JF2, Grand Baie",+230 5802 3386,,"-19,9910139","57,5937117",https://maps.google.com/?cid=16378013644907682126&g_mp=Cidnb29nbGUubWFwcy5wbGFjZXMudjEuUGxhY2VzLlNlYXJjaFRleHQQAhgEIAA,12/07/2026,,ChIJB8ZoROerfSERThk5t6JkSuM
The Cloud - Rooftop & Lounge Bar,food,restaurants,Grand Baie,+230 5452 7968,https://www.facebook.com/TheCloudMauritius/,"-19,9945772","57,5888213",https://maps.google.com/?cid=10787185168260553597&g_mp=Cidnb29nbGUubWFwcy5wbGFjZXMudjEuUGxhY2VzLlNlYXJjaFRleHQQAhgEIAA,12/07/2026,,ChIJ96NwAgyrfSERfVuI8MHHs5U
Bisou Rooftop Bar & Restaurant - LUX* Grand Baie,food,restaurants,"MU, LUX* Grand Baie, Coastal Road, Grand Baie 30510",+230 209 2200,https://www.luxresorts.com/en/mauritius/hotel/luxgrandbaie/restaurants-bars/bisou?hotel=LUX-Grand-Baie,"-20,0000965","57,5824172",https://maps.google.com/?cid=10098446496927039148&g_mp=Cidnb29nbGUubWFwcy5wbGFjZXMudjEuUGxhY2VzLlNlYXJjaFRleHQQAhgEIAA,12/07/2026,,ChIJaw-nOW2rfSERrL6fyJXjJIw
Chez vassen restaurant,food,restaurants,"MU, Royal road, Grand Baie 30546",+230 5256 5673,,"-19,9868249","57,6007683",https://maps.google.com/?cid=5661185501934295263&g_mp=Cidnb29nbGUubWFwcy5wbGFjZXMudjEuUGxhY2VzLlNlYXJjaFRleHQQAhgEIAA,12/07/2026,,ChIJaeGxDSGrfSER35hiQjiSkE4
Les Canisses Resto & Plage,food,restaurants,Grand Baie,+230 263 5231,https://www.facebook.com/Lescanissesrestobarplage,"-20,0150916","57,5812412",https://maps.google.com/?cid=2338052584137327452&g_mp=Cidnb29nbGUubWFwcy5wbGFjZXMudjEuUGxhY2VzLlNlYXJjaFRleHQQAhgEIAA,12/07/2026,,ChIJcbphAwyrfSERXIOwD3BuciA
The Trojan Horse (The Greeks are Inside),food,restaurants,"Shop 15 Dodo Square, Royal Rd, Grand Baie",+230 5753 2452,http://www.thetrojanhorse.mu/,"-20,0102405","57,5839465",https://maps.google.com/?cid=5645227488531178596&g_mp=Cidnb29nbGUubWFwcy5wbGFjZXMudjEuUGxhY2VzLlNlYXJjaFRleHQQAhgEIAA,12/07/2026,,ChIJMZK9E2WrfSERZOQrun3gV04
Le Poivrier,food,restaurants,"COASTAL ROAD, AROUND THE WORLD, Grand Baie",+230 5702 5956,https://lepoivrier.mu/,"-20,0015375","57,5824929",https://maps.google.com/?cid=7398739424861106479&g_mp=Cidnb29nbGUubWFwcy5wbGFjZXMudjEuUGxhY2VzLlNlYXJjaFRleHQQAhgEIAA,12/07/2026,,ChIJLS-wjPqrfSERLzGGhE6arWY
Dumpling & noodles house 餃子麵館,food,restaurants,"Royal Rd, Grand Baie",+230 5811 6666,,"-20,0164883","57,5770243",https://maps.google.com/?cid=8428366996511145465&g_mp=Cidnb29nbGUubWFwcy5wbGFjZXMudjEuUGxhY2VzLlNlYXJjaFRleHQQAhgEIAA,12/07/2026,,ChIJuVwlKACrfSER-T2svyCT93Q
Mayniko Restaurant & Lounge,food,restaurants,"B13 Royal Rd, Grand Baie",+230 5453 9409,,"-20,0067643","57,5820937",https://maps.google.com/?cid=15637869008096353937&g_mp=Cidnb29nbGUubWFwcy5wbGFjZXMudjEuUGxhY2VzLlNlYXJjaFRleHQQAhgEIAA,12/07/2026,,ChIJWSkU1ACrfSERkV6shwLfBNk
Seb's Kitchen Grand Baie,food,restaurants,"La Salette Rd, Grand Baie",,https://www.facebook.com/sebskitchenmauritius/,"-20,0139851","57,5872349",https://maps.google.com/?cid=5072254859921100087&g_mp=Cidnb29nbGUubWFwcy5wbGFjZXMudjEuUGxhY2VzLlNlYXJjaFRleHQQAhgEIAA,12/07/2026,,ChIJ8-jMbiFbfCERN43Yz-tEZEY
Roots,food,restaurants,"MU, Royal Rd, Grand Baie 30520",+230 269 1544,,"-20,0066477","57,5575768",https://maps.google.com/?cid=16888477727478199083&g_mp=Cidnb29nbGUubWFwcy5wbGFjZXMudjEuUGxhY2VzLlNlYXJjaFRleHQQAhgEIAA,12/07/2026,,ChIJadCQGH-rfSERKzNvnwPtX-o
Le 5 Terre Restaurant et Pinsa,food,restaurants,"Chem. Vingt Pieds, Grand Baie",+230 5505 9179,,"-20,0090902","57,5964341",https://maps.google.com/?cid=13591270115163242206&g_mp=Cidnb29nbGUubWFwcy5wbGFjZXMudjEuUGxhY2VzLlNlYXJjaFRleHQQAhgEIAA,12/07/2026,,ChIJ9fgK_B2rfSER3v6v_Cjknbw
Ti Kouloir,food,restaurants,"XHPM+4JC, Grand Baie",+230 263 5645,,"-20,014695","57,5840102",https://maps.google.com/?cid=486632844213156672&g_mp=Cidnb29nbGUubWFwcy5wbGFjZXMudjEuUGxhY2VzLlNlYXJjaFRleHQQAhgEIAA,12/07/2026,,ChIJo5UnLwmrfSERQPtcV_7dwAY
Sunset Café-Restaurant Grand Baie,food,restaurants,Grand Baie,+230 263 9602,https://sunsetcafe-restaurant.com/,"-20,0132209","57,5835885",https://maps.google.com/?cid=9967761230453159991&g_mp=Cidnb29nbGUubWFwcy5wbGFjZXMudjEuUGxhY2VzLlNlYXJjaFRleHQQAhgEIAA,12/07/2026,,ChIJnfA6EAmrfSERNzgSEweaVIo
Restaurant La Voglia matta 2 grand baie,food,restaurants,"Vingt Pieds Rd, Grand Baie",+230 5856 9118,,"-20,0175403","57,5864954",https://maps.google.com/?cid=9491922620832935536&g_mp=Cidnb29nbGUubWFwcy5wbGFjZXMudjEuUGxhY2VzLlNlYXJjaFRleHQQAhgEIAA,12/07/2026,,ChIJA9pagVarfSERcO49UlUVuoM
La Creolo Café|Resto,food,restaurants,"Coastal Road, Grand Baie",+230 5767 8004,,"-20,006957","57,5820578",https://maps.google.com/?cid=14689650410637343592&g_mp=Cidnb29nbGUubWFwcy5wbGFjZXMudjEuUGxhY2VzLlNlYXJjaFRleHQQAhgEIAA,12/07/2026,,ChIJByqpVACrfSERaLu1KDgf3Ms
L horizon restaurant,food,restaurants,"B13, Grand Baie",+230 5733 2946,,"-20,0154554","57,5703067",https://maps.google.com/?cid=10843689496748167283&g_mp=Cidnb29nbGUubWFwcy5wbGFjZXMudjEuUGxhY2VzLlNlYXJjaFRleHQQAhgEIAA,12/07/2026,,ChIJwVP0gHGrfSERcxBPHCWGfJY
Max Mamma Mia,food,restaurants,"MU, royal road, Grand Baie 30540",+230 5422 4556,https://www.maxmammamia.com/,"-20,0154755","57,5703797",https://maps.google.com/?cid=9020255257309562012&g_mp=Cidnb29nbGUubWFwcy5wbGFjZXMudjEuUGxhY2VzLlNlYXJjaFRleHQQAhgEIAA,12/07/2026,,ChIJH5DvhnGrfSERnERJe11iLn0
Amigo Bar,food,restaurants,"Chem. Vingt Pieds, Grand Baie",+230 5806 0056,https://www.amigo-bar.com/,"-19,9934894","57,613917",https://maps.google.com/?cid=12985025556772101076&g_mp=Cidnb29nbGUubWFwcy5wbGFjZXMudjEuUGxhY2VzLlNlYXJjaFRleHQQAhgEIAA,12/07/2026,,ChIJeffi7KWrfSER1BvFPvITNLQ
The Beach Kitchen restaurant,food,restaurants,"MU, Royal Road, Grand Baie 30510",+230 263 6788,https://beach.kitchen/,"-20,0118002","57,5668986",https://maps.google.com/?cid=17788443508015124754&g_mp=Cidnb29nbGUubWFwcy5wbGFjZXMudjEuUGxhY2VzLlNlYXJjaFRleHQQAhgEIAA,12/07/2026,,ChIJPyBBWCWrfSERElFYkh8_3fY
lecapitaine.restaurant,food,restaurants,"B13 Royal Rd, Grand Baie",+230 5253 5505,https://www.lecapitaine.restaurant/,"-20,0150525","57,5713859",https://maps.google.com/?cid=3402339965061243573&g_mp=Cidnb29nbGUubWFwcy5wbGFjZXMudjEuUGxhY2VzLlNlYXJjaFRleHQQAhgEIAA,12/07/2026,,ChIJK_2YyHCrfSERtSKX_iuKNy8
Chez Meung,food,restaurants,"La colline road, Grand Baie",+230 5924 7838,,"-20,0072954","57,5607201",https://maps.google.com/?cid=383632386559289315&g_mp=Cidnb29nbGUubWFwcy5wbGFjZXMudjEuUGxhY2VzLlNlYXJjaFRleHQQAhgEIAA,12/07/2026,,ChIJRdDrKkmtfSER46czfZ_vUgU
CocoChill Restaurant / Bar à cocktails / Swimming Pool,food,restaurants,"Royal Road, B13",+230 268 3122,http://www.coco-chill.com/,"-20,0106714","57,5637198",https://maps.google.com/?cid=1255695697121884396&g_mp=Cidnb29nbGUubWFwcy5wbGFjZXMudjEuUGxhY2VzLlNlYXJjaFRleHQQAhgEIAA,12/07/2026,,ChIJEbuYehWrfSER7LjvZJUgbRE
Wang Thai,food,restaurants,"1st floor, beach house complex, Coastal Road, Grand Baie",+230 263 4050,https://www.thai.mu/,"-19,9925863","57,592675",https://maps.google.com/?cid=13405135915690224689&g_mp=Cidnb29nbGUubWFwcy5wbGFjZXMudjEuUGxhY2VzLlNlYXJjaFRleHQQAhgEIAA,12/07/2026,,ChIJGTBmd7arfSERMeyLhBecCLo
The Garden Grill,food,restaurants,"B13 Coastal Road, Grand Baie",+230 263 8817,https://gardengrillrestaurant.com/,"-20,0089658","57,5817855",https://maps.google.com/?cid=7076741041504608797&g_mp=Cidnb29nbGUubWFwcy5wbGFjZXMudjEuUGxhY2VzLlNlYXJjaFRleHQQAhgEIAA,12/07/2026,,ChIJi5vIaMmrfSERHWJPqnuiNWI
Kogi Kogi Grand Baie,food,restaurants,"1F Northpoint Building, Opposite Le Bambou Nightclub, Twenty-Foot Rd, Grand Baie",+230 5251 8549,,"-20,0177948","57,5866343",https://maps.google.com/?cid=6251710170921370248&g_mp=Cidnb29nbGUubWFwcy5wbGFjZXMudjEuUGxhY2VzLlNlYXJjaFRleHQQAhgEIAA,12/07/2026,,ChIJyZvI1GarfSERiAJ3CEeJwlY
Luigi's Italian Pizzeria & Pasta Bar,food,restaurants,"Royal Road, B13, Grand Baie",+230 269 1125,http://www.luigipizza.org/,"-20,0243143","57,5763775",https://maps.google.com/?cid=9403711998694239506&g_mp=Cidnb29nbGUubWFwcy5wbGFjZXMudjEuUGxhY2VzLlNlYXJjaFRleHQQAhgEIAA,12/07/2026,,ChIJHeM6KqerfSEREq0_ZD2ygII
Divino,food,restaurants,"XHHH+3JR, Grand Baie",+230 269 6935,https://visit.today/mauritius/fr/about/divino-283,"-20,0222701","57,5790195",https://maps.google.com/?cid=13864204562442488708&g_mp=Cidnb29nbGUubWFwcy5wbGFjZXMudjEuUGxhY2VzLlNlYXJjaFRleHQQAhgEIAA,12/07/2026,,ChIJ3ZrHUxKrfSERhAu8BZiMZ8A
The Hive Resto Bar,food,restaurants,Grand Baie,+230 268 0009,https://grubmates.io/locations/grandbaie/thehive.php,"-19,9928935","57,5923242",https://maps.google.com/?cid=9118784454471385762&g_mp=Cidnb29nbGUubWFwcy5wbGFjZXMudjEuUGxhY2VzLlNlYXJjaFRleHQQAhgEIAA,12/07/2026,,ChIJk3eplZqrfSERogIf4CVujH4
Chez cousine - farata et gateaux,food,restaurants,"2H4R+6G3, Grand Baie",,,"-19,9944771","57,5912872",https://maps.google.com/?cid=11187342399705637432&g_mp=Cidnb29nbGUubWFwcy5wbGFjZXMudjEuUGxhY2VzLlNlYXJjaFRleHQQAhgEIAA,12/07/2026,,ChIJS1Gt0R6rfSEROOIes6NsQZs
L'Espadon restaurant,food,restaurants,"Route Royal Pointe Aux Cannoniers Grand Baie, XHQ7+MGP, Pamplemousses district",+230 263 4784,,"-20,0107988","57,5638409",https://maps.google.com/?cid=6251719994344016754&g_mp=Cidnb29nbGUubWFwcy5wbGFjZXMudjEuUGxhY2VzLlNlYXJjaFRleHQQAhgEIAA,12/07/2026,,ChIJpXfi-HmrfSERcgsVOjaSwlY
D'Ernys Restaurant,food,restaurants,Grand Baie,+230 5772 6755,,"-19,9937314","57,5920459",https://maps.google.com/?cid=8400978038755356896&g_mp=Cidnb29nbGUubWFwcy5wbGFjZXMudjEuUGxhY2VzLlNlYXJjaFRleHQQAhgEIAA,12/07/2026,,ChIJk8lMjrarfSER4PDeFQRFlnQ
Moods Skybar,food,bars,"Costal Rd, Grand Baie",+230 260 8787,,"-20,0152638","57,5829576",https://maps.google.com/?cid=15247323821789190210&g_mp=Cidnb29nbGUubWFwcy5wbGFjZXMudjEuUGxhY2VzLlNlYXJjaFRleHQQAhgEIAA,12/07/2026,,ChIJcToZ-p-rfSERQpgYbTtgmdM
Barevoo,food,bars,"Route Royale, Grand Baie",,https://www.facebook.com/Barevoo,"-20,0067529","57,5821314",https://maps.google.com/?cid=4225896659450338883&g_mp=Cidnb29nbGUubWFwcy5wbGFjZXMudjEuUGxhY2VzLlNlYXJjaFRleHQQAhgEIAA,12/07/2026,,ChIJv7Fj16arfSERQx4MPJ9mpTo
La Raie Manta,food,bars,"Rte de la Salette, Grand Baie",+230 5752 2591,https://www.facebook.com/profile.php?id=100090341207059,"-20,0130849","57,5848775",https://maps.google.com/?cid=599271753932241099&g_mp=Cidnb29nbGUubWFwcy5wbGFjZXMudjEuUGxhY2VzLlNlYXJjaFRleHQQAhgEIAA,12/07/2026,,ChIJtw0hcaqrfSERy3gOMXwKUQg
Insomnia Night Club,food,bars,"Grand Baie Rd, Grand Baie",,,"-20,0064493","57,5818545",https://maps.google.com/?cid=16722859063691761279&g_mp=Cidnb29nbGUubWFwcy5wbGFjZXMudjEuUGxhY2VzLlNlYXJjaFRleHQQAhgEIAA,12/07/2026,,ChIJrT0BvAVTfCERf9ZEiLeHE-g
Fleur de mer,food,bars,"XHQM+2QC Plage, Grand Baie",,,"-20,0124367","57,5843843",https://maps.google.com/?cid=15460748578527106159&g_mp=Cidnb29nbGUubWFwcy5wbGFjZXMudjEuUGxhY2VzLlNlYXJjaFRleHQQAhgEIAA,12/07/2026,,ChIJU2KFHQCrfSERb9S76Oqcj9Y
ROOFTOP (Adults only - Restaurant - Bar & Lounge),food,bars,"Inside Ocean V Hotel, Corner Royal Road and Old Mill Rd, Grand Baie",+230 260 2200,https://searesortshotels.com/ocean-v/,"-19,9963743","57,5878281",https://maps.google.com/?cid=13641827225285642346&g_mp=Cidnb29nbGUubWFwcy5wbGFjZXMudjEuUGxhY2VzLlNlYXJjaFRleHQQAhgEIAA,12/07/2026,,ChIJbY6DvSqrfSERakhnepWBUb0
Baywatch Bar,food,bars,"XHRJ+92P, Grand Baie",+230 204 2000,,"-20,0090368","57,5800802",https://maps.google.com/?cid=839877391750722750&g_mp=Cidnb29nbGUubWFwcy5wbGFjZXMudjEuUGxhY2VzLlNlYXJjaFRleHQQAhgEIAA,12/07/2026,,ChIJqT0HjGirfSERvvQutgnYpws
The Shacks ~ Grand Bay Mauritius,food,bars,"Chemin Vingt pieds MU, Sottise Roundabout, Grand Baie 00000",+230 5500 1234,http://www.theshacks.mu/,"-20,019541","57,5842004",https://maps.google.com/?cid=11100221800139126170&g_mp=Cidnb29nbGUubWFwcy5wbGFjZXMudjEuUGxhY2VzLlNlYXJjaFRleHQQAhgEIAA,12/07/2026,,ChIJPfOlEKerfSERmvVWberoC5o
Shisha Flavours Lounge,food,bars,"ORCHIDÉES STREET, Grand Baie",+230 5888 2855,http://shishaflavourslounge.com/,"-20,0150623","57,5831909",https://maps.google.com/?cid=13655304536411397284&g_mp=Cidnb29nbGUubWFwcy5wbGFjZXMudjEuUGxhY2VzLlNlYXJjaFRleHQQAhgEIAA,12/07/2026,,ChIJef0Cw2arfSERpNyUgCBjgb0
Safari Bar - Mauritius,food,bars,Grand Baie,+230 5885 9616,https://www.facebook.com/SafaribarMauritius,"-20,0056231","57,5818733",https://maps.google.com/?cid=5483174705183196903&g_mp=Cidnb29nbGUubWFwcy5wbGFjZXMudjEuUGxhY2VzLlNlYXJjaFRleHQQAhgEIAA,12/07/2026,,ChIJK_ENyqarfSER5wba31cmGEw
The Tavern,food,bars,"B13, Grand Baie 30525",+230 5766 9789,,"-20,0064866","57,5818802",https://maps.google.com/?cid=8885315379827058199&g_mp=Cidnb29nbGUubWFwcy5wbGFjZXMudjEuUGxhY2VzLlNlYXJjaFRleHQQAhgEIAA,12/07/2026,,ChIJ-8x31KarfSERFybo80L7Tns
Le Pôle,food,bars,"School road morcellement boucan, Grand Baie 30529",+230 5713 7878,https://www.facebook.com/lepolegb,"-20,0167536","57,5838032",https://maps.google.com/?cid=9532550947943284175&g_mp=Cidnb29nbGUubWFwcy5wbGFjZXMudjEuUGxhY2VzLlNlYXJjaFRleHQQAhgEIAA,12/07/2026,,ChIJM6YI5g6rfSERz_1435RsSoQ
L'Endroit,food,bars,"XHJP+WHJ, Chem. Vingt Pieds, Grand Baie",,,"-20,0176307","57,5863536",https://maps.google.com/?cid=15151486916058239524&g_mp=Cidnb29nbGUubWFwcy5wbGFjZXMudjEuUGxhY2VzLlNlYXJjaFRleHQQAhgEIAA,12/07/2026,,ChIJwaevYgCrfSERJFKh-hLlRNI
Bar,food,bars,"XHPM+WP7, Grand Baie",+230 263 7041,,"-20,0127008","57,5842897",https://maps.google.com/?cid=15449283965678022259&g_mp=Cidnb29nbGUubWFwcy5wbGFjZXMudjEuUGxhY2VzLlNlYXJjaFRleHQQAhgEIAA,12/07/2026,,ChIJo919CVirfSERc25guOnhZtY
The Gourmet Grill,food,bars,"MU, Royal Rd, Grand Baie 30512",+230 5252 0897,https://www.facebook.com/thegrill.page/,"-20,0098758","57,5829729",https://maps.google.com/?cid=581802600573556325&g_mp=Cidnb29nbGUubWFwcy5wbGFjZXMudjEuUGxhY2VzLlNlYXJjaFRleHQQAhgEIAA,12/07/2026,,ChIJPVTD3wmrfSERZdaV-GH6Egg
Black Basement - Restaurant & Rum Bar,food,bars,"MU, Royal Road, Grand Gaube 30604",+230 5851 6656,https://www.facebook.com/profile.php?id=61564371025993,"-20,0080134","57,6427798",https://maps.google.com/?cid=2966331538506912632&g_mp=Cidnb29nbGUubWFwcy5wbGFjZXMudjEuUGxhY2VzLlNlYXJjaFRleHQQAhgEIAA,12/07/2026,,ChIJbduEneOrfSEReBO-ZtGGKik
Grill & Chill,food,bars,"Royal Road, Pereybere Beach, Pereybere, 30546, Grand Baie",+230 5250 7640,,"-19,9942936","57,5916957",https://maps.google.com/?cid=4569836543880428484&g_mp=Cidnb29nbGUubWFwcy5wbGFjZXMudjEuUGxhY2VzLlNlYXJjaFRleHQQAhgEIAA,12/07/2026,,ChIJ_54rjrarfSERxHuX5x9Saz8
Kiosque Magique,food,bars,"Mont Choisy, Grand Baie",+230 5914 7735,https://www.facebook.com/groups/725396627519347/,"-20,0138607","57,5573814",https://maps.google.com/?cid=13938600893590648864&g_mp=Cidnb29nbGUubWFwcy5wbGFjZXMudjEuUGxhY2VzLlNlYXJjaFRleHQQAhgEIAA,12/07/2026,,ChIJ_xmp63yrfSERILhpsKnbb8E
Esprit Libre Hôtel Grand Baie,food,bars,"MU, Rue Bourdet, Grand Baie 34000",+230 269 1159,http://www.espritlibremaurice.com/,"-20,007841","57,5580625",https://maps.google.com/?cid=7047116670522410066&g_mp=Cidnb29nbGUubWFwcy5wbGFjZXMudjEuUGxhY2VzLlNlYXJjaFRleHQQAhgEIAA,12/07/2026,,ChIJh3Ju2n6rfSERUsQ4TUZjzGE
The Altimate Sushi Bar& Grill,food,bars,"Lifestyle boulevard, Sottise Rd, Grand Baie",+230 5807 8830,,"-20,0262714","57,5927821",https://maps.google.com/?cid=17061352237580958838&g_mp=Cidnb29nbGUubWFwcy5wbGFjZXMudjEuUGxhY2VzLlNlYXJjaFRleHQQAhgEIAA,12/07/2026,,ChIJi3YcqDKrfSERdjzUFHcZxuw
Restaurant Vieille Rouge,food,bars,"Route de la Salette, Grand Baie",+230 5752 2591,,"-20,0130699","57,5848298",https://maps.google.com/?cid=11653430540705791367&g_mp=Cidnb29nbGUubWFwcy5wbGFjZXMudjEuUGxhY2VzLlNlYXJjaFRleHQQAhgEIAA,12/07/2026,,ChIJ8YL0-wirfSERh_10kVVNuaE
Le Cabanon * Bar à Coquillettes * Grand Baie,food,snacks-plage,"Royal road, Grand Baie",+230 5858 3125,,"-20,0083844","57,5600337",https://maps.google.com/?cid=7553506428735104922&g_mp=Cidnb29nbGUubWFwcy5wbGFjZXMudjEuUGxhY2VzLlNlYXJjaFRleHQQAhgEIAA,12/07/2026,,ChIJg6JoIZCrfSERmqdipRNy02g
Mamou Snack,food,snacks-plage,"XHV4+G8Q, B13, Grand Baie",+230 5775 6277,,"-20,0061529","57,5558529",https://maps.google.com/?cid=3164013522532268588&g_mp=Cidnb29nbGUubWFwcy5wbGFjZXMudjEuUGxhY2VzLlNlYXJjaFRleHQQAhgEIAA,12/07/2026,,ChIJMcUPkwqrfSERLHoR-4jV6Cs
Café De Grand Baie Plage,food,snacks-plage,"XHPM+WPP, Grand Baie",+230 263 7041,,"-20,0126674","57,5843329",https://maps.google.com/?cid=209455515285704009&g_mp=Cidnb29nbGUubWFwcy5wbGFjZXMudjEuUGxhY2VzLlNlYXJjaFRleHQQAhgEIAA,12/07/2026,,ChIJSUcbAQmrfSERSc3ZcK4i6AI
Camille snack,food,snacks-plage,"XHVH+28R La cuvette beach, Grand Baie",+230 5858 6655,,"-20,0073929","57,578278",https://maps.google.com/?cid=9367008926152213500&g_mp=Cidnb29nbGUubWFwcy5wbGFjZXMudjEuUGxhY2VzLlNlYXJjaFRleHQQAhgEIAA,12/07/2026,,ChIJKfgXR0WrfSER_EM3Y_1M_oE
A1 snack,food,snacks-plage,"XHM5+Q28, Grand Baie",,,"-20,0157726","57,5576748",https://maps.google.com/?cid=2496963481294887752&g_mp=Cidnb29nbGUubWFwcy5wbGFjZXMudjEuUGxhY2VzLlNlYXJjaFRleHQQAhgEIAA,12/07/2026,,ChIJ0eCfu9qrfSERSFu0hw7_piI
QG,food,snacks-plage,"MU, Rte de la Salette, Grand Baie 30551",+230 5985 1168,,"-20,013409","57,5862494",https://maps.google.com/?cid=10963546888944918625&g_mp=Cidnb29nbGUubWFwcy5wbGFjZXMudjEuUGxhY2VzLlNlYXJjaFRleHQQAhgEIAA,12/07/2026,,ChIJ6SpEb76rfSERYaDm4c5XJpg
Vik Snack,food,snacks-plage,Grand Baie,+230 5763 8369,,"-20,0125234","57,5861166",https://maps.google.com/?cid=4652962848619651557&g_mp=Cidnb29nbGUubWFwcy5wbGFjZXMudjEuUGxhY2VzLlNlYXJjaFRleHQQAhgEIAA,12/07/2026,,ChIJCybmOwirfSER5WEQ8Q6lkkA
La Roulotte Fast Food,food,snacks-plage,Grand Baie,+230 5422 8542,,"-20,013926","57,5572867",https://maps.google.com/?cid=4568503843732668376&g_mp=Cidnb29nbGUubWFwcy5wbGFjZXMudjEuUGxhY2VzLlNlYXJjaFRleHQQAhgEIAA,12/07/2026,,ChIJAR8TfhWrfSER2D-xeAqWZj8
Nanda Snack,food,snacks-plage,"B13, Grand Baie",+230 5767 2262,,"-20,0159497","57,5762035",https://maps.google.com/?cid=16983063459200330193&g_mp=Cidnb29nbGUubWFwcy5wbGFjZXMudjEuUGxhY2VzLlNlYXJjaFRleHQQAhgEIAA,12/07/2026,,ChIJx1QK1AyrfSER0WmNazz2r-s
Manisha Repas Local,food,snacks-plage,"XHVJ+2P4, Grand Baie",+230 5926 9234,https://www.facebook.com/manisharepaslocal/,"-20,0074529","57,58188",https://maps.google.com/?cid=16088627625539210196&g_mp=Cidnb29nbGUubWFwcy5wbGFjZXMudjEuUGxhY2VzLlNlYXJjaFRleHQQAhgEIAA,12/07/2026,,ChIJzUXLP0qrfSER1AvNj5VJRt8
Chez Stef Snack,food,snacks-plage,"XHMF+QM9 Route Royale, Route Royale, Grand Baie",+230 5914 7663,,"-20,015582","57,5742291",https://maps.google.com/?cid=1448008871810503057&g_mp=Cidnb29nbGUubWFwcy5wbGFjZXMudjEuUGxhY2VzLlNlYXJjaFRleHQQAhgEIAA,12/07/2026,,ChIJ08rBsSarfSERkRHho2VcGBQ
La Jefa Loca,food,snacks-plage,"Royal Rd, Grand Baie",+230 5981 2924,,"-20,0155182","57,5739374",https://maps.google.com/?cid=12972493889163849505&g_mp=Cidnb29nbGUubWFwcy5wbGFjZXMudjEuUGxhY2VzLlNlYXJjaFRleHQQAhgEIAA,12/07/2026,,ChIJ09q_uUarfSERIW-JAnaOB7Q
La Marinara,food,snacks-plage,"Royal Road, Grand Baie",+230 5848 4681,https://www.facebook.com/profile.php?id=100090725204275,"-20,0160981","57,5765149",https://maps.google.com/?cid=3267319225667204863&g_mp=Cidnb29nbGUubWFwcy5wbGFjZXMudjEuUGxhY2VzLlNlYXJjaFRleHQQAhgEIAA,12/07/2026,,ChIJoyjJa-OrfSER_7ayVYbZVy0
Sarbon Burger & Grill,food,snacks-plage,"XHMG+J4V, Grand Baie",+230 5786 7555,,"-20,0158818","57,5753019",https://maps.google.com/?cid=5527780501922236857&g_mp=Cidnb29nbGUubWFwcy5wbGFjZXMudjEuUGxhY2VzLlNlYXJjaFRleHQQAhgEIAA,12/07/2026,,ChIJnSO9KHOrfSERuclnPRSftkw
Chez Vanessa,food,snacks-plage,"2H4R+6FF, B13, Grand Baie",+230 5911 9486,http://chez-vanessa-pereybere.lovable.app/,"-19,9944444","57,5911807",https://maps.google.com/?cid=2763487818699108722&g_mp=Cidnb29nbGUubWFwcy5wbGFjZXMudjEuUGxhY2VzLlNlYXJjaFRleHQQAhgEIAA,12/07/2026,,ChIJzcMKciurfSERcvGtjofhWSY
Le Moment De Plaisir Snack,food,snacks-plage,"XJXP+39V, Calodyne",+230 5788 3324,,"-20,0022695","57,6359291",https://maps.google.com/?cid=18324607939911370139&g_mp=Cidnb29nbGUubWFwcy5wbGFjZXMudjEuUGxhY2VzLlNlYXJjaFRleHQQAhgEIAA,12/07/2026,,ChIJayZ3g6urfSERm0W4WtUVTv4
Sundeck beach food,food,snacks-plage,"MU, mont choisy beach, Grand Baie 12345",+230 5718 1438,https://www.instagram.com/sundeck_beach_food?igsh=MWNjZ2d3cHo4aGxmYg%3D%3D&utm_source=qr,"-20,0108745","57,5568432",https://maps.google.com/?cid=2933362130888841223&g_mp=Cidnb29nbGUubWFwcy5wbGFjZXMudjEuUGxhY2VzLlNlYXJjaFRleHQQAhgEIAA,12/07/2026,,ChIJkVvjMiSrfSERB1g2AVFltSg
Chez Poum - La Cuisine Roulante,food,snacks-plage,"Mont choisy beach, Grand Baie",+230 5711 5469,,"-20,010499","57,5565214",https://maps.google.com/?cid=15128096006761803659&g_mp=Cidnb29nbGUubWFwcy5wbGFjZXMudjEuUGxhY2VzLlNlYXJjaFRleHQQAhgEIAA,12/07/2026,,ChIJ26nJMXyrfSERi-8KgyrL8dE
Pizza Panpiz,food,snacks-plage,"MU, B13 Coastal Road, Grand Baie 30512",+230 5981 5018,,"-20,0080245","57,5818483",https://maps.google.com/?cid=8407423252875332309&g_mp=Cidnb29nbGUubWFwcy5wbGFjZXMudjEuUGxhY2VzLlNlYXJjaFRleHQQAhgEIAA,12/07/2026,,ChIJfwCatyirfSER1Ur-b-cqrXQ
Nana mama,food,snacks-plage,Cap Malheureux,+230 5979 7668,,"-19,9866197","57,604421",https://maps.google.com/?cid=1531320366456020670&g_mp=Cidnb29nbGUubWFwcy5wbGFjZXMudjEuUGxhY2VzLlNlYXJjaFRleHQQAhgEIAA,12/07/2026,,ChIJ3VcrTwCrfSERvp7uj8JXQBU
Sunset Filaos,food,snacks-plage,"Royal Road grande, Pointe aux Piments",+230 5816 6627,,"-20,0644066","57,5200488",https://maps.google.com/?cid=10182221832191166209&g_mp=Cidnb29nbGUubWFwcy5wbGFjZXMudjEuUGxhY2VzLlNlYXJjaFRleHQQAhgEIAA,12/07/2026,,ChIJXULc8H1TfCERAUf7A8-ETo0
Mississippi Fried Chicken,food,snacks-plage,"2H3R+R58, Grand Baie",+230 263 9020,,"-19,9954529","57,5904669",https://maps.google.com/?cid=15373845289169514984&g_mp=Cidnb29nbGUubWFwcy5wbGFjZXMudjEuUGxhY2VzLlNlYXJjaFRleHQQAhgEIAA,12/07/2026,,ChIJ7bxolrarfSER6PHCHNbeWtU
Le bénitier,food,snacks-plage,"Le bénitier, Royal Road Pereybère MU, Grand Baie 30546",+230 5749 0035,https://www.tripadvisor.fr/Restaurant_Review-g1905319-d3753221-Reviews-Restaurant_Le_Benitier-Pereybere.html,"-19,9941497","57,5919639",https://maps.google.com/?cid=17794017548583192783&g_mp=Cidnb29nbGUubWFwcy5wbGFjZXMudjEuUGxhY2VzLlNlYXJjaFRleHQQAhgEIAA,12/07/2026,,ChIJO6kqhwerfSERz0heBq8M8fY
Blu-Vital Fast food & Snack,food,snacks-plage,"Trou aux biches beach, Trou-aux-Biches",,https://www.tripadvisor.co.uk/Restaurant_Review-g488106-d13219631-Reviews-Blu_Vital_Fast_Food-Trou_aux_Biches.html,"-20,0352717","57,545056",https://maps.google.com/?cid=4016036910920307127&g_mp=Cidnb29nbGUubWFwcy5wbGFjZXMudjEuUGxhY2VzLlNlYXJjaFRleHQQAhgEIAA,12/07/2026,,ChIJ6050Eq-sfSERtxFD6ErUuzc
Mont Choisy swimming seaside,food,snacks-plage,"XHJ4+R99, Grand Baie",,,"-20,0179576","57,555993",https://maps.google.com/?cid=6201029223008778051&g_mp=Cidnb29nbGUubWFwcy5wbGFjZXMudjEuUGxhY2VzLlNlYXJjaFRleHQQAhgEIAA,12/07/2026,,ChIJ3cuu8YCrfSERQzdBTzl7DlY
Kimae,food,tables-hotes,"MU, Chem. Vingt Pieds, Grand Baie 30510",+230 7013 4402,https://kimae.mu/,"-20,0000031","57,6148817",https://maps.google.com/?cid=9741034911416905051&g_mp=Cidnb29nbGUubWFwcy5wbGFjZXMudjEuUGxhY2VzLlNlYXJjaFRleHQQAhgEIAA,12/07/2026,,ChIJ-d1dpa2rfSERW-2uR6QbL4c
Toparadis Guest House & Restaurant,food,tables-hotes,"Route Cotière, Cap Malheureux",+230 262 8045,http://toparadis.com/,"-19,987993","57,5968261",https://maps.google.com/?cid=8395316307777173732&g_mp=Cidnb29nbGUubWFwcy5wbGFjZXMudjEuUGxhY2VzLlNlYXJjaFRleHQQAhgEIAA,12/07/2026,,ChIJAQAAQLCrfSER5DganrMngnQ
Auberge Miko,food,tables-hotes,"Auberge Miko Morcellement Boucan MU, Grand Baie 30529",+230 5706 3754,https://aubergemiko.mu/,"-20,0164549","57,5846071",https://maps.google.com/?cid=8020827123728790149&g_mp=Cidnb29nbGUubWFwcy5wbGFjZXMudjEuUGxhY2VzLlNlYXJjaFRleHQQAhgEIAA,12/07/2026,,ChIJxeHkIA-rfSERhTKs2sWzT28
Maison Du Nord,food,tables-hotes,"MU, Lauriers Road, Pointe aux Canonniers 30520",+230 260 1900,http://maisondunord.com/,"-20,0085856","57,5662727",https://maps.google.com/?cid=17843045493057664176&g_mp=Cidnb29nbGUubWFwcy5wbGFjZXMudjEuUGxhY2VzLlNlYXJjaFRleHQQAhgEIAA,12/07/2026,,ChIJxcL9YgarfSERsDTW5FY7n_c
Les Trois Fleurs,food,tables-hotes,"Jasmine Ave, Grand Baie",,http://www.les-trois-fleurs.com/,"-20,006382","57,5673562",https://maps.google.com/?cid=9944661334279394686&g_mp=Cidnb29nbGUubWFwcy5wbGFjZXMudjEuUGxhY2VzLlNlYXJjaFRleHQQAhgEIAA,12/07/2026,,ChIJD25mgp2rfSERfhVJYcuIAoo
Le Lotus,food,tables-hotes,"XHMM+PC9, Morcellement Boucan Road, Grand Baie",+230 5913 4235,,"-20,015716","57,583599",https://maps.google.com/?cid=8323521240949346936&g_mp=Cidnb29nbGUubWFwcy5wbGFjZXMudjEuUGxhY2VzLlNlYXJjaFRleHQQAhgEIAA,12/07/2026,,ChIJ46dFzg6rfSEReFI0_3cWg3M
"Stella Rina"" Adult Only""",food,tables-hotes,"Reservoir Road, Grand Baie",+230 5518 6327,https://stellarinahotel.com/,"-20,0171837","57,5699555",https://maps.google.com/?cid=13910198694774947184&g_mp=Cidnb29nbGUubWFwcy5wbGFjZXMudjEuUGxhY2VzLlNlYXJjaFRleHQQAhgEIAA,12/07/2026,,ChIJ11EVAHKrfSERcL0pdQP0CsE
Maison à Grand Baie,food,tables-hotes,"Grand Baie, Maurice",,https://travel.homerez.com/fr/book/23705402/property,"-20,0181102","57,5801429",https://maps.google.com/?cid=13163266623389965584&g_mp=Cidnb29nbGUubWFwcy5wbGFjZXMudjEuUGxhY2VzLlNlYXJjaFRleHQQAhgEIAA,12/07/2026,,ChIJ41Favw2rfSEREB3qgkBRrbY
Bleu De Toi Boutique Guesthouse,food,tables-hotes,"MU, Coastal Road, Pereybere 30546",+230 5973 0013,https://www.bleudetoi.mu/,"-19,9973051","57,5870819",https://maps.google.com/?cid=12052825285667568578&g_mp=Cidnb29nbGUubWFwcy5wbGFjZXMudjEuUGxhY2VzLlNlYXJjaFRleHQQAhgEIAA,12/07/2026,,ChIJKVCRZLqrfSERwrsPHL08RKc
Lazy Lobster,food,tables-hotes,"MU, Royal Road, Grand Baie 30510",+230 209 8000,https://veranda-resorts.com/en/mauritius-hotel-veranda-grand-baie/restaurants-and-bars,"-20,0085572","57,5786818",https://maps.google.com/?cid=4389948295472760797&g_mp=Cidnb29nbGUubWFwcy5wbGFjZXMudjEuUGxhY2VzLlNlYXJjaFRleHQQAhgEIAA,12/07/2026,,ChIJ2z-eZECrfSER3Uf8Pbc67Dw
Safari Guest House,food,tables-hotes,Grand Baie,+230 5755 3422,https://www.facebook.com/Safari-Guest-House-143709965970835,"-20,0165636","57,582394",https://maps.google.com/?cid=13313163105201740113&g_mp=Cidnb29nbGUubWFwcy5wbGFjZXMudjEuUGxhY2VzLlNlYXJjaFRleHQQAhgEIAA,12/07/2026,,ChIJ8a8l5rirfSERUdli2k7bwbg
Sous le Badamier - Boutique Hotel & Spa,food,tables-hotes,"MU, Xclub road, Pointe aux Canonniers 30515",+230 5487 9017,https://www.souslebadamier.mu/,"-20,0096186","57,5665648",https://maps.google.com/?cid=12111266562650932076&g_mp=Cidnb29nbGUubWFwcy5wbGFjZXMudjEuUGxhY2VzLlNlYXJjaFRleHQQAhgEIAA,12/07/2026,,ChIJ11smE3erfSERbAPgPsXcE6g
La Serenade Bed and Breakfast,food,tables-hotes,"Lot 14 (Maharana Pratap Lane), Morcellement St. Honoré, Grand Baie",+230 269 3124,,"-20,0151356","57,587252",https://maps.google.com/?cid=12984717111638942170&g_mp=Cidnb29nbGUubWFwcy5wbGFjZXMudjEuUGxhY2VzLlNlYXJjaFRleHQQAhgEIAA,12/07/2026,,ChIJc1dWHQarfSER2uEsxGr7MrQ
Chez Tante Athalie - Table d'hôte,food,tables-hotes,"Mon Repos, A2, Pamplemousses",+230 243 9266,,"-20,1130625","57,5964375",https://maps.google.com/?cid=13510759913590063903&g_mp=Cidnb29nbGUubWFwcy5wbGFjZXMudjEuUGxhY2VzLlNlYXJjaFRleHQQAhgEIAA,12/07/2026,,ChIJdbg5ZUtUfCERH4Mf747cf7s
Ocean Lake Tourist Residence,food,tables-hotes,"Royal Rd, Grand Baie",+230 263 7060,,"-20,011867","57,5847636",https://maps.google.com/?cid=14805296124441673136&g_mp=Cidnb29nbGUubWFwcy5wbGFjZXMudjEuUGxhY2VzLlNlYXJjaFRleHQQAhgEIAA,12/07/2026,,ChIJ0ZGISgirfSERsD3QI2L6ds0
VILLA LE DAUPHIN DU LAGON BLEU - PEREYBERE - GRAND BAIE,food,tables-hotes,"Grand Baie, Maurice",,https://www.bluepillow.fr/search/67a23ba5905c444f2d06545e?dest=ago&cat=Vacation+rental+(other)&lat=-20.003&lng=57.5931&language=fr,"-20,0030003","57,5931015",https://maps.google.com/?cid=12333342217565375799&g_mp=Cidnb29nbGUubWFwcy5wbGFjZXMudjEuUGxhY2VzLlNlYXJjaFRleHQQAhgEIAA,12/07/2026,,ChIJacYm2a2rfSERNw1Q62bVKKs
Villa Narmada,food,tables-hotes,"Aquamarine Lane, Grand Baie",+230 5910 5701,http://www.villanarmada.com/,"-20,0125332","57,5900045",https://maps.google.com/?cid=5232806576876168990&g_mp=Cidnb29nbGUubWFwcy5wbGFjZXMudjEuUGxhY2VzLlNlYXJjaFRleHQQAhgEIAA,12/07/2026,,ChIJ1eSJ_QirfSERHicIadupnkg
Panda Express Guesthouse,food,tables-hotes,"Grand Baie, Coastal RoadXHMG+9QQ",+230 5837 8880,,"-20,0165314","57,5769738",https://maps.google.com/?cid=17606477064516181166&g_mp=Cidnb29nbGUubWFwcy5wbGFjZXMudjEuUGxhY2VzLlNlYXJjaFRleHQQAhgEIAA,12/07/2026,,ChIJrXIKGwCrfSERrpyMaJvFVvQ
LUX* Grand Baie,food,tables-hotes,"MU, Coastal Road, Grand Baie 30510",+230 209 2200,https://www.luxresorts.com/en/mauritius/hotel/luxgrandbaie,"-20,0007578","57,5830143",https://maps.google.com/?cid=10369467671528760964&g_mp=Cidnb29nbGUubWFwcy5wbGFjZXMudjEuUGxhY2VzLlNlYXJjaFRleHQQAhgEIAA,12/07/2026,,ChIJmQGOpx2rfSERhGZeT-i_548
Azur Paradise,food,tables-hotes,"XHMM+W52, Costal Rd, Grand Baie",+230 260 8787,http://azurparadise.mu/,"-20,015227","57,5829011",https://maps.google.com/?cid=2957883962043794943&g_mp=Cidnb29nbGUubWFwcy5wbGFjZXMudjEuUGxhY2VzLlNlYXJjaFRleHQQAhgEIAA,12/07/2026,,ChIJqyKPtg6rfSER_wVyvMqDDCk
Residence Grand Baie,food,tables-hotes,"Grand Baie, Maurice",,,"-20,00914","57,5877381",https://maps.google.com/?cid=5063055935233920725&g_mp=Cidnb29nbGUubWFwcy5wbGFjZXMudjEuUGxhY2VzLlNlYXJjaFRleHQQAhgEIAA,12/07/2026,,ChIJ84gRdairfSER1Q6NQYyWQ0Y
Ocean Villas Hotel,food,tables-hotes,"Royal Rd, Grand Baie 30510",+230 263 1000,http://www.ocean-villas.com/,"-20,0116788","57,5656181",https://maps.google.com/?cid=14057763409753022256&g_mp=Cidnb29nbGUubWFwcy5wbGFjZXMudjEuUGxhY2VzLlNlYXJjaFRleHQQAhgEIAA,12/07/2026,,ChIJIe8KzXurfSERMB_QBlc1F8M
Le Mandala Moris Boutique Hotel,food,tables-hotes,"Rue des Etoiles, Pointe aux Canonniers 00230",+230 5255 8469,http://www.lemandalamoris.com/,"-20,0085713","57,5625912",https://maps.google.com/?cid=7393051233151161292&g_mp=Cidnb29nbGUubWFwcy5wbGFjZXMudjEuUGxhY2VzLlNlYXJjaFRleHQQAhgEIAA,12/07/2026,,ChIJeU-JsXmrfSERzBM9Lu1kmWY
Casa Florida,food,tables-hotes,"Mont Oreb Lane, Grand Baie",+230 263 0080,https://www.casafloridahotel.com/en/fr-accueil,"-19,9916197","57,5948636",https://maps.google.com/?cid=18328347088288368300&g_mp=Cidnb29nbGUubWFwcy5wbGFjZXMudjEuUGxhY2VzLlNlYXJjaFRleHQQAhgEIAA,12/07/2026,,ChIJQVzc0barfSERrEZ-rZFeW_4
Azure Beach Boutique Hotel,food,tables-hotes,"route royal grand baie, sunset boulevard, Grand Baie",+230 263 5900,https://sites.google.com/view/azure-beach-boutique-hotel/,"-20,0143236","57,5837734",https://maps.google.com/?cid=13117429871123360889&g_mp=Cidnb29nbGUubWFwcy5wbGFjZXMudjEuUGxhY2VzLlNlYXJjaFRleHQQAhgEIAA,12/07/2026,,ChIJeb7iLEmtfSEReexn-vd4CrY
Dodola Lodge,food,tables-hotes,"Corner of Jolicoeur and Royal Road, B13, Grand Baie",+230 263 8140,http://www.dodolalodge.com/,"-19,9955365","57,5906783",https://maps.google.com/?cid=11780072267025096980&g_mp=Cidnb29nbGUubWFwcy5wbGFjZXMudjEuUGxhY2VzLlNlYXJjaFRleHQQAhgEIAA,12/07/2026,,ChIJU46clrarfSERFCF2OFA5e6M
"Hôtel Le Cannonier, Grand Baie, Île Maurice",food,tables-hotes,"Le Canonnier pointe aux Canonnier, Pointe aux Canonnier, Grand Baie",+230 263 6726,https://www.beachcomber-hotels.com/fr/hotel/canonnier-beachcomber,"-20,0013684","57,5521696",https://maps.google.com/?cid=5924166964940400708&g_mp=Cidnb29nbGUubWFwcy5wbGFjZXMudjEuUGxhY2VzLlNlYXJjaFRleHQQAhgEIAA,12/07/2026,,ChIJqwOQmX-sfSERRGhgj3feNlI
Nativ Lodge & Spa,food,tables-hotes,"Tombeau Lane, Mahebourg",+230 631 1058,http://www.nativlodge-spa.com/,"-20,4150946","57,7025073",https://maps.google.com/?cid=3772455338355153646&g_mp=Cidnb29nbGUubWFwcy5wbGFjZXMudjEuUGxhY2VzLlNlYXJjaFRleHQQAhgEIAA,12/07/2026,,ChIJQQoJusz0fCER7lqvlSR0WjQ
Mam Gouz,food,tables-hotes,"Route cotière, Complexe, Dodo La Lodge, Grand Baie",+230 5256 5615,https://mamgouz.mu/,"-19,9953428","57,5905807",https://maps.google.com/?cid=13903175382784534624&g_mp=Cidnb29nbGUubWFwcy5wbGFjZXMudjEuUGxhY2VzLlNlYXJjaFRleHQQAhgEIAA,12/07/2026,,ChIJLSTwXRtqfCERYOjTNFkA8sA
Sannyasa Wellness,food,tables-hotes,"morcellement jhuboo, 318 Avenue des rougets, Trou-aux-Biches",+230 5825 9553,http://www.sannyasa.org/,"-20,0366886","57,5474992",https://maps.google.com/?cid=3638927473349512822&g_mp=Cidnb29nbGUubWFwcy5wbGFjZXMudjEuUGxhY2VzLlNlYXJjaFRleHQQAhgEIAA,12/07/2026,,ChIJp9VC1a6sfSERdk5o1EERgDI
Villas Rocher,food,tables-hotes,"Aussailles Road 1, Morcellement Nandally MU, Fond du Sac 31301",+230 5816 7962,http://www.villasrocher.com/,"-20,0394886","57,5892931",https://maps.google.com/?cid=8022508334584835751&g_mp=Cidnb29nbGUubWFwcy5wbGFjZXMudjEuUGxhY2VzLlNlYXJjaFRleHQQAhgEIAA,12/07/2026,,ChIJY_sD176rfSERpy6KQtOsVW8
La Margarita,food,tables-hotes,"Grande Royal Road, Pointe aux Piments",+230 261 3963,http://lamargaritamauritius.com/,"-20,0668301","57,5219556",https://maps.google.com/?cid=5452768054685455016&g_mp=Cidnb29nbGUubWFwcy5wbGFjZXMudjEuUGxhY2VzLlNlYXJjaFRleHQQAhgEIAA,12/07/2026,,ChIJF0aOz0lTfCERqNIf3qcfrEs
Auberge Le Saladier,food,tables-hotes,"DE LA CHAUX STREET, Mahebourg 50810",+230 631 9758,https://aubergelesaladier.hoteluno.top/,"-20,4100788","57,7077521",https://maps.google.com/?cid=6336167577110136522&g_mp=Cidnb29nbGUubWFwcy5wbGFjZXMudjEuUGxhY2VzLlNlYXJjaFRleHQQAhgEIAA,12/07/2026,,ChIJjyV5T8n0fCERykb_RteW7lc
The Good Life - Ecolodge & Restaurant - Café,food,tables-hotes,"MU, Royal Road, Cap Malheureux 31706",+230 5489 2663,https://www.thegoodlifemauritius.com/,"-19,9869647","57,6263627",https://maps.google.com/?cid=7683340055491459008&g_mp=Cidnb29nbGUubWFwcy5wbGFjZXMudjEuUGxhY2VzLlNlYXJjaFRleHQQAhgEIAA,12/07/2026,,ChIJwXfVUvarfSERwDcZiBK1oGo
Hibiscus Boutique Hotel,food,tables-hotes,"Royal Road, Pereybere, Grand Baie",+230 263 8554,http://www.hibiscushotel.com/index.htm,"-19,9944802","57,588708",https://maps.google.com/?cid=5521023168558683766&g_mp=Cidnb29nbGUubWFwcy5wbGFjZXMudjEuUGxhY2VzLlNlYXJjaFRleHQQAhgEIAA,12/07/2026,,ChIJ1QrjebarfSERdlak9lGdnkw
La Demeure Saint Antoine,food,tables-hotes,Goodlands,+230 282 1823,http://lademeuresaintantoine.com/,"-20,0424725","57,657666",https://maps.google.com/?cid=3526558228727061086&g_mp=Cidnb29nbGUubWFwcy5wbGFjZXMudjEuUGxhY2VzLlNlYXJjaFRleHQQAhgEIAA,12/07/2026,,ChIJJ71PsW0AfSERXtoBRwba8DA
La French Cuisine,food,chefs-domicile,"MU, Rte de la Salette, Grand Baie 30551",+230 5978 9669,https://lafrenchcuisine.com/,"-20,0131124","57,5845566",https://maps.google.com/?cid=14808320389737849174&g_mp=Cidnb29nbGUubWFwcy5wbGFjZXMudjEuUGxhY2VzLlNlYXJjaFRleHQQAhgEIAA,12/07/2026,,ChIJ9eXXQr2rfSERVqF_xu-4gc0
Chef Yanick Bablee Catering Vip,food,chefs-domicile,"MU, perey pere, Grand Baie 30502",+230 5746 8850,,"-19,9932085","57,5931426",https://maps.google.com/?cid=3249094845690588828&g_mp=Cidnb29nbGUubWFwcy5wbGFjZXMudjEuUGxhY2VzLlNlYXJjaFRleHQQAhgEIAA,12/07/2026,,ChIJ-bM3bDerfSERnK7wNowaFy0
Service Treteur Vip a Ils Maurice,food,chefs-domicile,"MU, perey pere, pamplemous 21722",+230 5746 8850,https://www.facebook.com/Pravate.Chef.Catering.VIP,"-19,9941989","57,5920495",https://maps.google.com/?cid=6476699120670535398&g_mp=Cidnb29nbGUubWFwcy5wbGFjZXMudjEuUGxhY2VzLlNlYXJjaFRleHQQAhgEIAA,12/07/2026,,ChIJ3fIbu4VRfCER5u6mBInb4Vk
La table d'argent - Traiteur à l'ile Maurice pour clients exigeants,food,chefs-domicile,"158 avenue des Filaos, Flic en Flac",+230 5251 1464,https://latabledargent.com/,"-20,2797029","57,3776372",https://maps.google.com/?cid=1529635123240113894&g_mp=Cidnb29nbGUubWFwcy5wbGFjZXMudjEuUGxhY2VzLlNlYXJjaFRleHQQAhgEIAA,12/07/2026,,ChIJU11G5_ZDfCER5hawTApbOhU
Brunch Moris expérience gourmande,food,chefs-domicile,"MU, sotisse road, Grand Baie 35550",+230 5735 5164,http://brunchmoris.com/,"-20,0117017","57,5934909",https://maps.google.com/?cid=821236606770396923&g_mp=Cidnb29nbGUubWFwcy5wbGFjZXMudjEuUGxhY2VzLlNlYXJjaFRleHQQAhgEIAA,12/07/2026,,ChIJj_MoxwwLiqYR-74Yv1eeZQs
Made by Fatima I Mauritius,food,chefs-domicile,"Avenue des flamants, Grand Baie",+230 5842 5758,https://www.facebook.com/madebyfatimamauritius,"-19,9898943","57,5980014",https://maps.google.com/?cid=1208153122276199224&g_mp=Cidnb29nbGUubWFwcy5wbGFjZXMudjEuUGxhY2VzLlNlYXJjaFRleHQQAhgEIAA,12/07/2026,,ChIJHQgSCfWrfSEROEuNF904xBA
Feast Of Mauritius,food,chefs-domicile,Grand Baie,+230 5764 3829,,"-20,008903","57,5817316",https://maps.google.com/?cid=10137205403867697061&g_mp=Cidnb29nbGUubWFwcy5wbGFjZXMudjEuUGxhY2VzLlNlYXJjaFRleHQQAhgEIAA,12/07/2026,,ChIJL0bnaGRBfCERpU-0CJuWrow
Top Chef Pereybere,food,chefs-domicile,"2H4X+C62, Grand Baie",+230 5782 4189,,"-19,9940155","57,597232",https://maps.google.com/?cid=10150796464748960976&g_mp=Cidnb29nbGUubWFwcy5wbGFjZXMudjEuUGxhY2VzLlNlYXJjaFRleHQQAhgEIAA,12/07/2026,,ChIJxdFkdQCrfSER0BynfJrf3ow
Intermart La Croisette,food,grandes-surfaces,"XHHH+H99, Grand Baie",+230 269 6666,http://intermartmauritius.com/,"-20,0210939","57,5784931",https://maps.google.com/?cid=15217882482483764216&g_mp=Cidnb29nbGUubWFwcy5wbGFjZXMudjEuUGxhY2VzLlNlYXJjaFRleHQQAhgEIAA,12/07/2026,,ChIJl1aV9hKrfSER-JsVcn3HMNM
Store 2000,food,grandes-surfaces,"B13, Grand Baie",+230 263 6677,,"-20,0054887","57,5818595",https://maps.google.com/?cid=17052205837003030260&g_mp=Cidnb29nbGUubWFwcy5wbGFjZXMudjEuUGxhY2VzLlNlYXJjaFRleHQQAhgEIAA,12/07/2026,,ChIJtWRwzKarfSER9H5ov9yapew
Carrefour Phoenix,food,grandes-surfaces,"Centre Commercial Phoenix, S Sivananda Ave, Vacoas-Phoenix",+230 696 4097,https://carrefourmaurice.com/,"-20,279407","57,4954403",https://maps.google.com/?cid=9685553899721439643&g_mp=Cidnb29nbGUubWFwcy5wbGFjZXMudjEuUGxhY2VzLlNlYXJjaFRleHQQAhgEIAA,12/07/2026,,ChIJRRCg22RbfCERm7nLnfT_aYY
Super U Flacq,food,grandes-surfaces,"Avenue Président François Mitterrand, Central Flacq",+230 413 5752,http://www.superu.mu/,"-20,1841846","57,723375",https://maps.google.com/?cid=13257230345622936232&g_mp=Cidnb29nbGUubWFwcy5wbGFjZXMudjEuUGxhY2VzLlNlYXJjaFRleHQQAhgEIAA,12/07/2026,,ChIJQ0EXM135fCERqFpicMIk-7c
Super U,food,grandes-surfaces,"Route Royale, Quatre Bornes",+230 454 6640,http://www.superu.mu/,"-20,2475791","57,4809195",https://maps.google.com/?cid=3940503524146530475&g_mp=Cidnb29nbGUubWFwcy5wbGFjZXMudjEuUGxhY2VzLlNlYXJjaFRleHQQAhgEIAA,12/07/2026,,ChIJQRh66SNbfCERq8jt2BN7rzY
Super Shop,food,grandes-surfaces,"Royal Road, Grand Baie",+230 263 4784,,"-20,0108298","57,5638706",https://maps.google.com/?cid=13225552608185561058&g_mp=Cidnb29nbGUubWFwcy5wbGFjZXMudjEuUGxhY2VzLlNlYXJjaFRleHQQAhgEIAA,12/07/2026,,ChIJzXVr0pirfSER4i8kcQaairc
Carrefour City Moka,food,grandes-surfaces,"MU, Moka 80840",+230 433 1598,https://carrefourmaurice.com/,"-20,2249237","57,5257226",https://maps.google.com/?cid=12515819979812882248&g_mp=Cidnb29nbGUubWFwcy5wbGFjZXMudjEuUGxhY2VzLlNlYXJjaFRleHQQAhgEIAA,12/07/2026,,ChIJ4wso92tafCERSMd7wfUfsa0
Super U,food,grandes-surfaces,"Smart City Cap Tamarin, Royal Road, Tamarin",+230 484 0062,http://www.superu.mu/,"-20,3288391","57,3852137",https://maps.google.com/?cid=17718547834765416395&g_mp=Cidnb29nbGUubWFwcy5wbGFjZXMudjEuUGxhY2VzLlNlYXJjaFRleHQQAhgEIAA,12/07/2026,,ChIJTy7OtM9DfCERy5f1-mDt5PU
La Croisette Food Court,food,grandes-surfaces,"XHHH+85P, Grand Baie",,,"-20,0216717","57,5779681",https://maps.google.com/?cid=17242146298765883664&g_mp=Cidnb29nbGUubWFwcy5wbGFjZXMudjEuUGxhY2VzLlNlYXJjaFRleHQQAhgEIAA,12/07/2026,,ChIJrcA94xKrfSERELlBt7RoSO8
Vana Supermarket,food,grandes-surfaces,"XHR7+X2H, Grand Baie",+230 263 9261,https://www.facebook.com/Vana-Supermarket-2000727390197850/,"-20,007555","57,5626064",https://maps.google.com/?cid=4509728721765378628&g_mp=Cidnb29nbGUubWFwcy5wbGFjZXMudjEuUGxhY2VzLlNlYXJjaFRleHQQAhgEIAA,12/07/2026,,ChIJb9lmH3qrfSERRKoz_mDGlT4
L'Épicerie Grand Baie,food,epiceries-specialisees,"Route Royale, Grand Baie",+230 5919 1708,https://epicerie.mu/,"-20,0070035","57,5820924",https://maps.google.com/?cid=17703506847576451466&g_mp=Cidnb29nbGUubWFwcy5wbGFjZXMudjEuUGxhY2VzLlNlYXJjaFRleHQQAhgEIAA,12/07/2026,,ChIJn502KKerfSERiml9QK59r_U
Artisan boucher,food,boucheries,"XHHJ+7XG, Grand Baie",+230 5920 3465,,"-20,0216035","57,5826179",https://maps.google.com/?cid=10987285409364693042&g_mp=Cidnb29nbGUubWFwcy5wbGFjZXMudjEuUGxhY2VzLlNlYXJjaFRleHQQAhgEIAA,12/07/2026,,ChIJ5SPGWymrfSERMtAD392tepg
Famous Butchers,food,boucheries,"Chem. Vingt Pieds, Grand Baie",+230 269 0602,https://www.facebook.com/famousbutchers/,"-20,0184441","57,5855041",https://maps.google.com/?cid=8551492712913450262&g_mp=Cidnb29nbGUubWFwcy5wbGFjZXMudjEuUGxhY2VzLlNlYXJjaFRleHQQAhgEIAA,12/07/2026,,ChIJt5TfoA-rfSERFjWMjFABrXY
The Butcher Block Mauritius,food,boucheries,"Royal Road San Building, 1207-01 MU, Grand Baie 30520",+230 5972 8702,http://www.butcherblock.mu/,"-20,011122","57,564361",https://maps.google.com/?cid=4730120048103984885&g_mp=Cidnb29nbGUubWFwcy5wbGFjZXMudjEuUGxhY2VzLlNlYXJjaFRleHQQAhgEIAA,12/07/2026,,ChIJ38ZFX_SrfSER9Q4xXB_DpEE
Les Halles Françaises - Grand Baie,food,boucheries,"XHR6+8FW, Grand Baie",+230 5254 9106,,"-20,0123895","57,5929855",https://maps.google.com/?cid=2666627313793479259&g_mp=Cidnb29nbGUubWFwcy5wbGFjZXMudjEuUGxhY2VzLlNlYXJjaFRleHQQAhgEIAA,12/07/2026,,ChIJlwEBBparfSERW7ID22nDASU
Bayside Butchery,food,boucheries,"Lifestyle Boulevard, Sottise Rd, The Vale",+230 5719 8529,https://baysidebutchery.mu/,"-20,0264802","57,5937599",https://maps.google.com/?cid=3791573548122824085&g_mp=Cidnb29nbGUubWFwcy5wbGFjZXMudjEuUGxhY2VzLlNlYXJjaFRleHQQAhgEIAA,12/07/2026,,ChIJjW3MOgCrfSERld2gqw1gnjQ
La Boucherie grand baie,food,boucheries,"Sottise Rd, Grand Baie",+230 5760 9980,,"-20,0175731","57,5782989",https://maps.google.com/?cid=9793907146286255461&g_mp=Cidnb29nbGUubWFwcy5wbGFjZXMudjEuUGxhY2VzLlNlYXJjaFRleHQQAhgEIAA,12/07/2026,,ChIJTU9wiL-rfSERZU2Nwajy6oc
GC MEAT SHOP,food,boucheries,"XHQP+G5H, Grand Baie",+230 5777 4003,,"-20,0111757","57,5854846",https://maps.google.com/?cid=18077347915739553408&g_mp=Cidnb29nbGUubWFwcy5wbGFjZXMudjEuUGxhY2VzLlNlYXJjaFRleHQQAhgEIAA,12/07/2026,,ChIJecYIT_erfSERgN7Nxiak3_o
Meat Me Butchery & Deli,food,boucheries,"MU, Grand Baie 30525",+230 5500 0750,,"-20,012124","57,5876239",https://maps.google.com/?cid=14496471292172053271&g_mp=Cidnb29nbGUubWFwcy5wbGFjZXMudjEuUGxhY2VzLlNlYXJjaFRleHQQAhgEIAA,12/07/2026,,ChIJSRFEmmarfSERFyuQqtXPLck
La Bovida,food,boucheries,"ST Clement Street Curepipe MU, Curepipe 742CU001",+230 674 2010,,"-20,321853","57,5200352",https://maps.google.com/?cid=13551018522310417800&g_mp=Cidnb29nbGUubWFwcy5wbGFjZXMudjEuUGxhY2VzLlNlYXJjaFRleHQQAhgEIAA,12/07/2026,,ChIJbVrk40RcfCERiB0Nt4zjDrw
Casa Frais,food,boucheries,"Mme Grand Pierre, XHMP+6VH, Vingt Pieds Road B45, Grand Baie",+230 5979 1642,,"-20,0169439","57,5872207",https://maps.google.com/?cid=15431094948170309680&g_mp=Cidnb29nbGUubWFwcy5wbGFjZXMudjEuUGxhY2VzLlNlYXJjaFRleHQQAhgEIAA,12/07/2026,,ChIJIVdcXw-rfSERMCAEERlDJtY
MS Poisson La Frais,food,poissonneries,"XHQP+475, Grand Baie",,,"-20,0122384","57,5857466",https://maps.google.com/?cid=7486838465348535072&g_mp=Cidnb29nbGUubWFwcy5wbGFjZXMudjEuUGxhY2VzLlNlYXJjaFRleHQQAhgEIAA,12/07/2026,,ChIJY2ZaFgCrfSERIIPU0eqX5mc
Fish Market,food,poissonneries,"XHQM+QH8, Grand Baie",+230 5934 4700,,"-20,0105971","57,5839455",https://maps.google.com/?cid=10830679274080880654&g_mp=Cidnb29nbGUubWFwcy5wbGFjZXMudjEuUGxhY2VzLlNlYXJjaFRleHQQAhgEIAA,12/07/2026,,ChIJ23O4xeirfSERDsjGl2pNTpY
Bella Amigo Co Ltd,food,poissonneries,"Mont Mascal, Petit Raffray",+230 282 1414,http://www.bellamigo.com/,"-20,0101213","57,6169823",https://maps.google.com/?cid=8137898629757339614&g_mp=Cidnb29nbGUubWFwcy5wbGFjZXMudjEuUGxhY2VzLlNlYXJjaFRleHQQAhgEIAA,12/07/2026,,ChIJt5sYSFyqfSER3gfT9K-f73A
Bina fish ltd,food,poissonneries,"MU, Royal road batie, Grand Gaube 30602",+230 5757 5777,,"-20,0161137","57,660473",https://maps.google.com/?cid=13785265392020429026&g_mp=Cidnb29nbGUubWFwcy5wbGFjZXMudjEuUGxhY2VzLlNlYXJjaFRleHQQAhgEIAA,12/07/2026,,ChIJVaj2SJ0BfSER4hjdKdYZT78
Cabane du pêcheur,food,poissonneries,"XHRP+38H, Grand Baie",+230 5512 2983,,"-20,0098825","57,5859374",https://maps.google.com/?cid=3546326828727237932&g_mp=Cidnb29nbGUubWFwcy5wbGFjZXMudjEuUGxhY2VzLlNlYXJjaFRleHQQAhgEIAA,12/07/2026,,ChIJ64sPi8mrfSERLH25I3YVNzE
Ti bazaar de grand baie,food,marches,"Royal road, Grand Baie",+230 5835 5624,,"-20,0156654","57,5745779",https://maps.google.com/?cid=3009310802586145223&g_mp=Cidnb29nbGUubWFwcy5wbGFjZXMudjEuUGxhY2VzLlNlYXJjaFRleHQQAhgEIAA,12/07/2026,,ChIJ3SmE4vyrfSERx5HkHjs4wyk
"Grubmates - food delivery, Grand Baie.",food,livraisons,"MU, Royal Road, Grand Baie 30540",+230 5514 8885,https://grubmates.io/,"-20,015514","57,5819666",https://maps.google.com/?cid=18145860061806939320&g_mp=Cidnb29nbGUubWFwcy5wbGFjZXMudjEuUGxhY2VzLlNlYXJjaFRleHQQAhgEIAA,12/07/2026,,ChIJ4015icqrfSERuEzz15UL0_s
Paradisio Pizza Maurice,food,livraisons,"Chemin du vieux moulin cassé Place des artistes Grand Baie, Pérébeyre MU, Grand Baie 30546",+230 5801 2213,https://www.paradisiopizza-mauritius.com/,"-19,9992369","57,5916285",https://maps.google.com/?cid=6898130524183750834&g_mp=Cidnb29nbGUubWFwcy5wbGFjZXMudjEuUGxhY2VzLlNlYXJjaFRleHQQAhgEIAA,12/07/2026,,ChIJu8m3pxmrfSERsmhA9CkVu18
The Food Factory,food,livraisons,"Sottise Rd, Grand Baie",+230 5500 2017,https://www.facebook.com/foodfactorymauritius/,"-20,0240862","57,5882094",https://maps.google.com/?cid=5563993940489498187&g_mp=Cidnb29nbGUubWFwcy5wbGFjZXMudjEuUGxhY2VzLlNlYXJjaFRleHQQAhgEIAA,12/07/2026,,ChIJjfK523GrfSERS25NcwJHN00
Felicita - Authentic Neapolitan Pizza,food,livraisons,"MU, Lifestyle Blvd, Sottise Rd, Grand Baie 30550",+230 5423 3222,https://www.felicita.mu/,"-20,0263677","57,5934873",https://maps.google.com/?cid=454378944730036072&g_mp=Cidnb29nbGUubWFwcy5wbGFjZXMudjEuUGxhY2VzLlNlYXJjaFRleHQQAhgEIAA,12/07/2026,,ChIJyfuEau-rfSERaPcMKj5HTgY
"Grubmates - food delivery, Flic en Flac.",food,livraisons,"MU, Westwood, Flic en Flac 90502",+230 5711 0755,https://grubmates.io/,"-20,2851417","57,3722864",https://maps.google.com/?cid=12210534197504616508&g_mp=Cidnb29nbGUubWFwcy5wbGFjZXMudjEuUGxhY2VzLlNlYXJjaFRleHQQAhgEIAA,12/07/2026,,ChIJ11kxZzSV86ARPKgFkCiIdKk
Nando's Grand Baie,food,livraisons,"Chemin Vingt Pieds Shop SG08, (F-105 MU, La Croisette Mall, Grand Baie 30517",+230 650 3630,https://store.nandos.mu/details/grand-baie,"-20,0220116","57,5784657",https://maps.google.com/?cid=4923950960964747719&g_mp=Cidnb29nbGUubWFwcy5wbGFjZXMudjEuUGxhY2VzLlNlYXJjaFRleHQQAhgEIAA,12/07/2026,,ChIJU6CCDxOrfSERx0G_j09jVUQ
DELIVERY SERVICES FOR HOME AND OFFICE MAURITIUS - Livraison a domicile,food,livraisons,Grand Baie,+230 5800 4274,,"-20,008903","57,5817316",https://maps.google.com/?cid=5646701705102803256&g_mp=Cidnb29nbGUubWFwcy5wbGFjZXMudjEuUGxhY2VzLlNlYXJjaFRleHQQAhgEIAA,12/07/2026,,ChIJ8fkZYzCrfSEROME-hUgdXU4
Sushibay,food,livraisons,"Rue des Glaieuls, Morcellement boucan, Grand Baie",+230 5743 0606,,"-20,0168727","57,5823602",https://maps.google.com/?cid=6930755281325749056&g_mp=Cidnb29nbGUubWFwcy5wbGFjZXMudjEuUGxhY2VzLlNlYXJjaFRleHQQAhgEIAA,12/07/2026,,ChIJ63tD6CirfSERQHOVKDX9LmA
Homemade110,food,livraisons,Grand Baie,+230 5780 5430,https://wa.me/+23057805430,"-20,0089031","57,5817315",https://maps.google.com/?cid=9908975053920427064&g_mp=Cidnb29nbGUubWFwcy5wbGFjZXMudjEuUGxhY2VzLlNlYXJjaFRleHQQAhgEIAA,12/07/2026,,ChIJk-g4bayrfSEROFwiwU_Ag4k
Gloria Fast Food,food,livraisons,"Lot 3, Royal road, Grand Baie 30548, Grand Baie",+230 268 3598,https://grubmates.io/locations/grandbaie/gloriafastfood.php,"-20,0123844","57,5846889",https://maps.google.com/?cid=4729772552686613568&g_mp=Cidnb29nbGUubWFwcy5wbGFjZXMudjEuUGxhY2VzLlNlYXJjaFRleHQQAhgEIAA,12/07/2026,,ChIJo7kXWgWrfSERQDRHxxOHo0E
Chez Le Tamarinier Bistrot,food,livraisons,"B13, Grand Baie",+230 263 0855,,"-20,0154715","57,5743955",https://maps.google.com/?cid=16892767871923174893&g_mp=Cidnb29nbGUubWFwcy5wbGFjZXMudjEuUGxhY2VzLlNlYXJjaFRleHQQAhgEIAA,12/07/2026,,ChIJSwn6DQCrfSER7b0ct-Aqb-o
Zaika Restaurant,food,livraisons,"Victoria Urban Terminal, Port Louis",+230 5256 8484,,"-20,1631033","57,4978424",https://maps.google.com/?cid=10075975371131695919&g_mp=Cidnb29nbGUubWFwcy5wbGFjZXMudjEuUGxhY2VzLlNlYXJjaFRleHQQAhgEIAA,12/07/2026,,ChIJd4fu7tpRfCERL7PjGTcO1Ys
Italian Pizza da Mario,food,livraisons,Grand Baie,+230 5944 7909,,"-20,0127455","57,5922039",https://maps.google.com/?cid=2534995515450918207&g_mp=Cidnb29nbGUubWFwcy5wbGFjZXMudjEuUGxhY2VzLlNlYXJjaFRleHQQAhgEIAA,12/07/2026,,ChIJjU87_0irfSERPwWphf0cLiM
La Cigale Pizzeria,food,livraisons,"Route Royale, B13, Grand Baie",+230 263 0913,https://www.facebook.com/lacigalepizzeria,"-20,0112655","57,5645041",https://maps.google.com/?cid=6106330781029015961&g_mp=Cidnb29nbGUubWFwcy5wbGFjZXMudjEuUGxhY2VzLlNlYXJjaFRleHQQAhgEIAA,12/07/2026,,ChIJ89AE7oGrfSERmaFEHH4LvlQ
BURGER MANIA Rose Hill,food,livraisons,"56 Dr Maurice Cure St, Beau Bassin-Rose Hill",+230 5838 9496,,"-20,244828","57,4691744",https://maps.google.com/?cid=5672435827175673659&g_mp=Cidnb29nbGUubWFwcy5wbGFjZXMudjEuUGxhY2VzLlNlYXJjaFRleHQQAhgEIAA,12/07/2026,,ChIJoescxyZbfCERO08BulSKuE4
La Voglia Matta,food,livraisons,"Royal Road, Trou-aux-Biches",+230 265 7091,https://lavogliamattabyaaron.com/,"-20,0395552","57,5433757",https://maps.google.com/?cid=8294273505353253194&g_mp=Cidnb29nbGUubWFwcy5wbGFjZXMudjEuUGxhY2VzLlNlYXJjaFRleHQQAhgEIAA,12/07/2026,,ChIJTVwD6q2sfSERSsGD5M4tG3M
Tasty Panino,food,livraisons,"Royal Rd, Triolet",+230 5799 6429,https://www.facebook.com/Tasty-Panino-100265591923314/,"-20,0473919","57,5548089",https://maps.google.com/?cid=1870088932109602787&g_mp=Cidnb29nbGUubWFwcy5wbGFjZXMudjEuUGxhY2VzLlNlYXJjaFRleHQQAhgEIAA,12/07/2026,,ChIJB0vSNaFVfCER40_IwPnj8xk
Panarottis Express La Croisette,food,livraisons,"Food Pavillion Shop A1-35 MU, La Croisette Food Court, Shopping Center, Grand Baie 30548",+230 269 6200,https://www.panarottis.com/mu/restaurants/riviere-du-rempart/panarottis-express-la-croisette?utm_source=google_maps&utm_medium=website_link&utm_campaign=SP&utm_content=SP,"-20,021694","57,5778839",https://maps.google.com/?cid=11043045420154946597&g_mp=Cidnb29nbGUubWFwcy5wbGFjZXMudjEuUGxhY2VzLlNlYXJjaFRleHQQAhgEIAA,12/07/2026,,ChIJGajoAg6rfSERJQTXEk3HQJk
Gloria Fast Food,food,livraisons,"P9C8+3G2, Flic en Flac",,https://grubmates.io/locations/flicenflac/gloriafastfood.php,"-20,2798188","57,3661882",https://maps.google.com/?cid=2561830117189986450&g_mp=Cidnb29nbGUubWFwcy5wbGFjZXMudjEuUGxhY2VzLlNlYXJjaFRleHQQAhgEIAA,12/07/2026,,ChIJzZI18hlBfCERkqgBHutyjSM
Oh My Cake,food,boulangeries,"2H3R+R2W Coastal Road, Péreybère 7, Max Plaza Building, 2H3R+R3W, Coastal Road, Grand Baie",+230 5856 3072,https://instagram.com/ohmycake_mu?igshid=YmMyMTA2M2Y=,"-19,995438","57,590063",https://maps.google.com/?cid=5527062521778604056&g_mp=Cidnb29nbGUubWFwcy5wbGFjZXMudjEuUGxhY2VzLlNlYXJjaFRleHQQAhgEIAA,12/07/2026,,ChIJFeikBc-rfSERGAj9dRQStEw
Pains et Moulins,food,boulangeries,"Grand Baie, Richmond Hill Complex, Centre Commercial, Grand Baie",+230 5473 4363,http://painsetmoulins.mu/,"-20,0135501","57,5884804",https://maps.google.com/?cid=1141896800843863003&g_mp=Cidnb29nbGUubWFwcy5wbGFjZXMudjEuUGxhY2VzLlNlYXJjaFRleHQQAhgEIAA,12/07/2026,,ChIJnRWDZA-rfSER2xN0IBfV2A8
Patisserie Le Gourmand,food,boulangeries,"Royal Road, Opposite Tamil Temple Grand Bay MU, Grand Baie 30510",+230 5256 7488,,"-20,0151758","57,5720515",https://maps.google.com/?cid=940909800118845026&g_mp=Cidnb29nbGUubWFwcy5wbGFjZXMudjEuUGxhY2VzLlNlYXJjaFRleHQQAhgEIAA,12/07/2026,,ChIJ07LOSVerfSERYn7EYXrIDg0
Le Fournil,food,boulangeries,"Route Royal, Pointe aux Cannoniers",+230 263 3030,http://www.lefournil-mauritius.com/,"-20,0094005","57,5614863",https://maps.google.com/?cid=8229563596928587007&g_mp=Cidnb29nbGUubWFwcy5wbGFjZXMudjEuUGxhY2VzLlNlYXJjaFRleHQQAhgEIAA,12/07/2026,,ChIJO2N5dHmrfSER_xRqQ31INXI
Maison LUX* - LUX* Grand Baie,food,boulangeries,"MU, Coastal Road, Grand Baie 30510",+230 209 2200,https://www.luxresorts.com/en/mauritius/hotel/luxgrandbaie/restaurants-bars/maison-lux,"-20,0002906","57,5825364",https://maps.google.com/?cid=9635043731071329140&g_mp=Cidnb29nbGUubWFwcy5wbGFjZXMudjEuUGxhY2VzLlNlYXJjaFRleHQQAhgEIAA,12/07/2026,,ChIJJUIZSa2rfSERdGPciTmNtoU
Patisserie Pillay,food,boulangeries,"XHQ7+HM, Grand Baie",,,"-20,0110491","57,5641842",https://maps.google.com/?cid=15216571865661820041&g_mp=Cidnb29nbGUubWFwcy5wbGFjZXMudjEuUGxhY2VzLlNlYXJjaFRleHQQAhgEIAA,12/07/2026,,ChIJI0JxSQCrfSERicz5r30fLNM
Maison des crêpes,food,boulangeries,"Racket Road Chemin du Grand Bazaar Grand-Baie A droite en allant vers Super U, Grand Baie",+230 5809 5558,,"-20,0130992","57,5863101",https://maps.google.com/?cid=14242771209200049194&g_mp=Cidnb29nbGUubWFwcy5wbGFjZXMudjEuUGxhY2VzLlNlYXJjaFRleHQQAhgEIAA,12/07/2026,,ChIJp0P4xmerfSERKpyHDfR8qMU
Le Fournil,food,boulangeries,"Domaine Victoria, Sottise Rd, The Vale",+230 268 1711,http://www.lefournil-mauritius.com/,"-20,0265923","57,5933139",https://maps.google.com/?cid=6327953602622867673&g_mp=Cidnb29nbGUubWFwcy5wbGFjZXMudjEuUGxhY2VzLlNlYXJjaFRleHQQAhgEIAA,12/07/2026,,ChIJ5wF0-QarfSER2Uh9T0Zo0Vc
brandon l'artisant patissier,food,boulangeries,"School lane, Grand Baie",+230 5973 1014,,"-20,0156663","57,5847839",https://maps.google.com/?cid=7557177424786076877&g_mp=Cidnb29nbGUubWFwcy5wbGFjZXMudjEuUGxhY2VzLlNlYXJjaFRleHQQAhgEIAA,12/07/2026,,ChIJvQrW7QyrfSERzbT5BNR84Gg
Patisserie Barlen,food,boulangeries,"XHJH+X8V, Grand Baie Rd, Grand Baie",+230 5787 0373,,"-20,0175248","57,5782964",https://maps.google.com/?cid=226681526590434484&g_mp=Cidnb29nbGUubWFwcy5wbGFjZXMudjEuUGxhY2VzLlNlYXJjaFRleHQQAhgEIAA,12/07/2026,,ChIJTQAXeDqrfSERtOyQvaVVJQM
Lady Mary Pâtisserie,food,boulangeries,"MU, St François, Royal road, 31726",+230 5888 9417,,"-20,0056421","57,6391583",https://maps.google.com/?cid=2895778732574799106&g_mp=Cidnb29nbGUubWFwcy5wbGFjZXMudjEuUGxhY2VzLlNlYXJjaFRleHQQAhgEIAA,12/07/2026,,ChIJN_NgrkOrfSERAnVAL2rfLyg
Patisserie du Nord,food,boulangeries,"Bourbon St, Port Louis",+230 5703 2884,,"-20,1621839","57,5045479",https://maps.google.com/?cid=265106675880345278&g_mp=Cidnb29nbGUubWFwcy5wbGFjZXMudjEuUGxhY2VzLlNlYXJjaFRleHQQAhgEIAA,12/07/2026,,ChIJn0QE7TRRfCERvr5u-x3ZrQM
Exquisitely Iced Ltd,food,boulangeries,"20°00'39.4""S 57°33, behind Butcher Block / Whimzical Books, 48.8 E Edouard Road Road, Grand Baie",+230 5744 8285,https://www.facebook.com/exquisitelyiced77,"-20,0109817","57,5636988",https://maps.google.com/?cid=8171377221458907131&g_mp=Cidnb29nbGUubWFwcy5wbGFjZXMudjEuUGxhY2VzLlNlYXJjaFRleHQQAhgEIAA,12/07/2026,,ChIJh-IfltqrfSER-8_GAkqQZnE
FOURNIL,food,boulangeries,"XHPR+QG7, Vingt Pieds Rd, Grand Baie",,,"-20,0130842","57,5913041",https://maps.google.com/?cid=4302321786786835066&g_mp=Cidnb29nbGUubWFwcy5wbGFjZXMudjEuUGxhY2VzLlNlYXJjaFRleHQQAhgEIAA,12/07/2026,,ChIJBUEDFgCrfSERemra0t7qtDs
PAUL,food,boulangeries,"MU, La Salette Rd, Grand Baie 30551",+230 5258 2342,https://www.paul-bakeries.com/,"-20,013188","57,5870775",https://maps.google.com/?cid=4726412820779649260&g_mp=Cidnb29nbGUubWFwcy5wbGFjZXMudjEuUGxhY2VzLlNlYXJjaFRleHQQAhgEIAA,12/07/2026,,ChIJAzVJFUWrfSER7EhsPGuXl0E
Nouvelle Clinique Du Nord,utiles,cliniques-privees,"MU, Route Royal, Grand Baie 30510",+230 263 1010,,"-20,0076794","57,5591525",https://maps.google.com/?cid=9724142451303633761&g_mp=Cidnb29nbGUubWFwcy5wbGFjZXMudjEuUGxhY2VzLlNlYXJjaFRleHQQAhgEIAA,12/07/2026,,ChIJ74nswa-rfSERYdM_6wkY84Y
Clinique de Grand Baie,utiles,cliniques-privees,"Sottise Rd, Grand Baie",+230 263 1212,http://cliniquedegrandbaie.com/,"-20,0195692","57,580354",https://maps.google.com/?cid=11077096962136389415&g_mp=Cidnb29nbGUubWFwcy5wbGFjZXMudjEuUGxhY2VzLlNlYXJjaFRleHQQAhgEIAA,12/07/2026,,ChIJm5kj9A2rfSERJ7eygv_AuZk
C-Care Grand Baie,utiles,cliniques-privees,"MU, XHGG+C9P Smart City, Grand Baie 30527",+230 601 2500,https://c-care.com/mu/business_unit/c-care-grand-baie/,"-20,0238727","57,5759414",https://maps.google.com/?cid=686574665705119644&g_mp=Cidnb29nbGUubWFwcy5wbGFjZXMudjEuUGxhY2VzLlNlYXJjaFRleHQQAhgEIAA,12/07/2026,,ChIJ12TAmkurfSERnN8iVQU0hwk
Centre Medical Du Nord,utiles,cliniques-privees,"XHR5+MVC, Route Royal, Grand Baie",+230 263 1010,http://www.cliniquedunord.mu/,"-20,0083104","57,5596462",https://maps.google.com/?cid=7825190891189923214&g_mp=Cidnb29nbGUubWFwcy5wbGFjZXMudjEuUGxhY2VzLlNlYXJjaFRleHQQAhgEIAA,12/07/2026,,ChIJh4DFEn-rfSERjm3_6KepmGw
Grand Bay Police Station,utiles,postes-police,"Royal Road, XHPM+279, B13, Grand Baie",+230 263 0062,,"-20,0149588","57,5832373",https://maps.google.com/?cid=9845442311299230885&g_mp=Cidnb29nbGUubWFwcy5wbGFjZXMudjEuUGxhY2VzLlNlYXJjaFRleHQQAhgEIAA,12/07/2026,,ChIJsc2HNAmrfSERpWyXZZ4Joog
MUA AGENCY Grand-Bay,utiles,assurances,"Chem. Vingt Pieds, Grand Baie",+230 5258 8565,,"-20,0171372","57,5874851",https://maps.google.com/?cid=16722497370426489151&g_mp=Cidnb29nbGUubWFwcy5wbGFjZXMudjEuUGxhY2VzLlNlYXJjaFRleHQQAhgEIAA,12/07/2026,,ChIJparXOm6rfSERP7msQcI-Eug
International Assurance Limited PCC,utiles,assurances,"MU, Suite C1 204, La Croisette, Chem. Vingt Pieds, Grand Baie 30517",+230 269 4400,http://www.international-assurance.com/,"-20,0221267","57,5797382",https://maps.google.com/?cid=2933933932252967902&g_mp=Cidnb29nbGUubWFwcy5wbGFjZXMudjEuUGxhY2VzLlNlYXJjaFRleHQQAhgEIAA,12/07/2026,,ChIJJ1cPSxKrfSER3jNn4l1ttyg
MUA Grand Baie - Insurance Sales Agent,utiles,assurances,"COASTAL ROAD, Grand Baie",+230 5259 6738,,"-20,0165222","57,577993",https://maps.google.com/?cid=2042174297450365032&g_mp=Cidnb29nbGUubWFwcy5wbGFjZXMudjEuUGxhY2VzLlNlYXJjaFRleHQQAhgEIAA,12/07/2026,,ChIJa1Ood2WrfSERaED2ILRCVxw
GFA Insurance (Grand Bay),utiles,assurances,"B13, Grand Baie",+230 650 4329,https://www.gfainsurance.mu/index.php,"-20,0163913","57,5767965",https://maps.google.com/?cid=16529733147893873626&g_mp=Cidnb29nbGUubWFwcy5wbGFjZXMudjEuUGxhY2VzLlNlYXJjaFRleHQQAhgEIAA,12/07/2026,,ChIJEWdEJsOrfSER2rs2QLhoZeU
Phoenix Insurance,utiles,assurances,"XHMG+GGG, Royal Road, Grand Baie",+230 263 0858,,"-20,0161837","57,5763262",https://maps.google.com/?cid=9295982566219273533&g_mp=Cidnb29nbGUubWFwcy5wbGFjZXMudjEuUGxhY2VzLlNlYXJjaFRleHQQAhgEIAA,12/07/2026,,ChIJ96U0XfCrfSERPVW5SeT2AYE
GFA Insurance Ltd,utiles,assurances,"Champ de Mars, 16 Frère Felix De Valois St, Port Louis",+230 650 4321,http://www.gfainsurance.mu/,"-20,1698228","57,5092513",https://maps.google.com/?cid=5837829872307223229&g_mp=Cidnb29nbGUubWFwcy5wbGFjZXMudjEuUGxhY2VzLlNlYXJjaFRleHQQAhgEIAA,12/07/2026,,ChIJlUDAj_hQfCERvToJtlYjBFE
RoyalShield (Re) Limited,utiles,assurances,"XHQP+GQH, Grand Baie",,http://www.royalshieldrelimited.com/,"-20,0111906","57,586979",https://maps.google.com/?cid=6574277025046725898&g_mp=Cidnb29nbGUubWFwcy5wbGFjZXMudjEuUGxhY2VzLlNlYXJjaFRleHQQAhgEIAA,12/07/2026,,ChIJKTbhxzerfSERCgXsTB-GPFs
SWAN Grand Baie,utiles,assurances,"La Croisette, Grand Baie",+230 207 9075,https://www.swanforlife.com/,"-20,0217205","57,5791702",https://maps.google.com/?cid=16394439549844748775&g_mp=Cidnb29nbGUubWFwcy5wbGFjZXMudjEuUGxhY2VzLlNlYXJjaFRleHQQAhgEIAA,12/07/2026,,ChIJ2actZxyrfSER53kcvOi_hOM
P RAMBHOJOO ACCREDITED AGENT FOR NEW INDIA ASSURANCE,utiles,assurances,"AVENUE LATANIERS MAISON BLANCHE, Pamplemousses",+230 5912 3451,,"-20,1134698","57,5855873",https://maps.google.com/?cid=8261837440001474108&g_mp=Cidnb29nbGUubWFwcy5wbGFjZXMudjEuUGxhY2VzLlNlYXJjaFRleHQQAhgEIAA,12/07/2026,,ChIJG-mNJrFVfCERPH5P62Dxp3I
Absa Bank (Mauritius )Limited - Grand Baie La Croisette Branch,utiles,banques,Grand Baie,+230 404 1965,,"-20,0220815","57,5799271",https://maps.google.com/?cid=6820981166435778556&g_mp=Cidnb29nbGUubWFwcy5wbGFjZXMudjEuUGxhY2VzLlNlYXJjaFRleHQQAhgEIAA,12/07/2026,,ChIJX_MASxKrfSER_L8IVTv-qF4
SBM Grand Baie,utiles,banques,"XHPQ+W27, B13, Grand Baie",+230 207 0111,https://www.sbmgroup.mu/,"-20,0127172","57,5875509",https://maps.google.com/?cid=5313351761569955145&g_mp=Cidnb29nbGUubWFwcy5wbGFjZXMudjEuUGxhY2VzLlNlYXJjaFRleHQQAhgEIAA,12/07/2026,,ChIJa7fy4AmrfSERSb0Sm0bRvEk
Shibani Finance Co Ltd - Grand Bay Branch,utiles,banques,"Les Mirabelles, La Salette Rd, Grand Baie",+230 263 4798,http://www.shibanifinance.com/,"-20,0132935","57,5846091",https://maps.google.com/?cid=12536839956037330883&g_mp=Cidnb29nbGUubWFwcy5wbGFjZXMudjEuUGxhY2VzLlNlYXJjaFRleHQQAhgEIAA,12/07/2026,,ChIJpSgQwYqrfSERw2eHWYTN-60
Absa Bank Grand Baie La Croisette ATM,utiles,banques,"La Croisette (Underground, Grand Baie",+230 402 1000,https://www.absabank.mu/,"-20,0218451","57,5786797",https://maps.google.com/?cid=15311093584734601049&g_mp=Cidnb29nbGUubWFwcy5wbGFjZXMudjEuUGxhY2VzLlNlYXJjaFRleHQQAhgEIAA,12/07/2026,,ChIJk1HJK16rfSERWT_eYH7ue9Q
Fix-men mauritius,utiles,depannages,Grand Baie,+230 5856 3000,http://www.fix-men.com/,"-20,0130335","57,5609071",https://maps.google.com/?cid=1641865590679715029&g_mp=Cidnb29nbGUubWFwcy5wbGFjZXMudjEuUGxhY2VzLlNlYXJjaFRleHQQAhgEIAA,12/07/2026,,ChIJzZKnFzurfSER1bxmRQ4UyRY
WAS SMART CONTRACTING LTD,utiles,depannages,"MU, Topize Rd, Grand Baie 30510",+230 5258 2010,,"-20,0158603","57,5733372",https://maps.google.com/?cid=12187525768336225473&g_mp=Cidnb29nbGUubWFwcy5wbGFjZXMudjEuUGxhY2VzLlNlYXJjaFRleHQQAhgEIAA,12/07/2026,,ChIJEY5yt5mrfSERwbSZMB3KIqk
Locksmith Mauritius,utiles,depannages,"MU, Near Business park, Royal Road, Grand Baie 30510",+230 5921 8255,,"-20,0161638","57,5694015",https://maps.google.com/?cid=8812241237499647374&g_mp=Cidnb29nbGUubWFwcy5wbGFjZXMudjEuUGxhY2VzLlNlYXJjaFRleHQQAhgEIAA,12/07/2026,,ChIJKVPbBp2rfSERjhU3XLdeS3o
Grand bay taxi service,utiles,taxis,"Royal Rd, Grand Baie",+230 5252 4410,http://taxi-grand-baie.com/,"-20,0136894","57,5875124",https://maps.google.com/?cid=15460019900505254529&g_mp=Cidnb29nbGUubWFwcy5wbGFjZXMudjEuUGxhY2VzLlNlYXJjaFRleHQQAhgEIAA,12/07/2026,,ChIJrRnYq8arfSERgeoVVjAGjdY
Mauritius Local Taxi ®,utiles,taxis,Grand Baie,+230 5917 0255,https://www.tripadvisor.co.uk/AttractionProductReview-g293816-d33489609-Mauritius_Sightseeing_Guided_Private_Tours-Mauritius.html,"-20,0298566","57,560659",https://maps.google.com/?cid=1335931542979886708&g_mp=Cidnb29nbGUubWFwcy5wbGFjZXMudjEuUGxhY2VzLlNlYXJjaFRleHQQAhgEIAA,12/07/2026,,ChIJHQIofxxQfCERdD6OB6kuihI
Nanda Taxi,utiles,taxis,"2H4R+GQ7, B13, Grand Baie",+230 5729 7842,,"-19,9937023","57,5919253",https://maps.google.com/?cid=12260608637427318885&g_mp=Cidnb29nbGUubWFwcy5wbGFjZXMudjEuUGxhY2VzLlNlYXJjaFRleHQQAhgEIAA,12/07/2026,,ChIJDdxojrarfSERZQDxo5huJqo
Taxi Grand Baie 24/7 Service,utiles,taxis,"Shivaji lane, Grand Baie",+230 5535 0100,,"-20,0089031","57,5817315",https://maps.google.com/?cid=9415250433189179779&g_mp=Cidnb29nbGUubWFwcy5wbGFjZXMudjEuUGxhY2VzLlNlYXJjaFRleHQQAhgEIAA,12/07/2026,,ChIJMwPPrcnqWKwRg3GVhWKwqYI
Taxi service dinan,utiles,taxis,"XHMM+97H next to police station, Orchidee Road, Grand Baie",+230 5917 5776,,"-20,0165656","57,5832247",https://maps.google.com/?cid=16046011235019720229&g_mp=Cidnb29nbGUubWFwcy5wbGFjZXMudjEuUGxhY2VzLlNlYXJjaFRleHQQAhgEIAA,12/07/2026,,ChIJ46_jrUmrfSERJQZH7TPirt4
Vikash Taxi Service & Guide,utiles,taxis,"MU, St Francois Rd, Cap Malheureux 31726",+230 5761 6812,,"-20,0047957","57,6373076",https://maps.google.com/?cid=3587198943418964330&g_mp=Cidnb29nbGUubWFwcy5wbGFjZXMudjEuUGxhY2VzLlNlYXJjaFRleHQQAhgEIAA,12/07/2026,,ChIJ5YdwT4arfSERatkk6W5KyDE
Yash Taxi Service,utiles,taxis,"Bank road, Trou-aux-Biches",+230 5774 9472,,"-20,0234534","57,5539603",https://maps.google.com/?cid=1906723416716527129&g_mp=Cidnb29nbGUubWFwcy5wbGFjZXMudjEuUGxhY2VzLlNlYXJjaFRleHQQAhgEIAA,12/07/2026,,ChIJ-1rQx8arfSERGcZOYtgKdho
Taxi Service Mauritius,utiles,taxis,"SSR International Airport (Airport of Mauritius), Plaisances 00230",+230 5955 0305,https://taxiservicemauritius.com/,"-20,4322618","57,676592",https://maps.google.com/?cid=53754208378775498&g_mp=Cidnb29nbGUubWFwcy5wbGFjZXMudjEuUGxhY2VzLlNlYXJjaFRleHQQAhgEIAA,12/07/2026,,ChIJG3OQ00BbfCERymeZ7yr5vgA
Taxi Mauritius Transfer,utiles,taxis,"MU, Beau Bassin-Rose Hill 71616",+230 5505 1236,https://taximauritiustransfer.com/,"-20,2240362","57,463488",https://maps.google.com/?cid=10596656263860529928&g_mp=Cidnb29nbGUubWFwcy5wbGFjZXMudjEuUGxhY2VzLlNlYXJjaFRleHQQAhgEIAA,12/07/2026,,ChIJX_4G02o8Ri0RCCtTfrriDpM
Kovi Taxi Guide (Kovilen Gangadoo),utiles,taxis,"Delcourt Street, St Francois Rd, Cap Malheureux",+230 5796 4544,,"-20,0044333","57,6350915",https://maps.google.com/?cid=15687945113348047727&g_mp=Cidnb29nbGUubWFwcy5wbGFjZXMudjEuUGxhY2VzLlNlYXJjaFRleHQQAhgEIAA,12/07/2026,,ChIJsaJPHg6rfSERb4PvWPbGttk
Nou Taxi Mauritius,utiles,transferts,"Coastal Rd, Blue Bay",+230 5253 7751,https://www.noutaxi-mauritius.com/,"-20,4416983","57,7210612",https://maps.google.com/?cid=4688517032244146844&g_mp=Cidnb29nbGUubWFwcy5wbGFjZXMudjEuUGxhY2VzLlNlYXJjaFRleHQQAhgEIAA,12/07/2026,,ChIJ24reHdaLfCERnPJHZmb1EEE
Sun-ile Maurice Taxi,utiles,transferts,"Union Vale, Trois Boutiques",+230 5775 3829,https://sun-ile-maurice-taxi.com/,"-20,4521719","57,6506686",https://maps.google.com/?cid=8737465002561614709&g_mp=Cidnb29nbGUubWFwcy5wbGFjZXMudjEuUGxhY2VzLlNlYXJjaFRleHQQAhgEIAA,12/07/2026,,ChIJWW2u3wyLfCERdbMXcyC2QXk
Taxis Mauritius,utiles,transferts,"MU, Royal Road, Amaury 31401",+230 5794 5443,https://www.taxismauritius.com/,"-20,1337557","57,6649963",https://maps.google.com/?cid=17393877969639318417&g_mp=Cidnb29nbGUubWFwcy5wbGFjZXMudjEuUGxhY2VzLlNlYXJjaFRleHQQAhgEIAA,12/07/2026,,ChIJRS-JGULPFK8RkSPYTtt3Y_E
Taxi Guide Mauritius,utiles,transferts,"60 Ylang Ylang Ave, Quatre Bornes",+230 5925 1306,http://taxiguidemauritius.com/,"-20,266061","57,4868812",https://maps.google.com/?cid=17634446842054870624&g_mp=Cidnb29nbGUubWFwcy5wbGFjZXMudjEuUGxhY2VzLlNlYXJjaFRleHQQAhgEIAA,12/07/2026,,ChIJVVWR9GpbfCERYIYwt_gjuvQ
Soleiro Car Rental Ltd,utiles,transferts,"MU, Kovil street, Grand Baie 30510",+230 5907 1291,http://soleiro-carrental.com/,"-20,0146024","57,5725748",https://maps.google.com/?cid=10781493071657726948&g_mp=Cidnb29nbGUubWFwcy5wbGFjZXMudjEuUGxhY2VzLlNlYXJjaFRleHQQAhgEIAA,12/07/2026,,ChIJM1Sj4AmrfSER5HN-bNOOn5U
MoRide - Mauritius Taxi Service,utiles,transferts,"Nehru Road, Ecroignard MU, Central Flacq 40801",+230 5258 0813,https://www.moridemauritius.com/,"-20,227929","57,741701",https://maps.google.com/?cid=10864786921585273244&g_mp=Cidnb29nbGUubWFwcy5wbGFjZXMudjEuUGxhY2VzLlNlYXJjaFRleHQQAhgEIAA,12/07/2026,,ChIJ5cxOasH7fCERnGlmHSR6x5Y
AraTours Ltd,utiles,transferts,"MU, Royal road, Grand Baie 30546",+230 5729 1197,https://www.aratourscarrental.com/,"-19,993034","57,5921835",https://maps.google.com/?cid=14406677392143574292&g_mp=Cidnb29nbGUubWFwcy5wbGFjZXMudjEuUGxhY2VzLlNlYXJjaFRleHQQAhgEIAA,12/07/2026,,ChIJDUXLe7arfSERFGVeIMLM7sc
Sam Taxi Mauritius Flic en flac & Tamarin,utiles,transferts,"MU, Coastal Rd, Tamarin 72224",+230 5763 1800,http://samtaxis.com/,"-20,2792685","57,3688158",https://maps.google.com/?cid=9651781835027844484&g_mp=Cidnb29nbGUubWFwcy5wbGFjZXMudjEuUGxhY2VzLlNlYXJjaFRleHQQAhgEIAA,12/07/2026,,ChIJ4ShUZ-1DfCERhA1nDnEE8oU
Aéroport Sir Seewoosagur Ramgoolam,utiles,transferts,"Airport Terminal Operations Limited ATOL Offices SSR International Airport MU Plaine Magnien MU, Plaine Magnien 51520",+230 603 8000,https://mauritius-airport.atol.aero/,"-20,4334615","57,6787266",https://maps.google.com/?cid=17433746724715820495&g_mp=Cidnb29nbGUubWFwcy5wbGFjZXMudjEuUGxhY2VzLlNlYXJjaFRleHQQAhgEIAA,12/07/2026,,ChIJJbE7sOCKfCERz_XQNkcc8fE
Coastal Tours Mauritius,utiles,transferts,"XHRJ+6Q4, Coastal Rd, Grand Baie",+230 263 1378,https://coastaltoursmauritius.com/,"-20,0094913","57,5819431",https://maps.google.com/?cid=15300167123056998356&g_mp=Cidnb29nbGUubWFwcy5wbGFjZXMudjEuUGxhY2VzLlNlYXJjaFRleHQQAhgEIAA,12/07/2026,,ChIJOTKWF8qrfSER1DfsRe8cVdQ
Sayad Taxi - Tour Guide Mauritius,utiles,transferts,"MU, Quatre Cocos 41605",,https://sayadtaximauritius.com/,"-20,2020469","57,7748267",https://maps.google.com/?cid=8528213179737944828&g_mp=Cidnb29nbGUubWFwcy5wbGFjZXMudjEuUGxhY2VzLlNlYXJjaFRleHQQAhgEIAA,12/07/2026,,ChIJe5AY4D0aIiER_LIV27NMWnY
Samtours / Turquoise voyages,utiles,transferts,"Flamingo Road, Next to ABSa ATM, Flic en Flac",+230 5759 8806,http://www.taxiamaurice.com/,"-20,27931","57,3687843",https://maps.google.com/?cid=14586449088979047467&g_mp=Cidnb29nbGUubWFwcy5wbGFjZXMudjEuUGxhY2VzLlNlYXJjaFRleHQQAhgEIAA,12/07/2026,,ChIJyYA3O15BfCERK5TqAip6bco
ASAS Car Rental - Mauritius,utiles,transferts,"MU, C/O Coin du Nord, 9th Mile Royal Road, Triolet 21504",+230 5756 8435,https://www.asascarrentalmauritius.com/,"-20,0477013","57,5545734",https://maps.google.com/?cid=4674280555545659884&g_mp=Cidnb29nbGUubWFwcy5wbGFjZXMudjEuUGxhY2VzLlNlYXJjaFRleHQQAhgEIAA,12/07/2026,,ChIJ-WJN_5NVfCER7InQXWZh3kA
Roshan taxi flic en flac,utiles,transferts,Flic en Flac,+230 5751 4032,,"-20,2789674","57,3722864",https://maps.google.com/?cid=6185535318341133176&g_mp=Cidnb29nbGUubWFwcy5wbGFjZXMudjEuUGxhY2VzLlNlYXJjaFRleHQQAhgEIAA,12/07/2026,,ChIJO0OwqVVDfCEReCNbg5lv11U
Dodo Ride,utiles,transferts,"MU, XHRP+2GH, chemin bazaar, Grand Baie 30502",+230 5925 6285,http://www.dodoride.mu/,"-20,0099451","57,5863688",https://maps.google.com/?cid=9095322175991038280&g_mp=Cidnb29nbGUubWFwcy5wbGFjZXMudjEuUGxhY2VzLlNlYXJjaFRleHQQAhgEIAA,12/07/2026,,ChIJ5cC4rmyrfSERSMGteVQTOX4
Chucky TAXI MAURITIUS,utiles,transferts,"MU, 23 gopalsing lane Bassin road, Quatre Bornes 72501",+230 5258 0905,,"-20,2791981","57,4677139",https://maps.google.com/?cid=1589107325791054093&g_mp=Cidnb29nbGUubWFwcy5wbGFjZXMudjEuUGxhY2VzLlNlYXJjaFRleHQQAhgEIAA,12/07/2026,,ChIJj-XbLOZbfCERDSm_f7GkDRY
New Beginnings Coaching Limited,coaching,sports-bien-etre,"MU, Allée Du Verger, Grand Baie 30516",,https://newb.mu/,"-20,008903","57,5817316",https://maps.google.com/?cid=16561585341347774464&g_mp=Cidnb29nbGUubWFwcy5wbGFjZXMudjEuUGxhY2VzLlNlYXJjaFRleHQQAhgEIAA,12/07/2026,,ChIJQcwQlo-rfSERAMBZ9B6S1uU
ES 1:1 COACHING,coaching,sports-bien-etre,"Grand Baie, La Croisette, Twenty-Foot Rd, Port Louis",+230 5856 1263,http://instagram.com/eshban_,"-20,0194975","57,5844292",https://maps.google.com/?cid=18308293195178347529&g_mp=Cidnb29nbGUubWFwcy5wbGFjZXMudjEuUGxhY2VzLlNlYXJjaFRleHQQAhgEIAA,12/07/2026,,ChIJLW-XYpOrfSERCYxO1qgfFP4
Fitness Grand Baie,coaching,sports-bien-etre,"MU, XHXV+228, Grand Baie 30525",+230 5844 2849,https://www.fitnessgrandbaie.com/,"-20,0024188","57,5925832",https://maps.google.com/?cid=3211078826600567995&g_mp=Cidnb29nbGUubWFwcy5wbGFjZXMudjEuUGxhY2VzLlNlYXJjaFRleHQQAhgEIAA,12/07/2026,,ChIJZ-zlLASrfSERuxROBS4LkCw
Shift - Coaching et Formation,coaching,sports-bien-etre,"MU, Chem. Vingt Pieds, Grand Baie 30525",+33 7 66 93 23 03,,"-20,0030981","57,609678",https://maps.google.com/?cid=9056578739918757427&g_mp=Cidnb29nbGUubWFwcy5wbGFjZXMudjEuUGxhY2VzLlNlYXJjaFRleHQQAhgEIAA,12/07/2026,,ChIJrxAMMMirfSERM142UWFur30
Fitmate,coaching,sports-bien-etre,"MU, Choisy Les Bain, Trou aux Biches 30525",+230 5768 8974,https://www.facebook.com/fitmatemauritius?mibextid=LQQJ4d,"-20,023176","57,5566167",https://maps.google.com/?cid=7935667195381724036&g_mp=Cidnb29nbGUubWFwcy5wbGFjZXMudjEuUGxhY2VzLlNlYXJjaFRleHQQAhgEIAA,12/07/2026,,ChIJlUBiYoirfSERhLNy7EQnIW4
Misschawky Studio,coaching,sports-bien-etre,"MU, Chem. Vingt Pieds, Grand Baie 30513",+230 5777 6255,http://www.misschawky.com/,"-20,0182877","57,5855387",https://maps.google.com/?cid=8240971876839866707&g_mp=Cidnb29nbGUubWFwcy5wbGFjZXMudjEuUGxhY2VzLlNlYXJjaFRleHQQAhgEIAA,12/07/2026,,ChIJsZTnppyrfSERU0EGa0LQXXI
Black Box Fitness,coaching,sports-bien-etre,"Motorway The Vale, Grand Baie",+230 5785 2145,https://blackboxfitnessclub.mu/,"-20,0326016","57,5901437",https://maps.google.com/?cid=11611330138669283419&g_mp=Cidnb29nbGUubWFwcy5wbGFjZXMudjEuUGxhY2VzLlNlYXJjaFRleHQQAhgEIAA,12/07/2026,,ChIJvTyFMlWrfSERW3gr3T27I6E
"Lindsay Kassem - Executive Health, Life, & Mindset Coach, DNA",coaching,sports-bien-etre,"Workshop 17, The Precinct, Grand Baie",,http://www.healthupwithlindsay.com/,"-20,0089027","57,5817314",https://maps.google.com/?cid=5136938304855645543&g_mp=Cidnb29nbGUubWFwcy5wbGFjZXMudjEuUGxhY2VzLlNlYXJjaFRleHQQAhgEIAA,12/07/2026,,ChIJ2-7vWOmrfSERZ50E7isSSkc
Lift Fitness Studio,coaching,sports-bien-etre,"Round About Lower Vale, M2 The Vale MU, Grand Baie 31301",+230 5253 2870,https://www.lift-fitnessstudio.com/,"-20,0329115","57,5906776",https://maps.google.com/?cid=1305544057728902931&g_mp=Cidnb29nbGUubWFwcy5wbGFjZXMudjEuUGxhY2VzLlNlYXJjaFRleHQQAhgEIAA,12/07/2026,,ChIJS1NaIharfSERE6eNR2c5HhI
Training Turtles,coaching,sports-bien-etre,"XHV5+MGQ, Grand Baie",,,"-20,0056383","57,5596443",https://maps.google.com/?cid=339040173723499497&g_mp=Cidnb29nbGUubWFwcy5wbGFjZXMudjEuUGxhY2VzLlNlYXJjaFRleHQQAhgEIAA,12/07/2026,,ChIJ87DKlrWrfSER6Ttg3z2DtAQ
Purelates,coaching,sports-bien-etre,"Géranium Rd, Grand Baie",,,"-20,0164908","57,570004",https://maps.google.com/?cid=6515877797065336167&g_mp=Cidnb29nbGUubWFwcy5wbGFjZXMudjEuUGxhY2VzLlNlYXJjaFRleHQQAhgEIAA,12/07/2026,,ChIJBXsGe_arfSERZyXvdVUMbVo
Tropical Mindset,coaching,sports-bien-etre,"The vale MU, motorway M2, Grand Baie 31301",+230 5258 3643,https://www.tropical-mindset.com/,"-20,0324394","57,5906948",https://maps.google.com/?cid=9446903800900078963&g_mp=Cidnb29nbGUubWFwcy5wbGFjZXMudjEuUGxhY2VzLlNlYXJjaFRleHQQAhgEIAA,12/07/2026,,ChIJc216I7irfSERc83vf_QkGoM
TrainingGains,coaching,sports-bien-etre,"XHR8+6PR 3 X, Club Road, Grand Baie",+230 5488 0918,,"-20,0093951","57,5667591",https://maps.google.com/?cid=11844093326733760347&g_mp=Cidnb29nbGUubWFwcy5wbGFjZXMudjEuUGxhY2VzLlNlYXJjaFRleHQQAhgEIAA,12/07/2026,,ChIJU4TnqqmrfSERW1eKwiCsXqQ
Harmony Fitness Center,coaching,sports-bien-etre,"XHRW+MQP, B45, Grand Baie",,,"-20,008289","57,5969434",https://maps.google.com/?cid=4323640109723077218&g_mp=Cidnb29nbGUubWFwcy5wbGFjZXMudjEuUGxhY2VzLlNlYXJjaFRleHQQAhgEIAA,12/07/2026,,ChIJ__9vaaurfSERYsqsrMWnADw
Dodo Baba - Wellness & Well-Being Coach,coaching,sports-bien-etre,"Dittany of Crete, Twenty-Foot Rd, Grand Baie",+230 5253 6616,,"-20,008964","57,596922",https://maps.google.com/?cid=12055196598013007235&g_mp=Cidnb29nbGUubWFwcy5wbGFjZXMudjEuUGxhY2VzLlNlYXJjaFRleHQQAhgEIAA,12/07/2026,,ChIJB2gjoI2rfSERgxUQSm-pTKc
Zensense,coaching,business,"The Precinct M2 Junction, The Vale",+230 5937 8740,http://www.zensense.mu/,"-20,0339151","57,5909264",https://maps.google.com/?cid=10810783850434943416&g_mp=Cidnb29nbGUubWFwcy5wbGFjZXMudjEuUGxhY2VzLlNlYXJjaFRleHQQAhgEIAA,12/07/2026,,ChIJNVP0OhNTfCERuFm0TKKeB5Y
DRR Consulting Mauritius,coaching,business,"Domaine de la Salette, Grand Baie 30551",+230 263 7918,http://drr-consulting.com/,"-20,0163106","57,5939253",https://maps.google.com/?cid=4497811640455870646&g_mp=Cidnb29nbGUubWFwcy5wbGFjZXMudjEuUGxhY2VzLlNlYXJjaFRleHQQAhgEIAA,12/07/2026,,ChIJX3ePLo2rfSERtjj9R9tvaz4
Competitive Dynamics International Connect,coaching,business,"Suite 1, PERRIERI OFFICE SUITES C2-302, Level 3, Office Block C, La Croisette Grand Baie MU, Grand Baie 30517",+27 82 782 0878,http://www.cdiconnect.com/,"-20,008903","57,5817316",https://maps.google.com/?cid=8826606201363831182&g_mp=Cidnb29nbGUubWFwcy5wbGFjZXMudjEuUGxhY2VzLlNlYXJjaFRleHQQAhgEIAA,12/07/2026,,ChIJm1pQ5JurfSERjhmNJJNnfno
Expressive Coaching,coaching,business,"MU, WH3G+222, Pamplemousses 20106",+230 5818 8533,https://www.expressivecoaching.art/,"-20,0974368","57,5750759",https://maps.google.com/?cid=9173949544087223344&g_mp=Cidnb29nbGUubWFwcy5wbGFjZXMudjEuUGxhY2VzLlNlYXJjaFRleHQQAhgEIAA,12/07/2026,,ChIJHWnIVABVfCERMPysMoFqUH8
Life & Career Coach Michael Kaiser,coaching,business,"MU, Sahara Consulting Building, Géranium Rd, Grand Baie 30515",+230 5822 8094,https://www.bettercareer.net/,"-20,0162155","57,5697447",https://maps.google.com/?cid=8193602891067093712&g_mp=Cidnb29nbGUubWFwcy5wbGFjZXMudjEuUGxhY2VzLlNlYXJjaFRleHQQAhgEIAA,12/07/2026,,ChIJ6y4jtIWrfSER0PKq-GqGtXE
Moon Flower,coaching,business,"Suite J7,Moon Flower Avenue Jolicoeur, Pereybere Pereybere MU, Grand Baie 30546",+230 5944 3110,http://www.mentor.mu/,"-19,9963712","57,590046",https://maps.google.com/?cid=11914127819648310257&g_mp=Cidnb29nbGUubWFwcy5wbGFjZXMudjEuUGxhY2VzLlNlYXJjaFRleHQQAhgEIAA,12/07/2026,,ChIJkTkBT0GrfSER8Zu80iB8V6U
Dr Krishna Athal: Life & Executive Coach ✨,coaching,business,"MU, 204, Jade Court Jummah Mosque St, Port Louis 11602",+230 5252 5556,https://drkrishnaathal.com/,"-20,1610793","57,5062157",https://maps.google.com/?cid=12549877905434409725&g_mp=Cidnb29nbGUubWFwcy5wbGFjZXMudjEuUGxhY2VzLlNlYXJjaFRleHQQAhgEIAA,12/07/2026,,ChIJDZd2625RfCER_frwf3YfKq4
TBI Business Advisors,coaching,business,"The Precinct, Workshop 17, MU, Grand Baie 31301",+230 268 3666,http://www.tbimauritius.com/,"-20,0352651","57,591138",https://maps.google.com/?cid=3227866841421737239&g_mp=Cidnb29nbGUubWFwcy5wbGFjZXMudjEuUGxhY2VzLlNlYXJjaFRleHQQAhgEIAA,12/07/2026,,ChIJ42_BbaarfSERF200Ucqvyyw
Jennyfer C Coaching,coaching,business,"5 Royal Road Tamarin MU, Rivière Noire 90921",+230 483 5907,http://www.coachingsophrologie.com/,"-20,3362449","57,3652783",https://maps.google.com/?cid=2612138260035114507&g_mp=Cidnb29nbGUubWFwcy5wbGFjZXMudjEuUGxhY2VzLlNlYXJjaFRleHQQAhgEIAA,12/07/2026,,ChIJ7XS_X_xDfCERC5aZZegtQCQ
Mauritius Therapist Vanessa Laget,coaching,famille,"17 Avenue Des Goelands, Morcellement Swan MU, Grand Baie 13504",+230 5977 6262,https://therapistmauritius.com/,"-20,0007861","57,5868905",https://maps.google.com/?cid=13073083787559737315&g_mp=Cidnb29nbGUubWFwcy5wbGFjZXMudjEuUGxhY2VzLlNlYXJjaFRleHQQAhgEIAA,12/07/2026,,ChIJGdXTC7-rfSER45dqzHDsbLU
Native - Concept Store Cosmopolite,seconde-main,equipement-maison,"Maison balinaise Face à la, quincaillerie Étoile, 58 Sottise Rd, Grand Baie",+230 5441 4814,https://www.facebook.com/native.conceptstoredeco/,"-20,0193311","57,5801996",https://maps.google.com/?cid=12542968071847781747&g_mp=Cidnb29nbGUubWFwcy5wbGFjZXMudjEuUGxhY2VzLlNlYXJjaFRleHQQAhgEIAA,12/07/2026,,ChIJo0qlgj-rfSERc6WNfwGTEa4
AfricaIMG Depot-Vente,seconde-main,equipement-maison,"Astoria Rd, Goodlands",+230 5755 4916,https://www.africaimg.com/,"-20,0386949","57,6484757",https://maps.google.com/?cid=5704591573434178791&g_mp=Cidnb29nbGUubWFwcy5wbGFjZXMudjEuUGxhY2VzLlNlYXJjaFRleHQQAhgEIAA,12/07/2026,,ChIJqfj-rnUAfSER5xw708_HKk8
Macumba Ltee.,seconde-main,equipement-maison,"Sunset Boulevard, Grand Baie",+230 263 6404,http://www.macumba.mu/,"-20,0138212","57,5844803",https://maps.google.com/?cid=4875271780294695440&g_mp=Cidnb29nbGUubWFwcy5wbGFjZXMudjEuUGxhY2VzLlNlYXJjaFRleHQQAhgEIAA,12/07/2026,,ChIJz6VAfrqrfSEREJrzl9pxqEM
Urban Home,seconde-main,equipement-maison,"Shop D0-01 MU, La Croisette, D, Grand Baie 30517",+230 268 3467,http://www.urbanhome.mu/,"-20,0228041","57,57946",https://maps.google.com/?cid=8131245874507367544&g_mp=Cidnb29nbGUubWFwcy5wbGFjZXMudjEuUGxhY2VzLlNlYXJjaFRleHQQAhgEIAA,12/07/2026,,ChIJLdjlQfqrfSEReERfqwr913A
Ju&Marinette,seconde-main,equipement-maison,"Sottise Rd, Grand Baie",+230 5252 8529,,"-20,0237044","57,5873668",https://maps.google.com/?cid=770250610881230496&g_mp=Cidnb29nbGUubWFwcy5wbGFjZXMudjEuUGxhY2VzLlNlYXJjaFRleHQQAhgEIAA,12/07/2026,,ChIJlUY5vjqrfSERoHaagdl6sAo
La Foir'Fouille,seconde-main,equipement-maison,"MU, Chem. Vingt Pieds, Grand Baie 30501",+230 268 6559,https://magasins.lafoirfouille.fr/maurice/la-foirfouille-226,"-20,0223614","57,5792609",https://maps.google.com/?cid=11252614820370369465&g_mp=Cidnb29nbGUubWFwcy5wbGFjZXMudjEuUGxhY2VzLlNlYXJjaFRleHQQAhgEIAA,12/07/2026,,ChIJrVHsyrirfSERuct4ao9RKZw
Macumba - 20 Pieds road,seconde-main,equipement-maison,"Chem. Vingt Pieds, Grand Baie",+230 5942 2706,http://www.macumba.mu/,"-20,009488","57,5959912",https://maps.google.com/?cid=13215209423144180155&g_mp=Cidnb29nbGUubWFwcy5wbGFjZXMudjEuUGxhY2VzLlNlYXJjaFRleHQQAhgEIAA,12/07/2026,,ChIJW6kkAaurfSERu1nnAvTaZbc
J.Kalachand,seconde-main,equipement-maison,"XHPQ+4W9, Chem. Vingt Pieds, Grand Baie",+230 263 0872,https://jkalachand.com/,"-20,0147103","57,5898695",https://maps.google.com/?cid=7390423409949217245&g_mp=Cidnb29nbGUubWFwcy5wbGFjZXMudjEuUGxhY2VzLlNlYXJjaFRleHQQAhgEIAA,12/07/2026,,ChIJedePWQarfSER3RHBae8OkGY
Quincaillerie La Coruna,seconde-main,equipement-maison,"Royal Road, Grand Baie",+230 263 6879,,"-20,0158549","57,5760137",https://maps.google.com/?cid=8834728273956539660&g_mp=Cidnb29nbGUubWFwcy5wbGFjZXMudjEuUGxhY2VzLlNlYXJjaFRleHQQAhgEIAA,12/07/2026,,ChIJYbgW0wyrfSERDI1HiI5Cm3o
La Foir'Fouille,seconde-main,equipement-maison,"MU, Tribeca Mall, 72261",,https://magasins.lafoirfouille.fr/maurice/la-foirfouille-249,"-20,2451128","57,4974104",https://maps.google.com/?cid=14743990079153909867&g_mp=Cidnb29nbGUubWFwcy5wbGFjZXMudjEuUGxhY2VzLlNlYXJjaFRleHQQAhgEIAA,12/07/2026,,ChIJcWTlc61bfCERazDaJ9wsncw
La Foir'Fouille,seconde-main,equipement-maison,"Flacq Boulet Rouge Flacq - Mauritius MU, Ctre de Flacq 40603",+230 5256 5079,https://magasins.lafoirfouille.fr/maurice/la-foirfouille-94,"-20,1996068","57,7217482",https://maps.google.com/?cid=15810670452924119814&g_mp=Cidnb29nbGUubWFwcy5wbGFjZXMudjEuUGxhY2VzLlNlYXJjaFRleHQQAhgEIAA,12/07/2026,,ChIJ7WI0UbT5fCERBntOJwLJats
Double Life - Saint Pierre,seconde-main,equipement-maison,"QG, Industrial Zone, St Pierre",+230 5502 0399,http://www.doublelife.shop/,"-20,2282442","57,5377535",https://maps.google.com/?cid=7222730849946386333&g_mp=Cidnb29nbGUubWFwcy5wbGFjZXMudjEuUGxhY2VzLlNlYXJjaFRleHQQAhgEIAA,12/07/2026,,ChIJkQlSKFFbfCERnT9Pu3BLPGQ
Grewals Showroom Nord,seconde-main,equipement-maison,"MU, 30513 Chem. Vingt Pieds, Grand Baie 30513",+230 268 3246,https://www.grewals.mu/,"-20,01714","57,586856",https://maps.google.com/?cid=10552562201528053129&g_mp=Cidnb29nbGUubWFwcy5wbGFjZXMudjEuUGxhY2VzLlNlYXJjaFRleHQQAhgEIAA,12/07/2026,,ChIJo2Q27QqrfSERiS1LlGk7cpI
Roche Bobois,seconde-main,equipement-maison,"MU, Healthscape Circle Square, 30104",+230 244 3021,http://www.roche-bobois.com/fr-MU/,"-20,0556747","57,6139329",https://maps.google.com/?cid=13187705890369567187&g_mp=Cidnb29nbGUubWFwcy5wbGFjZXMudjEuUGxhY2VzLlNlYXJjaFRleHQQAhgEIAA,12/07/2026,,ChIJC7M99MyqfSER0_nNxaIkBLc
Popular Store,seconde-main,equipement-maison,"WHX3+8C8, Grand Baie Rd, Triolet",+230 261 1248,,"-20,0517004","57,5535881",https://maps.google.com/?cid=16063857957716169609&g_mp=Cidnb29nbGUubWFwcy5wbGFjZXMudjEuUGxhY2VzLlNlYXJjaFRleHQQAhgEIAA,12/07/2026,,ChIJv1Og_KlUfCERiRMB3LNJ7t4
Grewals Ltd,seconde-main,equipement-maison,"Grewals Lane Pailles MU, Port Louis 11221",+230 286 6619,https://www.grewals.mu/,"-20,1961518","57,4862585",https://maps.google.com/?cid=2230070286767211432&g_mp=Cidnb29nbGUubWFwcy5wbGFjZXMudjEuUGxhY2VzLlNlYXJjaFRleHQQAhgEIAA,12/07/2026,,ChIJN3Z1ynRQfCERqMPpQhzN8h4
JMD International ltd,seconde-main,equipement-maison,"MU, Grewals Ln, Pailles 11221",+230 460 5670,http://www.jmd.mu/,"-20,1962612","57,4866449",https://maps.google.com/?cid=5111438629926055349&g_mp=Cidnb29nbGUubWFwcy5wbGFjZXMudjEuUGxhY2VzLlNlYXJjaFRleHQQAhgEIAA,12/07/2026,,ChIJJYaS-S1RfCERta3zM1p670Y
Magasin Central,seconde-main,equipement-maison,"Royal Rd, Grand Baie",+230 263 8936,https://www.facebook.com/magasincentral.gbay/,"-20,016536","57,578676",https://maps.google.com/?cid=7476764685634308279&g_mp=Cidnb29nbGUubWFwcy5wbGFjZXMudjEuUGxhY2VzLlNlYXJjaFRleHQQAhgEIAA,12/07/2026,,ChIJPRYKq19TfCERtwhrNN7Nwmc
LexpressCars,seconde-main,voitures-2-roues,"MU, Rue des Oursins, Baie du Tombeau 21731",+230 206 8200,https://www.lexpresscars.mu/,"-20,1341394","57,5126656",https://maps.google.com/?cid=10712600977174479074&g_mp=Cidnb29nbGUubWFwcy5wbGFjZXMudjEuUGxhY2VzLlNlYXJjaFRleHQQAhgEIAA,12/07/2026,,ChIJ2WdBXsxUfCER4sD8uNTNqpQ
Ginza Motors,seconde-main,voitures-2-roues,"ABC Centre, 1 Military Rd, Port Louis",+230 206 9945,http://www.ginzamotors.mu/,"-20,1529218","57,5080419",https://maps.google.com/?cid=10673018375912160381&g_mp=Cidnb29nbGUubWFwcy5wbGFjZXMudjEuUGxhY2VzLlNlYXJjaFRleHQQAhgEIAA,12/07/2026,,ChIJyeap-QdRfCERffx1MaotHpQ
The Car Connexion Ltd,seconde-main,voitures-2-roues,"Forbach Rd, Fond du Sac",+230 244 3888,https://thecarconnexion.com/,"-20,0573519","57,6140307",https://maps.google.com/?cid=10649322187680999210&g_mp=Cidnb29nbGUubWFwcy5wbGFjZXMudjEuUGxhY2VzLlNlYXJjaFRleHQQAhgEIAA,12/07/2026,,ChIJ1-nPStaqfSERKmdpbxv-yZM
Dagenham Motors,seconde-main,voitures-2-roues,"MGWF+445, Charles Regnaud St, Curepipe",+230 696 7000,,"-20,3047433","57,5228443",https://maps.google.com/?cid=5154437578565660200&g_mp=Cidnb29nbGUubWFwcy5wbGFjZXMudjEuUGxhY2VzLlNlYXJjaFRleHQQAhgEIAA,12/07/2026,,ChIJ2famWm5cfCERKK5UF6s9iEc
Autograph,seconde-main,voitures-2-roues,"Motor City Forbach Mapou MU, 31001",+230 244 3189,https://autographcars.mu/,"-20,0574106","57,6139123",https://maps.google.com/?cid=8996689888646642019&g_mp=Cidnb29nbGUubWFwcy5wbGFjZXMudjEuUGxhY2VzLlNlYXJjaFRleHQQAhgEIAA,12/07/2026,,ChIJ7a2vg8tVfCERY7khh8mp2nw
Toyota (Mauritius) Ltd,seconde-main,voitures-2-roues,"State House Ave, Moka",+230 460 5200,http://www.toyotamauritius.com/,"-20,226778","57,4932594",https://maps.google.com/?cid=13165911727774971643&g_mp=Cidnb29nbGUubWFwcy5wbGFjZXMudjEuUGxhY2VzLlNlYXJjaFRleHQQAhgEIAA,12/07/2026,,ChIJC6_NeE1bfCER-zYt3vW2trY
Vintage Clothing,seconde-main,habits-adultes,"Camp des Embrevades Rd, Pamplemousses",+230 5797 6797,https://www.facebook.com/profile.php?id=100009270256290&sk=photos_all,"-20,1157262","57,5764453",https://maps.google.com/?cid=8789428481544673408&g_mp=Cidnb29nbGUubWFwcy5wbGFjZXMudjEuUGxhY2VzLlNlYXJjaFRleHQQAhgEIAA,12/07/2026,,ChIJYZql2rJVfCERgNgrtaJS-nk
Le Dressing by Boubou,seconde-main,habits-adultes,"Grand Baie la Croisette MU, Fashion Galleria, Bloc E/F, Grand Baie 30517",+230 5255 1889,https://www.byboubou.com/,"-20,0216408","57,5783462",https://maps.google.com/?cid=8331998946049226366&g_mp=Cidnb29nbGUubWFwcy5wbGFjZXMudjEuUGxhY2VzLlNlYXJjaFRleHQQAhgEIAA,12/07/2026,,ChIJC2V2SeirfSERfnYxiOU0oXM
Marco Pearl Shop,seconde-main,habits-adultes,"Royal Road, Grand Baie",+230 5256 6765,,"-20,0115431","57,5846077",https://maps.google.com/?cid=11015843410349809462&g_mp=Cidnb29nbGUubWFwcy5wbGFjZXMudjEuUGxhY2VzLlNlYXJjaFRleHQQAhgEIAA,12/07/2026,,ChIJx1sVQlurfSERNl86nzcj4Jg
The Good Shop Petite Rivière,seconde-main,habits-adultes,"Royal Road, Petite Riviere",+230 237 3495,https://thegoodshop.mu/,"-20,1946157","57,4484888",https://maps.google.com/?cid=8999753724927286137&g_mp=Cidnb29nbGUubWFwcy5wbGFjZXMudjEuUGxhY2VzLlNlYXJjaFRleHQQAhgEIAA,12/07/2026,,ChIJbaIkX_pFfCEReRtKgFSM5Xw
The Good Shop,seconde-main,habits-adultes,"24 Meldrum St, Curepipe",+230 673 0295,https://thegoodshop.mu/,"-20,3130773","57,5191259",https://maps.google.com/?cid=18441853180029510083&g_mp=Cidnb29nbGUubWFwcy5wbGFjZXMudjEuUGxhY2VzLlNlYXJjaFRleHQQAhgEIAA,12/07/2026,,ChIJeYYCk8ddfCERwyGRE8Kf7v8
Lüna Boutique Mauritius,seconde-main,habits-adultes,"Richmond Hill, Rue la Salette, Grand Baie",+230 269 1317,,"-20,0133158","57,5884049",https://maps.google.com/?cid=16526113218828132361&g_mp=Cidnb29nbGUubWFwcy5wbGFjZXMudjEuUGxhY2VzLlNlYXJjaFRleHQQAhgEIAA,12/07/2026,,ChIJszDdCgCrfSERCWAj1mmMWOU
Perhaps,seconde-main,habits-adultes,"Perhaps, Coastal Road, Grand Baie, Mauritius, B13, Grand Baie",+230 5926 5055,https://m.facebook.com/perhapsmauritius/,"-20,0156077","57,5682694",https://maps.google.com/?cid=6031484787188880995&g_mp=Cidnb29nbGUubWFwcy5wbGFjZXMudjEuUGxhY2VzLlNlYXJjaFRleHQQAhgEIAA,12/07/2026,,ChIJ6YL5unGrfSERY9aQMHUjtFM
CRAZY FACTORY,seconde-main,habits-adultes,"Chemin 20 pieds, A côte de Ciseaux 3D et Face à GBBQ, Grand-Baie",+230 5250 0566,https://www.facebook.com/crazyfactorymauritius,"-20,0199194","57,5841315",https://maps.google.com/?cid=5988398318922257063&g_mp=Cidnb29nbGUubWFwcy5wbGFjZXMudjEuUGxhY2VzLlNlYXJjaFRleHQQAhgEIAA,12/07/2026,,ChIJo78DLw6rfSERp1LoDIsQG1M
Orchestra GRAND BAIE,seconde-main,habits-enfants,"B45 Chem. Vingt Pieds, Grand Baie",+230 468 8341,http://fr.shop-orchestra.com/,"-20,0224641","57,5791544",https://maps.google.com/?cid=6461667787204317965&g_mp=Cidnb29nbGUubWFwcy5wbGFjZXMudjEuUGxhY2VzLlNlYXJjaFRleHQQAhgEIAA,12/07/2026,,ChIJp5f-qxOrfSERDdPl-J10rFk
"Gecko Kids Mauritius (📍𝗗𝗶𝗮𝘀 𝗣𝗶𝗲𝗿, 𝗟𝗲 𝗖𝗮𝘂𝗱𝗮𝗻 𝗪𝗮𝘁𝗲𝗿𝗳𝗿𝗼𝗻𝘁, 𝗣𝗼𝗿𝘁-𝗟𝗼𝘂𝗶𝘀; 📍𝗠𝗼𝗻𝘁 𝗖𝗵𝗼𝗶𝘀𝘆 𝗟𝗲 𝗠𝗮𝗹𝗹, 𝗚𝗿𝗮𝗻𝗱-𝗕𝗮𝗶𝗲)",seconde-main,habits-enfants,"MU, Caudan Waterfront, Marina Quay, Port Louis 11307",+230 5813 6918,https://www.geckomauritius.com/,"-20,1616593","57,4995516",https://maps.google.com/?cid=14901301779542471997&g_mp=Cidnb29nbGUubWFwcy5wbGFjZXMudjEuUGxhY2VzLlNlYXJjaFRleHQQAhgEIAA,12/07/2026,,ChIJa5AQ9fZRfCERPXWGnAQPzM4
GEMO GRAND BAIE Chaussures et Vêtements,seconde-main,habits-enfants,"MU, Centre Commercial la Croisette, b45 Chem. Vingt Pieds, Grand Baie 30517",+230 268 6851,https://www.gemo.mu/,"-20,0225417","57,578352",https://maps.google.com/?cid=9004216179968117672&g_mp=Cidnb29nbGUubWFwcy5wbGFjZXMudjEuUGxhY2VzLlNlYXJjaFRleHQQAhgEIAA,12/07/2026,,ChIJF-wkBeCrfSERqAvTx-hm9Xw
Bookcourt La Croisette,seconde-main,jeux-livres,"XHHH+6G5, Grand Baie",+230 269 6062,,"-20,0219835","57,5788696",https://maps.google.com/?cid=16038370780477445505&g_mp=Cidnb29nbGUubWFwcy5wbGFjZXMudjEuUGxhY2VzLlNlYXJjaFRleHQQAhgEIAA,12/07/2026,,ChIJtYYWVRKrfSERgdVc-j-9k94
Le Sortilège du Shaman,seconde-main,jeux-livres,"Chem. Vingt Pieds, Grand Baie",+230 268 0435,https://www.lesortilegedushaman.com/,"-20,0181315","57,5857836",https://maps.google.com/?cid=1897903962421296114&g_mp=Cidnb29nbGUubWFwcy5wbGFjZXMudjEuUGxhY2VzLlNlYXJjaFRleHQQAhgEIAA,12/07/2026,,ChIJ0ZqEMe-rfSER8nvtKZm1Vho
Whimzical books,seconde-main,jeux-livres,"sam,s complex, Royal Road, Grand Baie",+230 268 3131,https://sites.google.com/view/whimzical-world-of-books/home,"-20,0111554","57,5644082",https://maps.google.com/?cid=15450638657574833739&g_mp=Cidnb29nbGUubWFwcy5wbGFjZXMudjEuUGxhY2VzLlNlYXJjaFRleHQQAhgEIAA,12/07/2026,,ChIJ__jKhL-rfSERS46qgf-xa9Y
Purple Dodo Children's Books,seconde-main,jeux-livres,"Sottise Rd, Grand Baie",+230 5740 7096,https://purple-dodo-childrens-book.kyte.site/,"-20,0216905","57,5821685",https://maps.google.com/?cid=8567403453282247118&g_mp=Cidnb29nbGUubWFwcy5wbGFjZXMudjEuUGxhY2VzLlNlYXJjaFRleHQQAhgEIAA,12/07/2026,,ChIJuR_0MzmrfSERzuFXeAyI5XY
Au Bonheur Des Livres,seconde-main,jeux-livres,"MFXP+6Q8, Vacoas-Phœnix",+230 5724 1149,https://m.facebook.com/Au-Bonheur-des-Livres,"-20,3019597","57,4869399",https://maps.google.com/?cid=462160258065034802&g_mp=Cidnb29nbGUubWFwcy5wbGFjZXMudjEuUGxhY2VzLlNlYXJjaFRleHQQAhgEIAA,12/07/2026,,ChIJC1mgv5VcfCERMu5EW07saQY
Bookcourt Bagatelle,seconde-main,jeux-livres,"QFGW+675, Moka",+230 468 8039,http://www.bookcourt.mu/,"-20,2244925","57,495743",https://maps.google.com/?cid=6975162582997395592&g_mp=Cidnb29nbGUubWFwcy5wbGFjZXMudjEuUGxhY2VzLlNlYXJjaFRleHQQAhgEIAA,12/07/2026,,ChIJEfqXQ-1afCERiOgnymnBzGA
Bookcourt Caudan,seconde-main,jeux-livres,"Immeuble Caudan Water Front, Port Louis",+230 211 9262,https://bookcourt.mu/,"-20,1612737","57,4979353",https://maps.google.com/?cid=17512253934416805646&g_mp=Cidnb29nbGUubWFwcy5wbGFjZXMudjEuUGxhY2VzLlNlYXJjaFRleHQQAhgEIAA,12/07/2026,,ChIJsy-kt1JQfCERDr9ZYSsGCPM
Éditions De l'Océan Indien,seconde-main,jeux-livres,"22 B, Rue Marcel Cabon, Stanley,Port Louis District, Beau Bassin-Rose Hill",+230 464 6761,http://www.bookstore.mu/,"-20,2456405","57,4650194",https://maps.google.com/?cid=7907375677011279275&g_mp=Cidnb29nbGUubWFwcy5wbGFjZXMudjEuUGxhY2VzLlNlYXJjaFRleHQQAhgEIAA,12/07/2026,,ChIJzTrp_ixbfCERqz3SfUikvG0
Editions Le Printemps Ltd,seconde-main,jeux-livres,"4, Club Road Vacoas MU, Vacoas-Phoenix 73328",+230 696 1017,http://www.elpmauritius.com/,"-20,2957464","57,4926045",https://maps.google.com/?cid=12391923049090233291&g_mp=Cidnb29nbGUubWFwcy5wbGFjZXMudjEuUGxhY2VzLlNlYXJjaFRleHQQAhgEIAA,12/07/2026,,ChIJn-h_cZpcfCERy7P_oFv0-Ks
Tamarina Golf Club,activites,golf,Tamarin,+230 401 3006,https://tamarina.mu/golf/en/,"-20,3167109","57,3944386",https://maps.google.com/?cid=13714434145589531120&g_mp=Cidnb29nbGUubWFwcy5wbGFjZXMudjEuUGxhY2VzLlNlYXJjaFRleHQQAhgEIAA,12/07/2026,,ChIJFZvYDcBDfCER8BFadzF1U74
Tamarina Golf Estate,activites,golf,"Tamarina Golf Estate Tamarina MU, 90922",+230 5743 7777,http://tamarina.club/,"-20,3094896","57,3976276",https://maps.google.com/?cid=8408050038486667467&g_mp=Cidnb29nbGUubWFwcy5wbGFjZXMudjEuUGxhY2VzLlNlYXJjaFRleHQQAhgEIAA,12/07/2026,,ChIJoW5HlDlCfCERyxC1VfZkr3Q
Tamarina Golf & Spa Boutique Hotel,activites,golf,"Tamarin Bay, M9GJ+R8, Tamarin",+230 404 0150,http://www.tamarina.mu/,"-20,3215734","57,3799814",https://maps.google.com/?cid=3498760821048504690&g_mp=Cidnb29nbGUubWFwcy5wbGFjZXMudjEuUGxhY2VzLlNlYXJjaFRleHQQAhgEIAA,12/07/2026,,ChIJH0PaNiJCfCERcnGm9G0YjjA
Heritage Golf Club - La Reserve Golf Links,activites,golf,Bel Ombre,+230 660 7071,https://heritagegolfclub.mu/,"-20,4862359","57,4287985",https://maps.google.com/?cid=241181658334248326&g_mp=Cidnb29nbGUubWFwcy5wbGFjZXMudjEuUGxhY2VzLlNlYXJjaFRleHQQAhgEIAA,12/07/2026,,ChIJ9X6R8sxvfCERhj1av3DZWAM
The Pro Shop Tamarin,activites,golf,"Ruisseau Créole, A3, La Preneuse",+230 483 6446,https://www.theproshop.mu/,"-20,3586054","57,3693046",https://maps.google.com/?cid=2818103789546601513&g_mp=Cidnb29nbGUubWFwcy5wbGFjZXMudjEuUGxhY2VzLlNlYXJjaFRleHQQAhgEIAA,12/07/2026,,ChIJhQbSWBxqfCERKXwbNHfqGyc
Mauritius Gymkhana Club,activites,golf,"MU, Suffolk, Vacoas-Phoenix 73419",+230 660 1844,http://www.mgc.mu/,"-20,2890181","57,4995748",https://maps.google.com/?cid=262668568401261274&g_mp=Cidnb29nbGUubWFwcy5wbGFjZXMudjEuUGxhY2VzLlNlYXJjaFRleHQQAhgEIAA,12/07/2026,,ChIJG3rO94JcfCER2rI32asvpQM
Avalon Golf Estate,activites,golf,"Bois Cheri Road, HG5C+H4J, Bois Cheri 60203",+230 430 5800,http://www.avalon.mu/,"-20,4369266","57,5141254",https://maps.google.com/?cid=651296120719487876&g_mp=Cidnb29nbGUubWFwcy5wbGFjZXMudjEuUGxhY2VzLlNlYXJjaFRleHQQAhgEIAA,12/07/2026,,ChIJVVVVld1mfCERhDMT_17eCQk
Harmonie Golf & Beach Estate,activites,golf,Grande Riviere Noire,+230 5255 6307,https://www.harmonie.mu/,"-20,3762328","57,3719274",https://maps.google.com/?cid=12986515809255623264&g_mp=Cidnb29nbGUubWFwcy5wbGFjZXMudjEuUGxhY2VzLlNlYXJjaFRleHQQAhgEIAA,12/07/2026,,ChIJFWT0V-prfCERYAqtsFJfObQ
Santana Dolphins & Whales- Charter Mauritius,activites,excursions,Flic en Flac,+230 5773 8773,https://tantulika1.wixsite.com/tour/mauritius,"-20,3067839","57,3661279",https://maps.google.com/?cid=3120170426804666065&g_mp=Cidnb29nbGUubWFwcy5wbGFjZXMudjEuUGxhY2VzLlNlYXJjaFRleHQQAhgEIAA,12/07/2026,,ChIJLRfxftZBfCER0f5eyHgSTSs
Adrien's Dream Boat Charters,activites,excursions,"154 avenue faucon, Flic en Flac 90508",+230 5253 1170,https://tantulika1.wixsite.com/tour/mauritius,"-20,2783555","57,3756923",https://maps.google.com/?cid=15854599146022972347&g_mp=Cidnb29nbGUubWFwcy5wbGFjZXMudjEuUGxhY2VzLlNlYXJjaFRleHQQAhgEIAA,12/07/2026,,ChIJX5mjb1hBfCERuyvpCuzZBtw
Whale Dream - Whales watching and swim with dolphins excursions in Mauritius,activites,excursions,"Yacht club, Colonel Dean Avenue, Rivière Noire",+230 5713 0505,http://www.whalewatchingmauritius.com/,"-20,3630307","57,3714184",https://maps.google.com/?cid=6837687401942166326&g_mp=Cidnb29nbGUubWFwcy5wbGFjZXMudjEuUGxhY2VzLlNlYXJjaFRleHQQAhgEIAA,12/07/2026,,ChIJYTWXAH1DfCERNivt5XZY5F4
Ocean Brothers Mauritius,activites,excursions,"Grande Riviere Noire, Maurice",,,"-20,3630468","57,3713948",https://maps.google.com/?cid=6941437525211061482&g_mp=Cidnb29nbGUubWFwcy5wbGFjZXMudjEuUGxhY2VzLlNlYXJjaFRleHQQAhgEIAA,12/07/2026,,ChIJlwFwK2hDfCER6pzF4KbwVGA
Dolswim Ltd,activites,excursions,"Dolswim, La Jetée Road, Grand Rivière Noire",+230 5422 9281,https://dolswim.eshops.mu/,"-20,3644962","57,371634",https://maps.google.com/?cid=3974348967880147666&g_mp=Cidnb29nbGUubWFwcy5wbGFjZXMudjEuUGxhY2VzLlNlYXJjaFRleHQQAhgEIAA,12/07/2026,,ChIJqd4i2R9qfCER0sLvS1S5Jzc
Oceane Cruises Black River Mauritius,activites,excursions,"Colonel Dean Avenue, Grande Riviere Noire",+230 480 2767,http://www.oceane.mu/,"-20,3628925","57,37144",https://maps.google.com/?cid=7972636965595910336&g_mp=Cidnb29nbGUubWFwcy5wbGFjZXMudjEuUGxhY2VzLlNlYXJjaFRleHQQAhgEIAA,12/07/2026,,ChIJ2f495AprfCERwBB-URR_pG4
Clubbing Tours,activites,excursions,"P987+HWV, Flic en Flac",+230 5253 3216,https://www.clubbingtours.com/,"-20,2836436","57,3648362",https://maps.google.com/?cid=14984122241195070328&g_mp=Cidnb29nbGUubWFwcy5wbGFjZXMudjEuUGxhY2VzLlNlYXJjaFRleHQQAhgEIAA,12/07/2026,,ChIJNWZgl2ZBfCEReFN2AcpL8s8
Big Game & Deep Sea Fishing Mauritius | Dolphin & Whale Watching,activites,excursions,"Avenue des capitaines Tamarin MU, Tamarin 90919",+230 5733 9888,https://www.pelagic-mauritius.com/,"-20,3320367","57,3736643",https://maps.google.com/?cid=4689586193180397227&g_mp=Cidnb29nbGUubWFwcy5wbGFjZXMudjEuUGxhY2VzLlNlYXJjaFRleHQQAhgEIAA,12/07/2026,,ChIJNQKWiUhDfCERqw4Y1MvBFEE
Catamaran Cruises Ltd,activites,excursions,"L'estuaire Embarkation Point, Rivière Noire",+230 5728 3030,https://tantulika27.wixsite.com/tours/mauritius,"-20,3642267","57,3767293",https://maps.google.com/?cid=14329535692623879425&g_mp=Cidnb29nbGUubWFwcy5wbGFjZXMudjEuUGxhY2VzLlNlYXJjaFRleHQQAhgEIAA,12/07/2026,,ChIJ177jpwRpfCERAZ0gk8q83MY
Cedric's Tamarin Dolphin & Whale Adventures,activites,excursions,"MU, Baie de Tamarin, Tamarin 90901",+230 5516 8020,,"-20,3274442","57,376184",https://maps.google.com/?cid=8493945948313203857&g_mp=Cidnb29nbGUubWFwcy5wbGFjZXMudjEuUGxhY2VzLlNlYXJjaFRleHQQAhgEIAA,12/07/2026,,ChIJoZTxAyhDfCERkbSTTtaO4HU
Vitamin Sea - Your ocean guide & photographer in Mauritius,activites,excursions,"L’Estuaire, Rivière Noire 90606",+230 5490 1450,https://www.vitaminsealtd.com/,"-20,3640872","57,3768866",https://maps.google.com/?cid=2279466525804516806&g_mp=Cidnb29nbGUubWFwcy5wbGFjZXMudjEuUGxhY2VzLlNlYXJjaFRleHQQAhgEIAA,12/07/2026,,ChIJZ_JhevtpfCERxtX4Y7pKoh8
Dolphin Warrior (Dolphin and Whale excursion),activites,excursions,"H9H7+35M, Rue des Manguiers, La Gaulette",+230 5755 4175,https://www.dolphinwarriormauritius.com/,"-20,4382309","57,3524938",https://maps.google.com/?cid=9124528206666251884&g_mp=Cidnb29nbGUubWFwcy5wbGFjZXMudjEuUGxhY2VzLlNlYXJjaFRleHQQAhgEIAA,12/07/2026,,ChIJ3_CK47JrfCERbL5fZQ_WoH4
Dolphin Encounter Mauritius,activites,excursions,"Coastal Road, Grande Riviere Noire",+230 5943 8635,https://www.dolphinsmauritius.mu/,"-20,3623003","57,3748241",https://maps.google.com/?cid=3406722360430666660&g_mp=Cidnb29nbGUubWFwcy5wbGFjZXMudjEuUGxhY2VzLlNlYXJjaFRleHQQAhgEIAA,12/07/2026,,ChIJHZiYPPZBfCERpKPZ7e8bRy8
Mauritius Dolphins - Swim with Dolphins,activites,excursions,"MU Avenue des Rosiers La Preneuse MU, Rivière Noire 90601",+230 5254 7733,http://mauritiusdolphins.com/,"-20,3546948","57,3618014",https://maps.google.com/?cid=14092146287226993560&g_mp=Cidnb29nbGUubWFwcy5wbGFjZXMudjEuUGxhY2VzLlNlYXJjaFRleHQQAhgEIAA,12/07/2026,,ChIJlbC6FsFrfCERmDsBhWJckcM
Mauritius Tours - Tur-Agent Ltd,activites,excursions,"Lot 207, Morc St Jacques MU, Paul, Avenue St, Flic en Flac 90515",+230 5259 7001,http://www.mauritius-tours.mu/,"-20,2799459","57,3765655",https://maps.google.com/?cid=6941683159273607490&g_mp=Cidnb29nbGUubWFwcy5wbGFjZXMudjEuUGxhY2VzLlNlYXJjaFRleHQQAhgEIAA,12/07/2026,,ChIJAQBwE-JafCERQpHQAw7QVWA
"Karlos Excursions - Boat Tours departure 2, Mauritius",activites,excursions,"Route Côtière, Le Morne",+230 5726 5599,,"-20,4662906","57,3084963",https://maps.google.com/?cid=3403111449653726584&g_mp=Cidnb29nbGUubWFwcy5wbGFjZXMudjEuUGxhY2VzLlNlYXJjaFRleHQQAhgEIAA,12/07/2026,,ChIJXZiWjA1sfCEReM2sP9VHOi8
7 Waterfalls,activites,excursions,Flic en Flac,+230 5754 0606,https://mauritiusdiscoveries.com/,"-20,3444115","57,4664844",https://maps.google.com/?cid=2864738718233132759&g_mp=Cidnb29nbGUubWFwcy5wbGFjZXMudjEuUGxhY2VzLlNlYXJjaFRleHQQAhgEIAA,12/07/2026,,ChIJuxs4bkpdfCER1_6Xqq-YwSc
LMC Tours,activites,excursions,"Coastal Rd, Flic en Flac",+230 5733 1912,http://www.lemornevacations.com/,"-20,2776155","57,3692449",https://maps.google.com/?cid=2348863563979499798&g_mp=Cidnb29nbGUubWFwcy5wbGFjZXMudjEuUGxhY2VzLlNlYXJjaFRleHQQAhgEIAA,12/07/2026,,ChIJ2zdJ6CJBfCERFinbdPfWmCA
BlackRiver Charters,activites,excursions,"Colonel Dean Avenue, Grande Riviere Noire",+230 5729 9150,https://blackrivercharters.mu/,"-20,3623332","57,3717319",https://maps.google.com/?cid=17783415981494716489&g_mp=Cidnb29nbGUubWFwcy5wbGFjZXMudjEuUGxhY2VzLlNlYXJjaFRleHQQAhgEIAA,12/07/2026,,ChIJFVSXJh5qfCERSUj_VZ1iy_Y
Oceane Cruises Mauritius,activites,excursions,"Royal Road, Trou d'Eau Douce",+230 480 2767,https://oceane.mu/,"-20,2576093","57,793663",https://maps.google.com/?cid=7412718760914001038&g_mp=Cidnb29nbGUubWFwcy5wbGFjZXMudjEuUGxhY2VzLlNlYXJjaFRleHQQAhgEIAA,12/07/2026,,ChIJGcGlfdX7fCERjhwnVHBE32Y
Sundivers / Diving in Mauritius,activites,excursions,"La Pirogue hotel, Flic en Flac, Flic en Flac 90504",+230 5972 1504,https://www.sundiversmauritius.com/,"-20,2996114","57,3640837",https://maps.google.com/?cid=791543304101537630&g_mp=Cidnb29nbGUubWFwcy5wbGFjZXMudjEuUGxhY2VzLlNlYXJjaFRleHQQAhgEIAA,12/07/2026,,ChIJHcoj8XhBfCERXqdP-XAg_Ao
Taxi a Maurice,activites,excursions,"P9CC+CRW morc bismic, rond point mangue, Flic en Flac",+230 5759 8806,http://www.taxiamaurice.com/,"-20,2788838","57,3720661",https://maps.google.com/?cid=6093116421802155096&g_mp=Cidnb29nbGUubWFwcy5wbGFjZXMudjEuUGxhY2VzLlNlYXJjaFRleHQQAhgEIAA,12/07/2026,,ChIJsz2wfV9BfCERWNydWBoZj1Q
LIONS INTERACTION,activites,parcs-animaliers,A3,,,"-20,2961137","57,4078956",https://maps.google.com/?cid=2373008840628974594&g_mp=Cidnb29nbGUubWFwcy5wbGFjZXMudjEuUGxhY2VzLlNlYXJjaFRleHQQAhgEIAA,12/07/2026,,ChIJm_-afT1DfCERAjSNwvee7iA
Black River Visitors Centre,activites,parcs-animaliers,"JC8C+HM3, La Preneuse",,,"-20,383602","57,4216686",https://maps.google.com/?cid=11298888972040309413&g_mp=Cidnb29nbGUubWFwcy5wbGFjZXMudjEuUGxhY2VzLlNlYXJjaFRleHQQAhgEIAA,12/07/2026,,ChIJj9T4QkxofCERpYoK76e3zZw
"Tamarin, La Tourelle Black Rock, Mauritius",activites,parcs-animaliers,"M95H+JF9, Tamarin",,,"-20,3409687","57,3787423",https://maps.google.com/?cid=4075568904759010209&g_mp=Cidnb29nbGUubWFwcy5wbGFjZXMudjEuUGxhY2VzLlNlYXJjaFRleHQQAhgEIAA,12/07/2026,,ChIJ16jJbCpDfCERoePJWVNUjzg
Gorges Viewpoint,activites,parcs-animaliers,B103 - Plaine Champagne Road,+230 464 4053,,"-20,4230272","57,4298676",https://maps.google.com/?cid=10325181289514522704&g_mp=Cidnb29nbGUubWFwcy5wbGFjZXMudjEuUGxhY2VzLlNlYXJjaFRleHQQAhgEIAA,12/07/2026,,ChIJkzsaQsNofCERUNgFe61pSo8
Lakaz Kayak LTD,activites,parcs-animaliers,"Les Barachois Estate Tamarin MU Parc de Tamarin MU, Cap Tamarin, Tamarin 90901",+230 5492 8367,https://www.lakazkayak.com/,"-20,3285212","57,3813813",https://maps.google.com/?cid=10366757093572830617&g_mp=Cidnb29nbGUubWFwcy5wbGFjZXMudjEuUGxhY2VzLlNlYXJjaFRleHQQAhgEIAA,12/07/2026,,ChIJffH0X_BDfCERmWUrs6Ye3o8
Black River Peak North Trail,activites,parcs-animaliers,"HCW5+PHR, Chamarel",,,"-20,4031478","57,4088858",https://maps.google.com/?cid=9282912044654003248&g_mp=Cidnb29nbGUubWFwcy5wbGFjZXMudjEuUGxhY2VzLlNlYXJjaFRleHQQAhgEIAA,12/07/2026,,ChIJPYjuK8ZpfCERMATMVlKH04A
Salines de Yemen-Tamarin,activites,parcs-animaliers,Tamarin,+230 484 0430,,"-20,3304389","57,377896",https://maps.google.com/?cid=5485675353332458449&g_mp=Cidnb29nbGUubWFwcy5wbGFjZXMudjEuUGxhY2VzLlNlYXJjaFRleHQQAhgEIAA,12/07/2026,,ChIJnZpc-6hDfCER0SN_ZKsIIUw
Bassin Vert,activites,parcs-aventures,"P9XM+V9, Flic en Flac",,,"-20,2499364","57,3833363",https://maps.google.com/?cid=11699566664869769216&g_mp=Cidnb29nbGUubWFwcy5wbGFjZXMudjEuUGxhY2VzLlNlYXJjaFRleHQQAhgEIAA,12/07/2026,,ChIJZ0A1tC5FfCERAHCQDeU1XaI
Plage de Flic en Flac,activites,parcs-aventures,Flic en Flac,,,"-20,2825257","57,3648028",https://maps.google.com/?cid=351596581513574645&g_mp=Cidnb29nbGUubWFwcy5wbGFjZXMudjEuUGxhY2VzLlNlYXJjaFRleHQQAhgEIAA,12/07/2026,,ChIJgz5tZKNBfCER9bhbYTof4QQ
SPARC,activites,complexes-sportifs,"MU, P9CX+VMM, Coastal Rd, Cascavelle 90203",+230 401 6611,https://sparc.mu/,"-20,2769657","57,3957455",https://maps.google.com/?cid=1167722418374198927&g_mp=Cidnb29nbGUubWFwcy5wbGFjZXMudjEuUGxhY2VzLlNlYXJjaFRleHQQAhgEIAA,12/07/2026,,ChIJfeYexZJDfCERj0Z0R1qVNBA
Sport Center,activites,complexes-sportifs,"Wolmar Coastal Rd, Flic en Flac",,,"-20,3022877","57,3654989",https://maps.google.com/?cid=1598022471090440872&g_mp=Cidnb29nbGUubWFwcy5wbGFjZXMudjEuUGxhY2VzLlNlYXJjaFRleHQQAhgEIAA,12/07/2026,,ChIJk_4fRQBBfCERqApwhPhQLRY
Sport Fishing Mauritius,activites,sports-nautiques,"Colonel Dean Avenue, Grande Riviere Noire",+230 5706 5105,http://www.sportfishing.mu/,"-20,3623695","57,3715877",https://maps.google.com/?cid=7795976386237685958&g_mp=Cidnb29nbGUubWFwcy5wbGFjZXMudjEuUGxhY2VzLlNlYXJjaFRleHQQAhgEIAA,12/07/2026,,ChIJZ5Ga4lnrsw4RxuAH6zffMGw
Ushuaia Boat - Flic en Flac,activites,sports-nautiques,"Coastal Rd, Flic en Flac",+230 5948 1417,https://www.tripadvisor.com/Attraction_Review-g298343-d11142758-Reviews-Ushuaia_Boat_Flic_En_Flac-Flic_En_Flac.html,"-20,2958903","57,3629785",https://maps.google.com/?cid=4181826258484442173&g_mp=Cidnb29nbGUubWFwcy5wbGFjZXMudjEuUGxhY2VzLlNlYXJjaFRleHQQAhgEIAA,12/07/2026,,ChIJ-UxfHntBfCERPbRdadPUCDo
Centre de plongée/Scuba diving center Exploration Sous-Marine,activites,sports-nautiques,"MU, Villas Caroline Road, Flic en Flac 90502",+230 453 8450,https://tantulika1.wixsite.com/tour/mauritius,"-20,2761516","57,3693275",https://maps.google.com/?cid=13901011794764104884&g_mp=Cidnb29nbGUubWFwcy5wbGFjZXMudjEuUGxhY2VzLlNlYXJjaFRleHQQAhgEIAA,12/07/2026,,ChIJMWmHK1lBfCERtARunZNQ6sA
Speed Boat,activites,sports-nautiques,"M96G+V2P, Tamarin",+230 5732 9174,,"-20,3377911","57,3750805",https://maps.google.com/?cid=8663389146504952207&g_mp=Cidnb29nbGUubWFwcy5wbGFjZXMudjEuUGxhY2VzLlNlYXJjaFRleHQQAhgEIAA,12/07/2026,,ChIJb57x2CFDfCERj_lmNIeKOng
Abyss Centre de Plongée,activites,sports-nautiques,"Abyss centre de plongée, chez Christophe Pélicier, P9FF+WM6, Flic en Flac",+230 5722 4990,,"-20,2752067","57,3741259",https://maps.google.com/?cid=13488190179807223339&g_mp=Cidnb29nbGUubWFwcy5wbGFjZXMudjEuUGxhY2VzLlNlYXJjaFRleHQQAhgEIAA,12/07/2026,,ChIJDUjBROJDfCERK15SSoGtL7s
Espace Marin Ltd - Pailles Showroom,activites,sports-nautiques,"Grewals Ln, Port Louis",+230 286 0011,http://espacemarin.com/,"-20,197473","57,4877906",https://maps.google.com/?cid=10981035538909475251&g_mp=Cidnb29nbGUubWFwcy5wbGFjZXMudjEuUGxhY2VzLlNlYXJjaFRleHQQAhgEIAA,12/07/2026,,ChIJZQk6rHVQfCERs7GjgqR5ZJg
Tou Korek Surf Shop,activites,sports-nautiques,"village walk supermarket, La Gaulette",+230 5252 2633,http://www.kitesurf.mu/,"-20,4257987","57,3622366",https://maps.google.com/?cid=1320524725429650124&g_mp=Cidnb29nbGUubWFwcy5wbGFjZXMudjEuUGxhY2VzLlNlYXJjaFRleHQQAhgEIAA,12/07/2026,,ChIJGdb3FfhrfCERzMJayD1yUxI
Le Morne Kite School,activites,sports-nautiques,"https://maps.app.goo.gl/VAGgJFhYDRernmmq8, Le Morne",+230 5731 9767,http://www.lemorne-kiteschool.com/,"-20,4657315","57,3172428",https://maps.google.com/?cid=15401454243255524845&g_mp=Cidnb29nbGUubWFwcy5wbGFjZXMudjEuUGxhY2VzLlNlYXJjaFRleHQQAhgEIAA,12/07/2026,,ChIJp9f_lwRtfCER7Z2tqQj1vNU
Villas Caroline,activites,sports-nautiques,"Coastal Rd, Flic en Flac",+230 453 8411,https://villascarolinehotel.com/,"-20,2757622","57,3694373",https://maps.google.com/?cid=3614030964508985445&g_mp=Cidnb29nbGUubWFwcy5wbGFjZXMudjEuUGxhY2VzLlNlYXJjaFRleHQQAhgEIAA,12/07/2026,,ChIJQWzNKVlBfCERZQjSpgOeJzI
Sentier reliant les plages de Tamarin et Flic en Flac,activites,randonnee-trail,"M9JF+JF, Flic en Flac",,,"-20,3184369","57,3737426",https://maps.google.com/?cid=7778952836336776732&g_mp=Cidnb29nbGUubWFwcy5wbGFjZXMudjEuUGxhY2VzLlNlYXJjaFRleHQQAhgEIAA,12/07/2026,,ChIJuQGzWgBDfCERHPZe1mNk9Gs
Piton de la Petite Rivière Noire,activites,randonnee-trail,"HCR5+C44, Piton De La Petite Riviere Noire, Black River",,https://www.facebook.com/Bench828/,"-20,4089975","57,4078154",https://maps.google.com/?cid=6712075532460149178&g_mp=Cidnb29nbGUubWFwcy5wbGFjZXMudjEuUGxhY2VzLlNlYXJjaFRleHQQAhgEIAA,12/07/2026,,ChIJ3U6SQBppfCERusngeSIVJl0
Golden Wave Charters - Big Game Fishing - IGFA - Captain Victor Pelletier,activites,peche,"Morne Anglers Club, Colonel Dean Avenue, Rivière Noire",+230 5987 5979,http://www.goldenwave.mu/,"-20,362994","57,3714318",https://maps.google.com/?cid=2077578672056806152&g_mp=Cidnb29nbGUubWFwcy5wbGFjZXMudjEuUGxhY2VzLlNlYXJjaFRleHQQAhgEIAA,12/07/2026,,ChIJLWydwVhBfCERCKvfdMsK1Rw
Big Game Fishing - Mauritius - Fish Whisperer Ltd,activites,peche,"MU, Grande Riviere Noire 90601",+230 5732 5523,http://www.fishingmauritius.net/,"-20,3531787","57,3654926",https://maps.google.com/?cid=11504732632629805342&g_mp=Cidnb29nbGUubWFwcy5wbGFjZXMudjEuUGxhY2VzLlNlYXJjaFRleHQQAhgEIAA,12/07/2026,,ChIJ5VEnMh5qfCERHoG-618FqZ8
Le Morne Anglers' Club,activites,peche,"Colonel Dean Avenue, Grande Riviere Noire",+230 483 6528,https://www.whalewatchingmauritius.com/,"-20,3629097","57,3714363",https://maps.google.com/?cid=10032809837969691133&g_mp=Cidnb29nbGUubWFwcy5wbGFjZXMudjEuUGxhY2VzLlNlYXJjaFRleHQQAhgEIAA,12/07/2026,,ChIJX9m9MR5qfCER_VE6O2SzO4s
SevenShots Fishing,activites,peche,"Morcellement st jaques Flic en Flac MU, Flic En Flaq 90515",+230 5758 3428,,"-20,2765691","57,3783066",https://maps.google.com/?cid=4052019812561109768&g_mp=Cidnb29nbGUubWFwcy5wbGFjZXMudjEuUGxhY2VzLlNlYXJjaFRleHQQAhgEIAA,12/07/2026,,ChIJZb94dR5DfCERCMOMDo2qOzg
Big game fishing Mauritius - Maranatha Big Game Fishing and Excursion,activites,peche,"MU, Costal road, Le Morne 91202",+230 5710 0546,https://www.maranathafishing.com/,"-20,4518832","57,3127518",https://maps.google.com/?cid=14200554030693054075&g_mp=Cidnb29nbGUubWFwcy5wbGFjZXMudjEuUGxhY2VzLlNlYXJjaFRleHQQAhgEIAA,12/07/2026,,ChIJ390Ktg1sfCERe3YzNaeAEsU
Fishing Guru,activites,peche,"MU, Shop 3, Complex London Way Supermarket, Black River 90601",+230 483 1789,https://fishingmauritius.net/our-fishing-shop-in-black-river-mauritius/,"-20,3530402","57,3654158",https://maps.google.com/?cid=9183918277518191912&g_mp=Cidnb29nbGUubWFwcy5wbGFjZXMudjEuUGxhY2VzLlNlYXJjaFRleHQQAhgEIAA,12/07/2026,,ChIJUaZHBpdrfCERKG2w0QPVc38
LE TRIO FISHING,activites,peche,"Beach Near Club Med LA PLANTATION D'ALBION, Albion, Albion",+230 5703 2887,https://www.letriofishing.com/,"-20,216722","57,4009308",https://maps.google.com/?cid=15779114596484908965&g_mp=Cidnb29nbGUubWFwcy5wbGFjZXMudjEuUGxhY2VzLlNlYXJjaFRleHQQAhgEIAA,12/07/2026,,ChIJ-4bAIVpFfCERpQeqyR-t-to
Aquaman Trip,activites,peche,"Wolmar, Wolmar Coastal Rd, Flic en Flac",+230 5836 2495,,"-20,2942377","57,3634316",https://maps.google.com/?cid=5030245957917962615&g_mp=Cidnb29nbGUubWFwcy5wbGFjZXMudjEuUGxhY2VzLlNlYXJjaFRleHQQAhgEIAA,12/07/2026,,ChIJq0Y1GydBfCERd3GLHgwGz0U
SSR Botanical Garden of Curepipe,activites,parcs-botaniques,"MGG8+38M, Biodiversity Unit Rd, Curepipe",+230 660 9776,,"-20,3247907","57,5158058",https://maps.google.com/?cid=8930684495756704675&g_mp=Cidnb29nbGUubWFwcy5wbGFjZXMudjEuUGxhY2VzLlNlYXJjaFRleHQQAhgEIAA,12/07/2026,,ChIJZ2Y_HMRdfCERo7uqajsq8Hs
Le Parc - CapTamarin,activites,parcs-botaniques,"MU, Barachois Estate Cap, Tamarin 90901",+230 483 4977,https://www.captamarin.mu/,"-20,3281636","57,3811653",https://maps.google.com/?cid=9165481638766474508&g_mp=Cidnb29nbGUubWFwcy5wbGFjZXMudjEuUGxhY2VzLlNlYXJjaFRleHQQAhgEIAA,12/07/2026,,ChIJ14gszGZDfCERDHUKWv1UMn8
Supermarché Super U,activites,parcs-botaniques,"Barachois Estate MU, Tamarin 90901",+230 483 4975,https://www.captamarin.mu/,"-20,3277204","57,3837762",https://maps.google.com/?cid=12220238758822048776&g_mp=Cidnb29nbGUubWFwcy5wbGFjZXMudjEuUGxhY2VzLlNlYXJjaFRleHQQAhgEIAA,12/07/2026,,ChIJ8_8mm_hDfCERCHQM0mcCl6k
Martello Tower Museum,activites,parcs-botaniques,"Coastal Rd, Black River",+230 5471 0178,,"-20,3546998","57,3618799",https://maps.google.com/?cid=17566982013416872874&g_mp=Cidnb29nbGUubWFwcy5wbGFjZXMudjEuUGxhY2VzLlNlYXJjaFRleHQQAhgEIAA,12/07/2026,,ChIJvRcSCgtrfCERqptjPRF1yvM
Flic en Flac île Maurice,activites,parcs-botaniques,"Flic en Flac, Maurice",,,"-20,2831135","57,3693848",https://maps.google.com/?cid=15267662565421234916&g_mp=Cidnb29nbGUubWFwcy5wbGFjZXMudjEuUGxhY2VzLlNlYXJjaFRleHQQAhgEIAA,12/07/2026,,ChIJd-MX9mBBfCER5Dp2Mjai4dM
Jardin D Anna 2,activites,parcs-botaniques,"Jardins d'Anna 2, 307 Serengeti Street, Flic en Flac",,,"-20,272508","57,3833215",https://maps.google.com/?cid=15405136127444119405&g_mp=Cidnb29nbGUubWFwcy5wbGFjZXMudjEuUGxhY2VzLlNlYXJjaFRleHQQAhgEIAA,12/07/2026,,ChIJpVxkUwBDfCERbe_XILAJytU
La Tour Martello,activites,culture-patrimoine,"J9W6+5P4, Tamarin",+230 5471 0178,https://www.ilemaurice.im/la-tour-martello-a-la-preneuse/,"-20,3546004","57,3618209",https://maps.google.com/?cid=7470033570223598655&g_mp=Cidnb29nbGUubWFwcy5wbGFjZXMudjEuUGxhY2VzLlNlYXJjaFRleHQQAhgEIAA,12/07/2026,,ChIJ_RN60u9DfCERP6xrRfTjqmc
Pasadena,activites,malls-shopping,"Pasadena Shopping Mall, Coastal Rd, Flic en Flac 90502",,,"-20,2790562","57,3682813",https://maps.google.com/?cid=8363225999634452696&g_mp=Cidnb29nbGUubWFwcy5wbGFjZXMudjEuUGxhY2VzLlNlYXJjaFRleHQQAhgEIAA,12/07/2026,,ChIJeUqNXF5BfCER2NCFhLwlEHQ
Cascavelle Mall,activites,malls-shopping,"Coastal Rd, Bambous",+230 452 9000,http://www.cascavelle.mu/,"-20,2788296","57,402796",https://maps.google.com/?cid=5881435010542011112&g_mp=Cidnb29nbGUubWFwcy5wbGFjZXMudjEuUGxhY2VzLlNlYXJjaFRleHQQAhgEIAA,12/07/2026,,ChIJdSGdH8lDfCER6ALnHPsNn1E
Maanshree boutik,activites,malls-shopping,"PCC3+H3G, Unnamed Road, Flic en Flac",+230 5708 8484,,"-20,2785565","57,4027186",https://maps.google.com/?cid=5037259317579297734&g_mp=Cidnb29nbGUubWFwcy5wbGFjZXMudjEuUGxhY2VzLlNlYXJjaFRleHQQAhgEIAA,12/07/2026,,ChIJDUnvv8dDfCERxjPXKanw50U
Roxy cascavelle,activites,malls-shopping,"PCC3+926, Flic en Flac",,https://www.ascenciamalls.com/fashion/roxy,"-20,2790954","57,4025312",https://maps.google.com/?cid=5892291966732750656&g_mp=Cidnb29nbGUubWFwcy5wbGFjZXMudjEuUGxhY2VzLlNlYXJjaFRleHQQAhgEIAA,12/07/2026,,ChIJb5R2kR5DfCERQE_-NVOgxVE
Flic en flac,activites,malls-shopping,"P99C+5JG, Av. Des Aigrettes, Flic en Flac",,,"-20,2820769","57,3716488",https://maps.google.com/?cid=740565155804308813&g_mp=Cidnb29nbGUubWFwcy5wbGFjZXMudjEuUGxhY2VzLlNlYXJjaFRleHQQAhgEIAA,12/07/2026,,ChIJs64ffgBBfCERTWW_5BUERwo
MY POP-UP STORE - 100% Local Shop - Cap Tamarin,activites,malls-shopping,"MU, La Place Cap, Tamarin 90901",+230 5840 0333,https://www.mypopupstore.mu/,"-20,3278058","57,3831525",https://maps.google.com/?cid=16366661707307169531&g_mp=Cidnb29nbGUubWFwcy5wbGFjZXMudjEuUGxhY2VzLlNlYXJjaFRleHQQAhgEIAA,12/07/2026,,ChIJM0jIURlCfCER-zYIxxsQIuM
Anikait Boutique,activites,malls-shopping,"P9C9+XFQ, P9C9+coastal road, Flic en Flac",,,"-20,2775479","57,368749",https://maps.google.com/?cid=16906358638371120962&g_mp=Cidnb29nbGUubWFwcy5wbGFjZXMudjEuUGxhY2VzLlNlYXJjaFRleHQQAhgEIAA,12/07/2026,,ChIJw2YvDwBBfCERQqd3nZtzn-o
LEGENDS PARK,activites,activites-enfants-famille,"PCC2+HX3, Flic en Flac",+230 5442 8000,https://thelegendspark.fun/,"-20,278495","57,4015",https://maps.google.com/?cid=16111524706851839599&g_mp=Cidnb29nbGUubWFwcy5wbGFjZXMudjEuUGxhY2VzLlNlYXJjaFRleHQQAhgEIAA,12/07/2026,,ChIJz0FpbgBDfCERb17VvVuil98
Funtastic Venture - Indoor Playground,activites,activites-enfants-famille,"Royal Road Black River MU, Tamarin 90607",+230 5917 9096,https://funtasticventure.network/,"-20,3583323","57,3688149",https://maps.google.com/?cid=11338639842997948714&g_mp=Cidnb29nbGUubWFwcy5wbGFjZXMudjEuUGxhY2VzLlNlYXJjaFRleHQQAhgEIAA,12/07/2026,,ChIJQZ_2rplrfCERKtH7zdzwWp0
Enfants Nature,activites,activites-enfants-famille,"MU, Chamarel 90403",+230 5251 5662,https://enfantsnature.com/,"-20,440939","57,4102244",https://maps.google.com/?cid=8469379208050828180&g_mp=Cidnb29nbGUubWFwcy5wbGFjZXMudjEuUGxhY2VzLlNlYXJjaFRleHQQAhgEIAA,12/07/2026,,ChIJTRTQqCVvfCERlOPyW4RHiXU
Ebène Recreational Park,activites,activites-enfants-famille,"Ebene Recreational Park, Trianon Road, Beau Bassin-Rose Hill",+230 5444 9905,http://www.ebenerecreationalpark.org/?utm_source=google&utm_medium=wix_google_business_profile&utm_campaign=11225144142929536343,"-20,2395877","57,4799472",https://maps.google.com/?cid=5160748256073388703&g_mp=Cidnb29nbGUubWFwcy5wbGFjZXMudjEuUGxhY2VzLlNlYXJjaFRleHQQAhgEIAA,12/07/2026,,ChIJk4LCf7NbfCERn5J4MjKpnkc
Koala Happy Island,activites,activites-enfants-famille,"Closel Lane, Vacoas-Phœnix",,,"-20,2787674","57,49495",https://maps.google.com/?cid=7774368373888866483&g_mp=Cidnb29nbGUubWFwcy5wbGFjZXMudjEuUGxhY2VzLlNlYXJjaFRleHQQAhgEIAA,12/07/2026,,ChIJU0SJbtRbfCERs1itftga5Gs
"Mare Aux Joncs, Black River Gorges, Mauritius Waterfall",activites,activites-enfants-famille,"JC5W+7QC, Vacoas-Phœnix",+230 5471 1128,,"-20,3918097","57,4468828",https://maps.google.com/?cid=3352859083884715011&g_mp=Cidnb29nbGUubWFwcy5wbGFjZXMudjEuUGxhY2VzLlNlYXJjaFRleHQQAhgEIAA,12/07/2026,,ChIJU-ZtN29ofCERA9zjlJK_hy4
Casa Events Renting Jumping Castle ( Château Gonflable)Mauritius,activites,centres-loisirs-animations-enfants,"139 MU, Tyack 61803",+230 5972 0684,https://casaeventsmauritius.com/,"-20,4723608","57,561663",https://maps.google.com/?cid=16548374179302323617&g_mp=Cidnb29nbGUubWFwcy5wbGFjZXMudjEuUGxhY2VzLlNlYXJjaFRleHQQAhgEIAA,12/07/2026,,ChIJzdnMknRjfCERobWPl6Oip-U
Seven Colours Spa - Veranda Tamarin Hotel,activites,spa-bien-etre,"Anthurium Ln, Tamarin",+230 460 0492,https://www.sevencolours.mu/spa-veranda-resorts.html,"-20,3277175","57,3774586",https://maps.google.com/?cid=6420541580403395113&g_mp=Cidnb29nbGUubWFwcy5wbGFjZXMudjEuUGxhY2VzLlNlYXJjaFRleHQQAhgEIAA,12/07/2026,,ChIJqbeM9IhDfCERKcqRxYxYGlk
Soul Therapy (onglerie-Esthétique-massage),activites,spa-bien-etre,"Coastal Rd, Flic en Flac",+230 5776 0003,,"-20,2765603","57,3743005",https://maps.google.com/?cid=7166043060281319838&g_mp=Cidnb29nbGUubWFwcy5wbGFjZXMudjEuUGxhY2VzLlNlYXJjaFRleHQQAhgEIAA,12/07/2026,,ChIJt-ZnPlxBfCERnqE4LTLmcmM
Ocean Spa Black River,activites,spa-bien-etre,"Les Terrasses de Martello, Avenue des Tulipes, Rivière Noire",+230 483 8016,http://www.ocean-spa.mu/,"-20,3565782","57,3660082",https://maps.google.com/?cid=594982466686097677&g_mp=Cidnb29nbGUubWFwcy5wbGFjZXMudjEuUGxhY2VzLlNlYXJjaFRleHQQAhgEIAA,12/07/2026,,ChIJxR5g5BpqfCERDRlprmbNQQg
Nature Spa ( massage & wellness therapy ),activites,spa-bien-etre,"Coastal Rd, Flic en Flac",+230 5805 8724,,"-20,2771756","57,3695061",https://maps.google.com/?cid=2349893959866510140&g_mp=Cidnb29nbGUubWFwcy5wbGFjZXMudjEuUGxhY2VzLlNlYXJjaFRleHQQAhgEIAA,12/07/2026,,ChIJH9sCYExBfCERPOutMRuAnCA
L'Oiseau du Paradis Wellness Center,activites,spa-bien-etre,"P9F9+6VJ, Flic en Flac",+230 5792 9774,,"-20,2769106","57,3696529",https://maps.google.com/?cid=8926690310276218865&g_mp=Cidnb29nbGUubWFwcy5wbGFjZXMudjEuUGxhY2VzLlNlYXJjaFRleHQQAhgEIAA,12/07/2026,,ChIJwensV6pBfCER8X_vo4r54Xs
Om Spa,activites,spa-bien-etre,"Wolmar Coastal Rd, Flic en Flac",+230 5769 2676,http://www.omspamauritius.com/,"-20,2894673","57,363696",https://maps.google.com/?cid=15339396674483431888&g_mp=Cidnb29nbGUubWFwcy5wbGFjZXMudjEuUGxhY2VzLlNlYXJjaFRleHQQAhgEIAA,12/07/2026,,ChIJ9f7WWV5BfCER0Klk-wB84NQ
Manisa Ayurvedic Spa,activites,spa-bien-etre,"MU, P987+4W Mauritius Islands, Coastal Rd, Flic en Flac 90502",+230 453 8558,,"-20,2848516","57,3648295",https://maps.google.com/?cid=14063121551184969907&g_mp=Cidnb29nbGUubWFwcy5wbGFjZXMudjEuUGxhY2VzLlNlYXJjaFRleHQQAhgEIAA,12/07/2026,,ChIJp6-LPcxBfCERs0CFi4o-KsM
Heaven & Earth Ayurvedic Wellness Spa,activites,spa-bien-etre,"MU, wolmar Royal road, Flic en Flac 90521",+230 5776 5922,,"-20,2934062","57,3638986",https://maps.google.com/?cid=7003552620915589270&g_mp=Cidnb29nbGUubWFwcy5wbGFjZXMudjEuUGxhY2VzLlNlYXJjaFRleHQQAhgEIAA,12/07/2026,,ChIJ3RAjVABBfCERlgBulwCeMWE
Bloomy foot care spa,activites,spa-bien-etre,"P989+QQW, Flic en Flac",+230 5981 6977,,"-20,2830154","57,3694529",https://maps.google.com/?cid=14155554893807303134&g_mp=Cidnb29nbGUubWFwcy5wbGFjZXMudjEuUGxhY2VzLlNlYXJjaFRleHQQAhgEIAA,12/07/2026,,ChIJJ4kkZwBBfCER3jntMy2icsQ
Athena Beauty Spa,activites,spa-bien-etre,"Avenue lauriers roses morcellement Carlos Tamarin Avenue Lauriers Roses Morcellement Carlos Tamarin tamarin MU, black River 90910",+230 484 2179,https://athenaspabeauty.com/,"-20,3398619","57,373339",https://maps.google.com/?cid=12303353146414191438&g_mp=Cidnb29nbGUubWFwcy5wbGFjZXMudjEuUGxhY2VzLlNlYXJjaFRleHQQAhgEIAA,12/07/2026,,ChIJD4cwe0tpfCERTtMzLoBKvqo
Pascale (Nuyou) Massage Spa,activites,spa-bien-etre,"Résidence Saint Jacques, Coastal Rd, Flic en Flac",+230 5798 4480,,"-20,2764744","57,3781362",https://maps.google.com/?cid=4513741415502906876&g_mp=Cidnb29nbGUubWFwcy5wbGFjZXMudjEuUGxhY2VzLlNlYXJjaFRleHQQAhgEIAA,12/07/2026,,ChIJC8NW_CZDfCER_AUFD-cHpD4
Holysticare,activites,spa-bien-etre,"MU, 2 Sun, palm residence, Flic en Flac 90502",+230 5844 0525,https://www.holysticare.mu/,"-20,2764131","57,3779579",https://maps.google.com/?cid=16703567858083552248&g_mp=Cidnb29nbGUubWFwcy5wbGFjZXMudjEuUGxhY2VzLlNlYXJjaFRleHQQAhgEIAA,12/07/2026,,ChIJGzoPs4JDfCER-Nuztnf-zuc
Wholistic Studio,activites,spa-bien-etre,"Morcellement Anna, Ave des Capitaines, Flic en Flac",+230 5890 5941,,"-20,2735029","57,3751082",https://maps.google.com/?cid=15464550002623793617&g_mp=Cidnb29nbGUubWFwcy5wbGFjZXMudjEuUGxhY2VzLlNlYXJjaFRleHQQAhgEIAA,12/07/2026,,ChIJ0V1KhstdfCER0Umo7UoendY
Luminous Nail & Beauty Spa Mauritius,activites,spa-bien-etre,"Cascavelle, Shopping Mall, Flic en Flac",+230 5758 2880,,"-20,279328","57,4023666",https://maps.google.com/?cid=15675919009359435352&g_mp=Cidnb29nbGUubWFwcy5wbGFjZXMudjEuUGxhY2VzLlNlYXJjaFRleHQQAhgEIAA,12/07/2026,,ChIJ27tfu-lDfCERWJap0EgNjNk
Sofitel Spa,activites,spa-bien-etre,"MU, Wolmar, Flic en Flac 90517",+230 453 8700,https://sofitel.accor.com/hotels/1144?merchantid=seo-maps-MU-1144&sourceid=aw-cen&utm_source=google+Maps&utm_medium=seo+maps&utm_campaign=seo+maps&utm_term=Sofitel-Launch,"-20,3110843","57,3681749",https://maps.google.com/?cid=6742279942924866714&g_mp=Cidnb29nbGUubWFwcy5wbGFjZXMudjEuUGxhY2VzLlNlYXJjaFRleHQQAhgEIAA,12/07/2026,,ChIJ_0xdliBBfCERmhRHzuJjkV0
Inner Eye Wellness (Traveling Massage Therapist),activites,spa-bien-etre,"MU, Lot 99, Avenue des Bengalis, Flic en Flac 90509",+230 5256 7926,https://m.facebook.com/profile.php/?id=100063451847883,"-20,2869131","57,3649707",https://maps.google.com/?cid=5506310511926228549&g_mp=Cidnb29nbGUubWFwcy5wbGFjZXMudjEuUGxhY2VzLlNlYXJjaFRleHQQAhgEIAA,12/07/2026,,ChIJRW3MPRxBfCERRbZcpjxYakw
Serenité Spa,activites,spa-bien-etre,"P947+FF5, Flic en Flac",,,"-20,2938587","57,363738",https://maps.google.com/?cid=4406110850258148951&g_mp=Cidnb29nbGUubWFwcy5wbGFjZXMudjEuUGxhY2VzLlNlYXJjaFRleHQQAhgEIAA,12/07/2026,,ChIJZyNzMgBBfCERV56hRnmmJT0
Younique Energy Ltd,activites,spa-bien-etre,"Cascavelle Shopping Mall, Coastal Rd, Bambous",+230 5421 7302,http://www.younique.cc/,"-20,2794513","57,4020699",https://maps.google.com/?cid=3280421807983254284&g_mp=Cidnb29nbGUubWFwcy5wbGFjZXMudjEuUGxhY2VzLlNlYXJjaFRleHQQAhgEIAA,12/07/2026,,ChIJC9qOdRVDfCERDFtJAkFmhi0
Fit and Fabulous Professionnal Esthetic Center Ltd,activites,spa-bien-etre,"MU, The Barachois estate, A3, Tamarin 90901",+230 5500 9584,,"-20,3272919","57,3858563",https://maps.google.com/?cid=9507903360370141609&g_mp=Cidnb29nbGUubWFwcy5wbGFjZXMudjEuUGxhY2VzLlNlYXJjaFRleHQQAhgEIAA,12/07/2026,,ChIJb2ambAxDfCERqemaMbvb8oM
siroo coiffure & esthetique,activites,spa-bien-etre,"MU, wolmar, Royal road, Flic en Flac 90521",+230 5741 3402,,"-20,293454","57,3638849",https://maps.google.com/?cid=1115899253740170653&g_mp=Cidnb29nbGUubWFwcy5wbGFjZXMudjEuUGxhY2VzLlNlYXJjaFRleHQQAhgEIAA,12/07/2026,,ChIJQ5W97_VBfCERnW1OgHV4fA8
3h Ayurvedic Massage Centre,activites,spa-bien-etre,"Coastal Rd, Flic en Flac",+230 5751 5293,,"-20,2780754","57,3689945",https://maps.google.com/?cid=14003811999090156088&g_mp=Cidnb29nbGUubWFwcy5wbGFjZXMudjEuUGxhY2VzLlNlYXJjaFRleHQQAhgEIAA,12/07/2026,,ChIJ86A2m2ZBfCEROCIfW9GIV8I
Nail it by Sabi,activites,spa-bien-etre,"Coastal Rd, Flic en Flac",+230 5838 9187,https://www.facebook.com/share/18YB5QAyrA/,"-20,2848616","57,364937",https://maps.google.com/?cid=771081068600431022&g_mp=Cidnb29nbGUubWFwcy5wbGFjZXMudjEuUGxhY2VzLlNlYXJjaFRleHQQAhgEIAA,12/07/2026,,ChIJbc-XrTBBfCERrhH1giVuswo
Johaness Spa,activites,spa-bien-etre,"10, Villa Road, Moka",+230 5704 6893,https://www.johanessspa.com/#,"-20,2209693","57,5012867",https://maps.google.com/?cid=7457957945933637771&g_mp=Cidnb29nbGUubWFwcy5wbGFjZXMudjEuUGxhY2VzLlNlYXJjaFRleHQQAhgEIAA,12/07/2026,,ChIJXcOtSO1afCERiygt5Tz9f2c
mySPAce Tamarin,activites,spa-bien-etre,"Lot G1 Cap Tamarin Smart City Le Barachois Tamarin MU, 90901",,,"-20,3290512","57,385946",https://maps.google.com/?cid=16087859949577956903&g_mp=Cidnb29nbGUubWFwcy5wbGFjZXMudjEuUGxhY2VzLlNlYXJjaFRleHQQAhgEIAA,12/07/2026,,ChIJz4MQHtlDfCERJ-7TEmOPQ98
Beautés Sensuelles Mauritius,activites,spa-bien-etre,"7, Key West Plaza Building MU, La Mivoie Road, Rivière Noire 90607",+230 5824 5174,,"-20,3462864","57,3643131",https://maps.google.com/?cid=6668718400455281406&g_mp=Cidnb29nbGUubWFwcy5wbGFjZXMudjEuUGxhY2VzLlNlYXJjaFRleHQQAhgEIAA,12/07/2026,,ChIJyzjSRb5rfCER_oo_hg0MjFw
Maison Sasha Tamarin,activites,spa-bien-etre,"The Tamarin Commercial Hub, Des Jacarandas Avenue, Tamarin",+230 484 1201,https://www.maison-sasha.com/,"-20,3302443","57,373032",https://maps.google.com/?cid=9063569336565110742&g_mp=Cidnb29nbGUubWFwcy5wbGFjZXMudjEuUGxhY2VzLlNlYXJjaFRleHQQAhgEIAA,12/07/2026,,ChIJF8uUjkZdfCER1hcWb0pEyH0
Deep Fascia Massage Therapy MAURITIUS,activites,spa-bien-etre,"Appartment 4 MU, La Cannelle, All. des Tamariniers, Tamarin 90907",+230 5456 0035,https://calendly.com/victorcassius-office,"-20,3500849","57,3667016",https://maps.google.com/?cid=13391043627926344064&g_mp=Cidnb29nbGUubWFwcy5wbGFjZXMudjEuUGxhY2VzLlNlYXJjaFRleHQQAhgEIAA,12/07/2026,,ChIJL0kVwmNrfCERgNFOFjuL1rk
Curlies,activites,spa-bien-etre,"Seaview Terrace, Lot 8 Avenue des cardinaux MU, Flic en Flac 90502",+230 5854 3235,https://www.facebook.com/CurliesMauritius,"-20,2764816","57,3721764",https://maps.google.com/?cid=4976457456449175395&g_mp=Cidnb29nbGUubWFwcy5wbGFjZXMudjEuUGxhY2VzLlNlYXJjaFRleHQQAhgEIAA,12/07/2026,,ChIJcwu9wR1BfCERYz9_s7DtD0U
PURGLAM,activites,spa-bien-etre,"MU, Av. des Jacarandas, Tamarin 90908",+230 5819 8827,https://www.instagram.com/frenchy_touch_?igsh=aDdxcnQzdzNlMGE0&utm_source=qr,"-20,3342412","57,3717153",https://maps.google.com/?cid=7589873575915037428&g_mp=Cidnb29nbGUubWFwcy5wbGFjZXMudjEuUGxhY2VzLlNlYXJjaFRleHQQAhgEIAA,12/07/2026,,ChIJzdCXgxBBfCER9CKK7s2lVGk
Blessings Holistics,activites,spa-bien-etre,"MU, Residence st Jacques, Avenue Filaos, Flic en Flac 90515",,,"-20,2794121","57,37976",https://maps.google.com/?cid=2298743946442092893&g_mp=Cidnb29nbGUubWFwcy5wbGFjZXMudjEuUGxhY2VzLlNlYXJjaFRleHQQAhgEIAA,12/07/2026,,ChIJzZhE9t9DfCERXbFCpXDH5h8
Legend Hill Residences & Spa,activites,spa-bien-etre,"La Plantation Marguery, Rivière Noire",+230 484 2035,https://www.legendhill-mauritius.com/,"-20,3497624","57,369781",https://maps.google.com/?cid=13511967466805699484&g_mp=Cidnb29nbGUubWFwcy5wbGFjZXMudjEuUGxhY2VzLlNlYXJjaFRleHQQAhgEIAA,12/07/2026,,ChIJlUwueQFqfCERnKOWU9ImhLs
Maradiva Villas Resort & Spa,activites,spa-bien-etre,"Wolmar, Wolmar Coastal Rd, Flic en Flac",+230 403 1500,http://www.maradiva.com/,"-20,3143405","57,3697683",https://maps.google.com/?cid=4456676303262711855&g_mp=Cidnb29nbGUubWFwcy5wbGFjZXMudjEuUGxhY2VzLlNlYXJjaFRleHQQAhgEIAA,12/07/2026,,ChIJN7lUFoZBfCERLwDgPnxL2T0
Vanilla Village,activites,spa-bien-etre,"Route Royale, Black River",+230 483 6778,http://www.vanillavillage.mu/,"-20,3681978","57,3802421",https://maps.google.com/?cid=15307613455757229262&g_mp=Cidnb29nbGUubWFwcy5wbGFjZXMudjEuUGxhY2VzLlNlYXJjaFRleHQQAhgEIAA,12/07/2026,,ChIJr28x6IxpfCERzjxmtVWRb9Q
Rakesh Hair Styling,activites,spa-bien-etre,Flic en Flac,+230 5798 7609,,"-20,2800045","57,3685162",https://maps.google.com/?cid=16070019012428332757&g_mp=Cidnb29nbGUubWFwcy5wbGFjZXMudjEuUGxhY2VzLlNlYXJjaFRleHQQAhgEIAA,12/07/2026,,ChIJAfTtOF5BfCER1X6QMSYtBN8
Salt & Lemon Restaurant,food,restaurants,"MU, Verger Avenue, Flic en Flac 90502",+230 460 2442,https://www.seastarmauritius.com/salt-and-lemon-restaurant/,"-20,2792188","57,3694992",https://maps.google.com/?cid=12221026354404459412&g_mp=Cidnb29nbGUubWFwcy5wbGFjZXMudjEuUGxhY2VzLlNlYXJjaFRleHQQAhgEIAA,12/07/2026,,ChIJz_4j6CFBfCERlAP3NLjOmak
Hich lounge,food,restaurants,"Jacques Morcellement, B1, St, Flic en Flac",+230 5507 5552,,"-20,2762553","57,3769514",https://maps.google.com/?cid=638944440052240601&g_mp=Cidnb29nbGUubWFwcy5wbGFjZXMudjEuUGxhY2VzLlNlYXJjaFRleHQQAhgEIAA,12/07/2026,,ChIJ_9N8ogBDfCER2VCGPJX83Qg
Pakbo Restaurant,food,restaurants,"Royal Road Petite Marie Nagesh Begun Complex MU, Flic en Flac 90402",+230 5830 7258,https://www.facebook.com/profile.php?id=100039128664557,"-20,2770133","57,3696168",https://maps.google.com/?cid=6528058042963932873&g_mp=Cidnb29nbGUubWFwcy5wbGFjZXMudjEuUGxhY2VzLlNlYXJjaFRleHQQAhgEIAA,12/07/2026,,ChIJhz-pJ19BfCERyTb_8zNSmFo
La Marmite Mauricienne-Flic en Flac-Restaurant,food,restaurants,"Coastal Rd, Flic en Flac",+230 5256 0375,https://grubmates.io/locations/flicenflac/lamarmitemauricienne.php,"-20,2837738","57,3647983",https://maps.google.com/?cid=17662316583296547141&g_mp=Cidnb29nbGUubWFwcy5wbGFjZXMudjEuUGxhY2VzLlNlYXJjaFRleHQQAhgEIAA,12/07/2026,,ChIJTaJ672ZBfCERRbnhgVonHfU
ESCALE CUISINE & GRILL,food,restaurants,"Coastal Rd, Flic en Flac",+230 5250 3165,,"-20,2836523","57,3648313",https://maps.google.com/?cid=12590040592087578716&g_mp=Cidnb29nbGUubWFwcy5wbGFjZXMudjEuUGxhY2VzLlNlYXJjaFRleHQQAhgEIAA,12/07/2026,,ChIJS5Yr2CBBfCERXPggrzbPuK4
Créole Shack,food,restaurants,Flic en Flac,+230 5736 1523,,"-20,280535","57,3670184",https://maps.google.com/?cid=4893626572879810342&g_mp=Cidnb29nbGUubWFwcy5wbGFjZXMudjEuUGxhY2VzLlNlYXJjaFRleHQQAhgEIAA,12/07/2026,,ChIJNevEOPZBfCERJs_pw3Cn6UM
Sunset Garden,food,restaurants,"Cr MU, Klondike Rd, Flic en Flac 90502",+230 5900 6673,https://sunsetgardenrestaurant.pro/,"-20,2755218","57,3708327",https://maps.google.com/?cid=9203350375567756828&g_mp=Cidnb29nbGUubWFwcy5wbGFjZXMudjEuUGxhY2VzLlNlYXJjaFRleHQQAhgEIAA,12/07/2026,,ChIJC1r8pFhBfCERHI4st2feuH8
La Flamme Kreol,food,restaurants,"la mivoie, royal road, Grande Riviere Noire",+230 5936 6646,,"-20,3611823","57,3722547",https://maps.google.com/?cid=14785829786160899358&g_mp=Cidnb29nbGUubWFwcy5wbGFjZXMudjEuUGxhY2VzLlNlYXJjaFRleHQQAhgEIAA,12/07/2026,,ChIJzzsEIKJpfCERHqWCEdrRMc0
Blacksalt Mauritius,food,restaurants,"Cascavelle Mall, Bamboo, Coastal Rd, Flic en Flac",,https://grubmates.io/locations/flicenflac/blacksalt.php,"-20,2788646","57,4025571",https://maps.google.com/?cid=16041714819786240277&g_mp=Cidnb29nbGUubWFwcy5wbGFjZXMudjEuUGxhY2VzLlNlYXJjaFRleHQQAhgEIAA,12/07/2026,,ChIJbRrnUqZDfCERFXF6zaKen94
Restaurant Le Bois Noir Number 1,food,restaurants,"Arcade Nenuphar, Flic en Flac",+230 453 8820,,"-20,2761548","57,3713978",https://maps.google.com/?cid=9480567012733936118&g_mp=Cidnb29nbGUubWFwcy5wbGFjZXMudjEuUGxhY2VzLlNlYXJjaFRleHQQAhgEIAA,12/07/2026,,ChIJpyAPsjFBfCER9uFKx3e9kYM
Mosaic - Restaurant & Bar,food,restaurants,"MU, Pasadena Shopping Centre, Coastal Rd, Flic en Flac 90502",+230 453 5968,,"-20,2790211","57,3680628",https://maps.google.com/?cid=6578129771210666884&g_mp=Cidnb29nbGUubWFwcy5wbGFjZXMudjEuUGxhY2VzLlNlYXJjaFRleHQQAhgEIAA,12/07/2026,,ChIJIz2NQl5BfCERhPNuqyw2Sls
Il Padrino Italian Restaurant,food,restaurants,"MU, Oasis Complex, Coastal Rd, Flic en Flac 90502",+230 5908 9505,,"-20,2832269","57,3651922",https://maps.google.com/?cid=12450992602918879598&g_mp=Cidnb29nbGUubWFwcy5wbGFjZXMudjEuUGxhY2VzLlNlYXJjaFRleHQQAhgEIAA,12/07/2026,,ChIJ-UCdfmVpfCERbgH_3c3Pyqw
Le Bougainville,food,restaurants,"Le Bougainville, Coastal Road, Flic en Flac 90502",+230 453 5959,http://le-bougainville.restaurant.mu/fr/,"-20,2833052","57,3650151",https://maps.google.com/?cid=4240905122166338421&g_mp=Cidnb29nbGUubWFwcy5wbGFjZXMudjEuUGxhY2VzLlNlYXJjaFRleHQQAhgEIAA,12/07/2026,,ChIJN_074WZBfCERdfPbRL242jo
La Rivière,food,restaurants,"Le barachois, Les Barachoir Estate A3, Tamarin",+230 5826 4800,https://lariviere.mu/,"-20,3299421","57,3802691",https://maps.google.com/?cid=5188664480312472323&g_mp=Cidnb29nbGUubWFwcy5wbGFjZXMudjEuUGxhY2VzLlNlYXJjaFRleHQQAhgEIAA,12/07/2026,,ChIJbZzJXsRDfCERAzO2p9rWAUg
Domaine Anna,food,restaurants,"P9MP+J2G, Medine, Flic en Flac",+230 453 9650,http://www.domaineanna.mu/,"-20,265949","57,3850828",https://maps.google.com/?cid=5043580665966354784&g_mp=Cidnb29nbGUubWFwcy5wbGFjZXMudjEuUGxhY2VzLlNlYXJjaFRleHQQAhgEIAA,12/07/2026,,ChIJEfa4CvdDfCERYOHzxuRl_kU
Maravann' Burgers,food,restaurants,"P9C9+3C3, Flic en Flac",+230 5846 1041,,"-20,2798512","57,3685266",https://maps.google.com/?cid=7868665748838236248&g_mp=Cidnb29nbGUubWFwcy5wbGFjZXMudjEuUGxhY2VzLlNlYXJjaFRleHQQAhgEIAA,12/07/2026,,ChIJQ9PsEwBBfCERWEDJ_84dM20
Bois Noir,food,restaurants,"P977+WQG, Flic en Flac",+230 5706 3121,https://le-bois-noir-beach.pages.dev/,"-20,2850519","57,3644445",https://maps.google.com/?cid=11917583893135527159&g_mp=Cidnb29nbGUubWFwcy5wbGFjZXMudjEuUGxhY2VzLlNlYXJjaFRleHQQAhgEIAA,12/07/2026,,ChIJ5b-JG-JDfCER94xCo2jDY6U
The Old Brothers Ltd,food,restaurants,"Avenue Bois Corails Tamarin MU Tamarin MU, Black River 90906",+230 5438 6006,,"-20,3454487","57,3643791",https://maps.google.com/?cid=13510151901117946129&g_mp=Cidnb29nbGUubWFwcy5wbGFjZXMudjEuUGxhY2VzLlNlYXJjaFRleHQQAhgEIAA,12/07/2026,,ChIJpVh1ZwhrfCERERm0_5Kzfbs
Le Dix-Neuf Restaurant,food,restaurants,"Tamarin Bay Mauritius Tamarin MU, 90922",+230 401 3019,https://tamarina.mu/golf/en/,"-20,3174289","57,3936922",https://maps.google.com/?cid=11372459613379889115&g_mp=Cidnb29nbGUubWFwcy5wbGFjZXMudjEuUGxhY2VzLlNlYXJjaFRleHQQAhgEIAA,12/07/2026,,ChIJF0mKbgNDfCER2wf8tcMX050
Coco Lolo & Co 🍽️,food,restaurants,"M9CM+M5X, Tamarin",+230 5907 2812,https://www.instagram.com/cocololo.mu?igsh=MXJxcWFiMWh2a3JkcA==&utm_source=qr,"-20,3282821","57,3828763",https://maps.google.com/?cid=8531973989015324579&g_mp=Cidnb29nbGUubWFwcy5wbGFjZXMudjEuUGxhY2VzLlNlYXJjaFRleHQQAhgEIAA,12/07/2026,,ChIJZ-UaSwBDfCERo4chgCOpZ3Y
Smasher Tamarin,food,restaurants,"Coeur de Ville, Tamarin",+230 5462 1530,https://grubmates.io/locations/tamarinblackriver/smasher.php,"-20,3284264","57,3851128",https://maps.google.com/?cid=18284962263165869547&g_mp=Cidnb29nbGUubWFwcy5wbGFjZXMudjEuUGxhY2VzLlNlYXJjaFRleHQQAhgEIAA,12/07/2026,,ChIJydAzJQBDfCER651s60w8wf0
Osaka Sushi,food,restaurants,"J9V8+R9V, Rivière Noire",+230 5773 6977,,"-20,3552174","57,3658962",https://maps.google.com/?cid=10128745164342012825&g_mp=Cidnb29nbGUubWFwcy5wbGFjZXMudjEuUGxhY2VzLlNlYXJjaFRleHQQAhgEIAA,12/07/2026,,ChIJtxTTtZ5rfCERmasPBRCIkIw
Sketch,food,restaurants,Rivière Noire,+230 5421 6728,http://www.sketchmauritius.com/,"-20,3452195","57,3643504",https://maps.google.com/?cid=9998847354098555773&g_mp=Cidnb29nbGUubWFwcy5wbGFjZXMudjEuUGxhY2VzLlNlYXJjaFRleHQQAhgEIAA,12/07/2026,,ChIJPXHrHABrfCERfRtmQLEKw4o
Happy Rajah,food,restaurants,"A3, Tamarin",+230 484 4950,https://happyrajah.com/,"-20,3556076","57,3661198",https://maps.google.com/?cid=3350137688604736289&g_mp=Cidnb29nbGUubWFwcy5wbGFjZXMudjEuUGxhY2VzLlNlYXJjaFRleHQQAhgEIAA,12/07/2026,,ChIJXb-0Fz9rfCERIfvuXXoUfi4
Zub Express,food,restaurants,"P957+CH5, 286 Coastal Rd, Flic en Flac",+230 5757 9355,,"-20,2912905","57,363902",https://maps.google.com/?cid=2262992842586728632&g_mp=Cidnb29nbGUubWFwcy5wbGFjZXMudjEuUGxhY2VzLlNlYXJjaFRleHQQAhgEIAA,12/07/2026,,ChIJXR6wm2ZBfCERuCiiHwDEZx8
Buddha Bar Beach,food,restaurants,"Wolmar, Flic en Flac",+230 403 3300,https://www.yoursunlife.com/sugarbeachmauritius/dining/?utm_source=google&utm_medium=local&utm_campaign=hotel-buddha-bar-beach,"-20,3043465","57,3651045",https://maps.google.com/?cid=9885703648544908756&g_mp=Cidnb29nbGUubWFwcy5wbGFjZXMudjEuUGxhY2VzLlNlYXJjaFRleHQQAhgEIAA,12/07/2026,,ChIJLdZ97YtBfCER1GVNdhcTMYk
Tiger's Milk Flic en Flac,food,restaurants,"MU, Coastal Rd, Flic en Flac 90502",+230 453 8549,https://www.tigersmilk.co.za/location/mauritius/?utm_source=google_maps&utm_medium=website_button&utm_campaign=SP&utm_content=SP,"-20,2799314","57,3665567",https://maps.google.com/?cid=16046961939990031232&g_mp=Cidnb29nbGUubWFwcy5wbGFjZXMudjEuUGxhY2VzLlNlYXJjaFRleHQQAhgEIAA,12/07/2026,,ChIJHd0ZqTpBfCERgKtRLd1Cst4
La Cosa Nostra,food,restaurants,"Anthurium Ln, Tamarin",+230 483 6169,https://www.cosanostra.mu/,"-20,3289141","57,3768523",https://maps.google.com/?cid=5256299598191069975&g_mp=Cidnb29nbGUubWFwcy5wbGFjZXMudjEuUGxhY2VzLlNlYXJjaFRleHQQAhgEIAA,12/07/2026,,ChIJj9S4yR5CfCERFws1r6Ig8kg
Melanzana,food,restaurants,"Coastal Rd, Flic en Flac",+230 5780 9580,https://www.melanzanamur.com/,"-20,2763553","57,370119",https://maps.google.com/?cid=915978596080185622&g_mp=Cidnb29nbGUubWFwcy5wbGFjZXMudjEuUGxhY2VzLlNlYXJjaFRleHQQAhgEIAA,12/07/2026,,ChIJ4V4P7kZBfCERFnE4Ga41tgw
La Bonne Chute Restaurant & Bar,food,restaurants,"Route Royale, Tamarin",+230 483 6552,http://www.labonnechuterestaurantandbar.com/,"-20,3453883","57,3641326",https://maps.google.com/?cid=13837661436149397581&g_mp=Cidnb29nbGUubWFwcy5wbGFjZXMudjEuUGxhY2VzLlNlYXJjaFRleHQQAhgEIAA,12/07/2026,,ChIJVVVVVQJCfCERTXjO18I_CcA
Leslie Restaurant,food,restaurants,"Route Royale Royal Rd, Flic en Flac",+230 453 8172,http://leslie.restaurant.mu/,"-20,2756043","57,3711422",https://maps.google.com/?cid=3832430375349250183&g_mp=Cidnb29nbGUubWFwcy5wbGFjZXMudjEuUGxhY2VzLlNlYXJjaFRleHQQAhgEIAA,12/07/2026,,ChIJg5YhEOJDfCERh-gbDR-HLzU
Marco Polo Resto & Bar,food,restaurants,"Coastal Rd, Flic en Flac",+230 5792 3142,,"-20,2772421","57,369475",https://maps.google.com/?cid=12806419400054469524&g_mp=Cidnb29nbGUubWFwcy5wbGFjZXMudjEuUGxhY2VzLlNlYXJjaFRleHQQAhgEIAA,12/07/2026,,ChIJXzuU2zBBfCERlPPq0JeKubE
Ava Bistrot Tamarin,food,restaurants,Tamarin,+230 5735 0207,,"-20,3310057","57,3852041",https://maps.google.com/?cid=3621341696635226330&g_mp=Cidnb29nbGUubWFwcy5wbGFjZXMudjEuUGxhY2VzLlNlYXJjaFRleHQQAhgEIAA,12/07/2026,,ChIJ1yCyYABDfCER2shAHhaXQTI
Twin's Garden II,food,restaurants,"Coastal Rd, Flic en Flac",+230 453 5250,,"-20,2846237","57,3646416",https://maps.google.com/?cid=12326145302939176317&g_mp=Cidnb29nbGUubWFwcy5wbGFjZXMudjEuUGxhY2VzLlNlYXJjaFRleHQQAhgEIAA,12/07/2026,,ChIJ-1L4jmZBfCERfQ2Kp9hDD6s
Big Willy's,food,restaurants,"A3, Barachois Tamarin, Barachois",+230 483 7400,https://www.bigwillys.mu/,"-20,3274529","57,3855759",https://maps.google.com/?cid=13676350337748895486&g_mp=Cidnb29nbGUubWFwcy5wbGFjZXMudjEuUGxhY2VzLlNlYXJjaFRleHQQAhgEIAA,12/07/2026,,ChIJp3EPwxdCfCER_gZR-SsozL0
Le Whatever Tamarin,food,restaurants,"Barachois Estate MU, La Place Cap, Tamarin 90901",+230 483 7810,http://linktr.ee/lewhatever,"-20,3274999","57,3836534",https://maps.google.com/?cid=1715232851975042617&g_mp=Cidnb29nbGUubWFwcy5wbGFjZXMudjEuUGxhY2VzLlNlYXJjaFRleHQQAhgEIAA,12/07/2026,,ChIJQ6LJ6SFDfCEROXYN8TC7zRc
Maré Maré Beach Restaurant,food,restaurants,"Wolmar, Sugar Beach Resort & Spa, Flic en Flac",+230 403 3300,https://www.yoursunlife.com/sugarbeachmauritius/dining/?utm_source=google&utm_medium=local&utm_campaign=hotel-mare-mare-beach-restaurant,"-20,301848","57,3644832",https://maps.google.com/?cid=10023848218286667269&g_mp=Cidnb29nbGUubWFwcy5wbGFjZXMudjEuUGxhY2VzLlNlYXJjaFRleHQQAhgEIAA,12/07/2026,,ChIJ670aMYJBfCERBbZojdjcG4s
The Chaser Mauritian Bistro,food,restaurants,"20.423433, 57.363005, La Gaulette",+230 5760 3637,http://www.tasteofchaser.com/,"-20,4235243","57,3631214",https://maps.google.com/?cid=5388762241048232089&g_mp=Cidnb29nbGUubWFwcy5wbGFjZXMudjEuUGxhY2VzLlNlYXJjaFRleHQQAhgEIAA,12/07/2026,,ChIJn1gIwMFrfCERmcC3FLW6yEo
Rib & Reef,food,restaurants,"MU, Coastal Rd, Flic en Flac 00000",+230 453 5673,,"-20,2838906","57,3646953",https://maps.google.com/?cid=5478931646780039522&g_mp=Cidnb29nbGUubWFwcy5wbGFjZXMudjEuUGxhY2VzLlNlYXJjaFRleHQQAhgEIAA,12/07/2026,,ChIJkRAC72ZBfCERYmH42k0TCUw
Moon Bar’k - Floating Bar & Dining on the sea,food,restaurants,Floating bar baie,+230 5519 6831,http://www.moonbark.mu/,"-20,3632951","57,3679295",https://maps.google.com/?cid=3728439494924067075&g_mp=Cidnb29nbGUubWFwcy5wbGFjZXMudjEuUGxhY2VzLlNlYXJjaFRleHQQAhgEIAA,12/07/2026,,ChIJj2c1H7tDfCERA2F8bfcTvjM
osaka sushi beach restaurant flic en flac,food,restaurants,"MU, Coastal Rd, Flic en Flac 90502",+230 5252 6406,,"-20,2831424","57,3653359",https://maps.google.com/?cid=9471458268514711691&g_mp=Cidnb29nbGUubWFwcy5wbGFjZXMudjEuUGxhY2VzLlNlYXJjaFRleHQQAhgEIAA,12/07/2026,,ChIJffZFMgBBfCERi3jB_xxhcYM
S'Arrastu Ristorante Gelateria Bar,food,restaurants,"MU, la mivoie, Royal Road, Tamarin 90908",+230 484 0124,,"-20,3449354","57,3641009",https://maps.google.com/?cid=12136413672883359323&g_mp=Cidnb29nbGUubWFwcy5wbGFjZXMudjEuUGxhY2VzLlNlYXJjaFRleHQQAhgEIAA,12/07/2026,,ChIJ9dkmFRxrfCERWw5oG-8zbag
PizzArt,food,restaurants,"P999+JF2, Av. du Radar, Flic en Flac",+230 5507 2816,,"-20,2810281","57,3687641",https://maps.google.com/?cid=1804861686600374593&g_mp=Cidnb29nbGUubWFwcy5wbGFjZXMudjEuUGxhY2VzLlNlYXJjaFRleHQQAhgEIAA,12/07/2026,,ChIJs3P9E_pBfCERQRmHMiQoDBk
Coquillages Restaurant & Bar,food,restaurants,"MU, Wolmar, Flic en Flac 90503",+230 403 1000,https://www.hilton.com/en/hotels/mruhihi-hilton-mauritius-resort-and-spa/dining/coquillages-restaurant/,"-20,3088869","57,366447",https://maps.google.com/?cid=6003219524374980927&g_mp=Cidnb29nbGUubWFwcy5wbGFjZXMudjEuUGxhY2VzLlNlYXJjaFRleHQQAhgEIAA,12/07/2026,,ChIJdWNnfJBBfCERP2kP21m4T1M
JACARANDA,food,restaurants,"MU, Wolmar, Flic en Flac 90517",+230 453 8700,https://www.sofitel-imperial-mauritius.com/dining/jacaranda/,"-20,3108011","57,368109",https://maps.google.com/?cid=1146292557966136324&g_mp=Cidnb29nbGUubWFwcy5wbGFjZXMudjEuUGxhY2VzLlNlYXJjaFRleHQQAhgEIAA,12/07/2026,,ChIJA_XdFoZBfCERBNQ-FgJz6A8
Apo Black River,food,restaurants,"La mivoie grand river noir Royal road black river MU, Grande Riviere Noire 90607",+230 5444 8797,https://grubmates.io/locations/tamarinblackriver/apo.php,"-20,3610973","57,3721237",https://maps.google.com/?cid=12396700812428535901&g_mp=Cidnb29nbGUubWFwcy5wbGFjZXMudjEuUGxhY2VzLlNlYXJjaFRleHQQAhgEIAA,12/07/2026,,ChIJV2dJ_n9pfCERXWiZV7XtCaw
Enso Restaurant & Lounge Bar,food,restaurants,"MU, 1st Floor, Supermarket Centre, La Gaulette 91102",+230 451 5907,https://www.facebook.com/enso.LaGaulette,"-20,4259719","57,3620452",https://maps.google.com/?cid=4433004321685469901&g_mp=Cidnb29nbGUubWFwcy5wbGFjZXMudjEuUGxhY2VzLlNlYXJjaFRleHQQAhgEIAA,12/07/2026,,ChIJywYWFPhrfCERzXrVifExhT0
Les Salines Cafeteria,food,restaurants,"Royal Road A3 Tamarin MU, Tamarin 90921",+230 483 8431,,"-20,3290235","57,377495",https://maps.google.com/?cid=10397443099444925696&g_mp=Cidnb29nbGUubWFwcy5wbGFjZXMudjEuUGxhY2VzLlNlYXJjaFRleHQQAhgEIAA,12/07/2026,,ChIJMXIsth5CfCERAFXAMmkjS5A
Magenta Seafood Restaurant,food,restaurants,"P927+9HC La Pirogue Resort & Spa, Wolmar Villa Rd, Flic en Flac",+230 403 3900,https://www.lapirogue.com/en/restaurants/magenta-seafood,"-20,2990532","57,3638831",https://maps.google.com/?cid=1331739647257285016&g_mp=Cidnb29nbGUubWFwcy5wbGFjZXMudjEuUGxhY2VzLlNlYXJjaFRleHQQAhgEIAA,12/07/2026,,ChIJl8aAiFJBfCERmBETQCdKexI
Mei Yan Restaurant,food,restaurants,"Pasadena Village, Royal Road, Flic en Flac",+230 453 9000,http://www.aanari.com/,"-20,279226","57,367666",https://maps.google.com/?cid=11522717165557966443&g_mp=Cidnb29nbGUubWFwcy5wbGFjZXMudjEuUGxhY2VzLlNlYXJjaFRleHQQAhgEIAA,12/07/2026,,ChIJE23JXl5BfCERa-ZgTDbq6J8
Medium Rare Steakhouse,food,restaurants,"A3, Ruisseau Créole, Rivière Noire",+230 5449 7070,http://www.mediumrare.mu/,"-20,3572883","57,3682556",https://maps.google.com/?cid=4198266426559607657&g_mp=Cidnb29nbGUubWFwcy5wbGFjZXMudjEuUGxhY2VzLlNlYXJjaFRleHQQAhgEIAA,12/07/2026,,ChIJP1rC9RxqfCERabOIUxI9Qzo
RAVINALA,food,restaurants,"MU, Wolmar, Flic en Flac 90517",+230 453 8700,https://www.sofitel-imperial-mauritius.com/dining/ravinala/,"-20,3109361","57,3674046",https://maps.google.com/?cid=7480115741835528714&g_mp=Cidnb29nbGUubWFwcy5wbGFjZXMudjEuUGxhY2VzLlNlYXJjaFRleHQQAhgEIAA,12/07/2026,,ChIJA_XdFoZBfCERCgrqxqK1zmc
Canne ã Sucre,food,restaurants,"P9FC+M6V, Coastal Rd, Flic en Flac",+230 453 9448,,"-20,2757694","57,3705404",https://maps.google.com/?cid=16532821289072780480&g_mp=Cidnb29nbGUubWFwcy5wbGFjZXMudjEuUGxhY2VzLlNlYXJjaFRleHQQAhgEIAA,12/07/2026,,ChIJZzq6yFhBfCERwOQyJl5hcOU
Recif Bleu,food,restaurants,"Royal road, Flic en Flac",+230 5985 6470,,"-20,2787779","57,3680835",https://maps.google.com/?cid=11710944977485680409&g_mp=Cidnb29nbGUubWFwcy5wbGFjZXMudjEuUGxhY2VzLlNlYXJjaFRleHQQAhgEIAA,12/07/2026,,ChIJA2RZys9BfCERGc8t52iihaI
"Mama Hélène So Lakwizine, Table d'hôtes Cuisine locale Créole. Chez l'habitant",food,restaurants,"76 Avenue Des Colibris, Flic en Flac",+230 5727 8216,https://www.facebook.com/mamahelene230,"-20,2797716","57,370634",https://maps.google.com/?cid=4880594864572669981&g_mp=Cidnb29nbGUubWFwcy5wbGFjZXMudjEuUGxhY2VzLlNlYXJjaFRleHQQAhgEIAA,12/07/2026,,ChIJ8ZV5UL5BfCERHSBzuytbu0M
Cheesy Latte,food,restaurants,"Royal road, Black River",+230 5919 2526,https://grubmates.io/locations/tamarinblackriver/cheesylatte.php,"-20,3609224","57,3718187",https://maps.google.com/?cid=379168316939620179&g_mp=Cidnb29nbGUubWFwcy5wbGFjZXMudjEuUGxhY2VzLlNlYXJjaFRleHQQAhgEIAA,12/07/2026,,ChIJkzhVxQ9rfCERU89ESZMTQwU
Cilantro,food,restaurants,"Maradiva Villas Resort & Spa, Wolmar Coastal Rd, Flic en Flac",+230 403 1500,,"-20,3147043","57,3703734",https://maps.google.com/?cid=14567685687133035651&g_mp=Cidnb29nbGUubWFwcy5wbGFjZXMudjEuUGxhY2VzLlNlYXJjaFRleHQQAhgEIAA,12/07/2026,,ChIJKTdmPJVBfCERg1wbFfPQKso
Roots Spirits Restaurant Bar,food,restaurants,Rivière Noire,+230 5731 9895,,"-20,3553787","57,3659143",https://maps.google.com/?cid=13150705298767893318&g_mp=Cidnb29nbGUubWFwcy5wbGFjZXMudjEuUGxhY2VzLlNlYXJjaFRleHQQAhgEIAA,12/07/2026,,ChIJta6IXBtqfCERRlPoNsuwgLY
Sitar Indian Restaurant,food,restaurants,"M9CP+H7, Tamarin",+230 651 7788,https://grubmates.io/locations/tamarinblackriver/sitar.php,"-20,3283029","57,3852346",https://maps.google.com/?cid=10300267270489754091&g_mp=Cidnb29nbGUubWFwcy5wbGFjZXMudjEuUGxhY2VzLlNlYXJjaFRleHQQAhgEIAA,12/07/2026,,ChIJHw6z_otDfCER68kfZYLm8Y4
The Break,food,restaurants,"M9CG+MX3, Tamarin",+230 5858 1885,,"-20,3285107","57,3776225",https://maps.google.com/?cid=7348736765558138645&g_mp=Cidnb29nbGUubWFwcy5wbGFjZXMudjEuUGxhY2VzLlNlYXJjaFRleHQQAhgEIAA,12/07/2026,,ChIJyztpIgBDfCERFSfyKif1-2U
Oasis Beach Bar,food,bars,"P988+Q2 Oasis Boulevard, Coastal Rd, Flic en Flac",+230 453 5626,,"-20,2831426","57,3651032",https://maps.google.com/?cid=12486352311717304533&g_mp=Cidnb29nbGUubWFwcy5wbGFjZXMudjEuUGxhY2VzLlNlYXJjaFRleHQQAhgEIAA,12/07/2026,,ChIJeTtnHmdBfCER1ZhJoEVvSK0
HIBISCUS BAR,food,bars,"Wolmar, Flic en Flac 90503",,,"-20,3096474","57,3667657",https://maps.google.com/?cid=18001964253625235751&g_mp=Cidnb29nbGUubWFwcy5wbGFjZXMudjEuUGxhY2VzLlNlYXJjaFRleHQQAhgEIAA,12/07/2026,,ChIJS2fq45xBfCERJ7mcNBzT0_k
Mafiozzo Bar,food,bars,"Royal Road, Flic en Flac",,,"-20,279069","57,368468",https://maps.google.com/?cid=17109599143896086&g_mp=Cidnb29nbGUubWFwcy5wbGFjZXMudjEuUGxhY2VzLlNlYXJjaFRleHQQAhgEIAA,12/07/2026,,ChIJn2agW15BfCERFqQ4-xbJPAA
Shotz,food,bars,"MU, Coastal Rd, Flic en Flac 90502",+230 453 5626,,"-20,283294","57,3651505",https://maps.google.com/?cid=8535008431292741341&g_mp=Cidnb29nbGUubWFwcy5wbGFjZXMudjEuUGxhY2VzLlNlYXJjaFRleHQQAhgEIAA,12/07/2026,,ChIJPR3i32ZBfCER3fYqpvJwcnY
Saphire Bar & Resto,food,bars,"P9C9+5CJ, Flic en Flac",+230 5705 1387,,"-20,2795468","57,3685084",https://maps.google.com/?cid=7857382026804928260&g_mp=Cidnb29nbGUubWFwcy5wbGFjZXMudjEuUGxhY2VzLlNlYXJjaFRleHQQAhgEIAA,12/07/2026,,ChIJUZMrRF5BfCERBB8_vFIHC20
Mauritius,food,bars,"PCC2+HX3, Flic en Flac",,,"-20,278778","57,40176",https://maps.google.com/?cid=931296485946243320&g_mp=Cidnb29nbGUubWFwcy5wbGFjZXMudjEuUGxhY2VzLlNlYXJjaFRleHQQAhgEIAA,12/07/2026,,ChIJLTc1ZQBDfCER-DhlQTih7Aw
Kenzi Bar,food,bars,"Av. Nenuphar, Flic en Flac",+230 5250 9094,,"-20,2796419","57,369279",https://maps.google.com/?cid=5665838475212451849&g_mp=Cidnb29nbGUubWFwcy5wbGFjZXMudjEuUGxhY2VzLlNlYXJjaFRleHQQAhgEIAA,12/07/2026,,ChIJT32HS15BfCERCXDHBRMaoU4
Saxo Beach Club,food,bars,Flic en Flac,,,"-20,2847941","57,3645382",https://maps.google.com/?cid=14780769576995962919&g_mp=Cidnb29nbGUubWFwcy5wbGFjZXMudjEuUGxhY2VzLlNlYXJjaFRleHQQAhgEIAA,12/07/2026,,ChIJoTeqwBVBfCERJ8C-T57XH80
Le Lounge 9381,food,bars,"M9CP+R28, A3, Tamarin",+230 5492 8369,https://grubmates.io/locations/tamarinblackriver/lelounge9381.php,"-20,3279508","57,3850676",https://maps.google.com/?cid=16553942556208851936&g_mp=Cidnb29nbGUubWFwcy5wbGFjZXMudjEuUGxhY2VzLlNlYXJjaFRleHQQAhgEIAA,12/07/2026,,ChIJK_YyK8ZDfCER4OsMXwxru-U
Sunset bar,food,bars,"Wolmar, Flic en Flac 90503",+230 403 1000,,"-20,3083318","57,3667397",https://maps.google.com/?cid=6416652679435944580&g_mp=Cidnb29nbGUubWFwcy5wbGFjZXMudjEuUGxhY2VzLlNlYXJjaFRleHQQAhgEIAA,12/07/2026,,ChIJh3PsSP9BfCERhILWdJ2HDFk
Ti Port Bar Restaurant,food,bars,"MU, Route Royale Avenue Débarcadère, Flic en Flac 90502",+230 5713 0862,,"-20,2757203","57,3703165",https://maps.google.com/?cid=3927274166169394130&g_mp=Cidnb29nbGUubWFwcy5wbGFjZXMudjEuUGxhY2VzLlNlYXJjaFRleHQQAhgEIAA,12/07/2026,,ChIJzxloxlhBfCER0lsY6gt7gDY
Lakaz Cascavelle,food,bars,"Cascavelle Shopping Centre, Cascavelle",+230 452 9200,,"-20,2792457","57,4036603",https://maps.google.com/?cid=16262813992857444922&g_mp=Cidnb29nbGUubWFwcy5wbGFjZXMudjEuUGxhY2VzLlNlYXJjaFRleHQQAhgEIAA,12/07/2026,,ChIJwb48MZlDfCEROiKFlCkfseE
Medine bar,food,bars,"P927+6G, Wolmar Villa Rd, Flic en Flac",,,"-20,2983958","57,3645011",https://maps.google.com/?cid=9498356791911089637&g_mp=Cidnb29nbGUubWFwcy5wbGFjZXMudjEuUGxhY2VzLlNlYXJjaFRleHQQAhgEIAA,12/07/2026,,ChIJF-IBMABBfCER5YXHgy3x0IM
Frenchie Café,food,bars,B103 - Plaine Champagne Road,+230 483 6125,,"-20,3640805","57,3808757",https://maps.google.com/?cid=8841459370617041063&g_mp=Cidnb29nbGUubWFwcy5wbGFjZXMudjEuUGxhY2VzLlNlYXJjaFRleHQQAhgEIAA,12/07/2026,,ChIJpSOxdu5pfCERp3CtGXQss3o
Le Morne Restaurant,food,bars,"P927+6G, Flic en Flac",,,"-20,2993951","57,3638507",https://maps.google.com/?cid=10343569127973273540&g_mp=Cidnb29nbGUubWFwcy5wbGFjZXMudjEuUGxhY2VzLlNlYXJjaFRleHQQAhgEIAA,12/07/2026,,ChIJWfGtdwBBfCERxD-LvlG9i48
"Grubmates - food delivery, Tamarin Black River.",food,bars,"MU, A3, Tamarin 90904",+230 5711 0755,https://grubmates.io/,"-20,355836","57,3656187",https://maps.google.com/?cid=13539480244149342717&g_mp=Cidnb29nbGUubWFwcy5wbGFjZXMudjEuUGxhY2VzLlNlYXJjaFRleHQQAhgEIAA,12/07/2026,,ChIJH8o2KP-bw0wR_dHw-4vl5bs
Le Kiosk - Ruisseau Creole,food,bars,"Ruisseau Creole, La Mivoie, La Preneuse",+230 483 7004,http://www.ruisseaucreole.com/,"-20,3580548","57,3686274",https://maps.google.com/?cid=2421206660475955657&g_mp=Cidnb29nbGUubWFwcy5wbGFjZXMudjEuUGxhY2VzLlNlYXJjaFRleHQQAhgEIAA,12/07/2026,,ChIJKezRgAdqfCERyal6LaHamSE
Ti Mari Restaurant & Bar,food,bars,"Camp Fouquereaux, Vacoas-Phœnix",+230 696 9620,,"-20,2838553","57,5297208",https://maps.google.com/?cid=16069120567697665748&g_mp=Cidnb29nbGUubWFwcy5wbGFjZXMudjEuUGxhY2VzLlNlYXJjaFRleHQQAhgEIAA,12/07/2026,,ChIJh2CQM4hbfCER1O6KugT8AN8
Restaurant Pavillon de Jade,food,bars,"Route Royale, Trois Bras, Riviere Noires, Rivière Noire",+230 483 6151,https://grubmates.io/locations/tamarinblackriver/pavillondejade.php,"-20,3644327","57,3798337",https://maps.google.com/?cid=6810171038523576399&g_mp=Cidnb29nbGUubWFwcy5wbGFjZXMudjEuUGxhY2VzLlNlYXJjaFRleHQQAhgEIAA,12/07/2026,,ChIJP7hDLgRqfCERT9DZSnqWgl4
Domaine de Wolmar,food,bars,"P948+36F, Wolmar Villa Rd, Flic en Flac",+230 453 8463,http://www.wolmar.mu/,"-20,2948211","57,3655453",https://maps.google.com/?cid=12822819251247782372&g_mp=Cidnb29nbGUubWFwcy5wbGFjZXMudjEuUGxhY2VzLlNlYXJjaFRleHQQAhgEIAA,12/07/2026,,ChIJY8N1lHtBfCER5BmquSvO87E
Veranda Tamarin Hotel and Spa,food,bars,"Tamarin Bay, Royal Road Tamarin MU, 90921",+230 483 3100,https://www.veranda-resorts.com/en/mauritius-hotel-tamarin,"-20,3268991","57,3784187",https://maps.google.com/?cid=11341844712611684207&g_mp=Cidnb29nbGUubWFwcy5wbGFjZXMudjEuUGxhY2VzLlNlYXJjaFRleHQQAhgEIAA,12/07/2026,,ChIJfVVVVQJCfCERb5_cqKxTZp0
Casa Pizza,food,bars,"Route Royale, Tamarin",+230 484 0746,,"-20,3305492","57,3784408",https://maps.google.com/?cid=7148481588923813689&g_mp=Cidnb29nbGUubWFwcy5wbGFjZXMudjEuUGxhY2VzLlNlYXJjaFRleHQQAhgEIAA,12/07/2026,,ChIJV055sPRDfCEROU85fyGCNGM
Black River Gorges Nature Park,food,bars,Les Gorges Road,,,"-20,3775721","57,4135497",https://maps.google.com/?cid=6756452938985211660&g_mp=Cidnb29nbGUubWFwcy5wbGFjZXMudjEuUGxhY2VzLlNlYXJjaFRleHQQAhgEIAA,12/07/2026,,ChIJv650WS9pfCERDIfbmSa-w10
Antidote,food,bars,"La Mivoie Royal Road, Rivière Noire",+230 5421 4706,http://www.antidote-studios.com/,"-20,3451041","57,3643677",https://maps.google.com/?cid=11812686395658132427&g_mp=Cidnb29nbGUubWFwcy5wbGFjZXMudjEuUGxhY2VzLlNlYXJjaFRleHQQAhgEIAA,12/07/2026,,ChIJBzOlcQBrfCERy9tKyLAX76M
La Place Cap Tamarin,food,bars,"MU, Barachois Estate Cap, Tamarin 90901",+230 483 4977,https://www.facebook.com/LaPlaceCapTamarin/,"-20,3278485","57,3831894",https://maps.google.com/?cid=5615807127976202553&g_mp=Cidnb29nbGUubWFwcy5wbGFjZXMudjEuUGxhY2VzLlNlYXJjaFRleHQQAhgEIAA,12/07/2026,,ChIJgwdmJFpDfCEROdEgPtRa700
La Kaz A Pain,food,bars,Rivière Noire,+230 483 1747,,"-20,3483231","57,3645046",https://maps.google.com/?cid=7081802525506342010&g_mp=Cidnb29nbGUubWFwcy5wbGFjZXMudjEuUGxhY2VzLlNlYXJjaFRleHQQAhgEIAA,12/07/2026,,ChIJZSOuuVdrfCERegxFPuCdR2I
Ti karaye,food,bars,"Moka, Maurice",+230 484 1473,http://www.tikaraye.mu/,"-20,2195586","57,5023321",https://maps.google.com/?cid=11680465485344758465&g_mp=Cidnb29nbGUubWFwcy5wbGFjZXMudjEuUGxhY2VzLlNlYXJjaFRleHQQAhgEIAA,12/07/2026,,ChIJcU8oEApbfCERwVovIXlZGaI
SKY,food,cafes-terrasses,"Wolmar Coastal Rd, Flic en Flac",,,"-20,2920927","57,3638813",https://maps.google.com/?cid=8662984943257971305&g_mp=Cidnb29nbGUubWFwcy5wbGFjZXMudjEuUGxhY2VzLlNlYXJjaFRleHQQAhgEIAA,12/07/2026,,ChIJeT6p7QtBfCERaepyTegaOXg
Terrace,food,cafes-terrasses,Tamarin,+230 5946 6625,,"-20,3282784","57,3850847",https://maps.google.com/?cid=10228383443689487893&g_mp=Cidnb29nbGUubWFwcy5wbGFjZXMudjEuUGxhY2VzLlNlYXJjaFRleHQQAhgEIAA,12/07/2026,,ChIJMa1BKQBDfCERFT6Zu4yE8o0
Michael’s Coffee House (MCH),food,cafes-terrasses,"kestrel Ave, Flic en Flac",+230 5946 6771,http://www.mchmru.com/,"-20,280597","57,3686811",https://maps.google.com/?cid=16310451402025276883&g_mp=Cidnb29nbGUubWFwcy5wbGFjZXMudjEuUGxhY2VzLlNlYXJjaFRleHQQAhgEIAA,12/07/2026,,ChIJw3TPcYVBfCER0xX9NyJdWuI
Le Palm Tree Garden Restaurant,food,cafes-terrasses,"P9MH+X9Q, Sunset Ave, Flic en Flac",+230 5712 0071,,"-20,2650414","57,3784731",https://maps.google.com/?cid=9783900128648063439&g_mp=Cidnb29nbGUubWFwcy5wbGFjZXMudjEuUGxhY2VzLlNlYXJjaFRleHQQAhgEIAA,12/07/2026,,ChIJQ5BKgwhDfCERz2n3ZVRlx4c
Ō8 The Wellness Café,food,cafes-terrasses,"Route Royale, Flic en Flac",+230 5733 3818,,"-20,279653","57,368543",https://maps.google.com/?cid=3425241080310464702&g_mp=Cidnb29nbGUubWFwcy5wbGFjZXMudjEuUGxhY2VzLlNlYXJjaFRleHQQAhgEIAA,12/07/2026,,ChIJBV9X075BfCERvgD7ZZ3miC8
JIVA Coffee and Roastery,food,cafes-terrasses,"Black River Road, La Preneuse, Black River",+230 484 6251,https://www.jivacoffee.mu/,"-20,3551291","57,3662095",https://maps.google.com/?cid=13409813771264481076&g_mp=Cidnb29nbGUubWFwcy5wbGFjZXMudjEuUGxhY2VzLlNlYXJjaFRleHQQAhgEIAA,12/07/2026,,ChIJqTJtWnlrfCERNFdcpJM6Gbo
Vanilla Café Restaurant,food,cafes-terrasses,"Royal Road, Grande Riviere Noire",+230 483 6778,https://vanillavillage.mu/,"-20,3681968","57,3802421",https://maps.google.com/?cid=9107947164496646889&g_mp=Cidnb29nbGUubWFwcy5wbGFjZXMudjEuUGxhY2VzLlNlYXJjaFRleHQQAhgEIAA,12/07/2026,,ChIJN8aXM9hpfCER6VLZrLDtZX4
TIDEZ,food,cafes-terrasses,"Coastal Rd, Flic en Flac",+230 453 8466,,"-20,2851371","57,364483",https://maps.google.com/?cid=15413219814302652876&g_mp=Cidnb29nbGUubWFwcy5wbGFjZXMudjEuUGxhY2VzLlNlYXJjaFRleHQQAhgEIAA,12/07/2026,,ChIJGabuhGZBfCERzJmFJMLB5tU
Le Chamarel Restaurant,food,cafes-terrasses,"La Crête, Main Road, Chamarel",+230 483 4421,https://lechamarelrestaurant.com/,"-20,422115","57,3859837",https://maps.google.com/?cid=11424453967241993397&g_mp=Cidnb29nbGUubWFwcy5wbGFjZXMudjEuUGxhY2VzLlNlYXJjaFRleHQQAhgEIAA,12/07/2026,,ChIJva7c5EhpfCERtdxCllrQi54
Ousaporn Thai Restaurant,food,cafes-terrasses,"Coastal road Behind FOOD LOVERS Tamarin MU, Black River 90906",+230 483 7061,,"-20,3441154","57,3648075",https://maps.google.com/?cid=11050857881762921951&g_mp=Cidnb29nbGUubWFwcy5wbGFjZXMudjEuUGxhY2VzLlNlYXJjaFRleHQQAhgEIAA,12/07/2026,,ChIJ94XHGE1rfCER3_3NibGIXJk
Jeanno burger (truck),food,cafes-terrasses,"Plage de, Flic en Flac",+230 5802 4500,,"-20,2814793","57,3656264",https://maps.google.com/?cid=3069423745230768063&g_mp=Cidnb29nbGUubWFwcy5wbGFjZXMudjEuUGxhY2VzLlNlYXJjaFRleHQQAhgEIAA,12/07/2026,,ChIJqwPlQ2dBfCERvwehP6LImCo
Menu des Iles,food,cafes-terrasses,"P998+WFR, Flic en Flac",,,"-20,2801368","57,3661369",https://maps.google.com/?cid=7167817227000509979&g_mp=Cidnb29nbGUubWFwcy5wbGFjZXMudjEuUGxhY2VzLlNlYXJjaFRleHQQAhgEIAA,12/07/2026,,ChIJy-aJ411BfCERG3ZKjsozeWM
Rhumerie de Chamarel Restaurant & Rum Distillery,food,cafes-terrasses,Chamarel,+230 483 4980,http://www.rhumeriedechamarel.com/,"-20,4279284","57,3963316",https://maps.google.com/?cid=11416505544506789548&g_mp=Cidnb29nbGUubWFwcy5wbGFjZXMudjEuUGxhY2VzLlNlYXJjaFRleHQQAhgEIAA,12/07/2026,,ChIJ_zudTjZpfCERrM6aNE6Tb54
McDonald's,food,cafes-terrasses,"Cascavelle Shopping Mall, Cnr Riviere Noire & Flic En Flac, Bambous",+230 452 4925,https://www.mcdonalds.mu/mcdonalds-cascavelle,"-20,2798475","57,4027102",https://maps.google.com/?cid=5197487759663287331&g_mp=Cidnb29nbGUubWFwcy5wbGFjZXMudjEuUGxhY2VzLlNlYXJjaFRleHQQAhgEIAA,12/07/2026,,ChIJl4cUISxDfCERI8wrd5QvIUg
KING SNACK SEAFOOD CORNER,food,snacks-plage,"Royal road Coastal Rd, Flic en Flac",+230 5907 0301,https://www.facebook.com/KING-Catering-122658659129422/,"-20,2777098","57,369167",https://maps.google.com/?cid=4240502445559073340&g_mp=Cidnb29nbGUubWFwcy5wbGFjZXMudjEuUGxhY2VzLlNlYXJjaFRleHQQAhgEIAA,12/07/2026,,ChIJczRWK6BBfCERPEq50IFK2To
Katy Fast Food,food,snacks-plage,"Coastal Rd, Flic en Flac",+230 5795 0006,,"-20,2800355","57,3661325",https://maps.google.com/?cid=12638824468158224814&g_mp=Cidnb29nbGUubWFwcy5wbGFjZXMudjEuUGxhY2VzLlNlYXJjaFRleHQQAhgEIAA,12/07/2026,,ChIJqarNRl5BfCERrhkW8-MfZq8
Sunset Snack,food,snacks-plage,"P9F9+5PQ, Coastal Rd, Flic en Flac",+230 453 8465,,"-20,2770422","57,3693578",https://maps.google.com/?cid=1867262346161338892&g_mp=Cidnb29nbGUubWFwcy5wbGFjZXMudjEuUGxhY2VzLlNlYXJjaFRleHQQAhgEIAA,12/07/2026,,ChIJY5hJ315BfCERDLpo7TXZ6Rk
Dollar Beach Foodحلال,food,snacks-plage,"P998+WCH, Flic en Flac",,,"-20,2802047","57,3660377",https://maps.google.com/?cid=18336142504126878513&g_mp=Cidnb29nbGUubWFwcy5wbGFjZXMudjEuUGxhY2VzLlNlYXJjaFRleHQQAhgEIAA,12/07/2026,,ChIJYUQFTWZBfCERMZNsXXUQd_4
Joe Snack,food,snacks-plage,Flic en Flac,+230 5805 1614,https://grubmates.io/locations/flicenflac/joesnack.php,"-20,2761311","57,3713739",https://maps.google.com/?cid=2560097631526392421&g_mp=Cidnb29nbGUubWFwcy5wbGFjZXMudjEuUGxhY2VzLlNlYXJjaFRleHQQAhgEIAA,12/07/2026,,ChIJFbP6uVhBfCERZRJzXTtLhyM
Chef Jean Claude,food,snacks-plage,"P9FC+J3, Flic en Flac",+230 5759 3272,https://grubmates.io/locations/flicenflac/jeanclaude.php,"-20,2759171","57,3702227",https://maps.google.com/?cid=5333570293865152430&g_mp=Cidnb29nbGUubWFwcy5wbGFjZXMudjEuUGxhY2VzLlNlYXJjaFRleHQQAhgEIAA,12/07/2026,,ChIJD1dU07VBfCERrn9ofuylBEo
Chez Pepe,food,snacks-plage,"MU, Coastal Rd, Flic en Flac 90506",+230 453 9383,http://www.chezpepe.mu/,"-20,283472","57,3649725",https://maps.google.com/?cid=16066746425495185051&g_mp=Cidnb29nbGUubWFwcy5wbGFjZXMudjEuUGxhY2VzLlNlYXJjaFRleHQQAhgEIAA,12/07/2026,,ChIJ84zH5WZBfCERm-bqq7-M-N4
Farata AKA Vinoda,food,snacks-plage,"P9C8+3GH, Flic en Flac",+230 5711 0755,,"-20,2798242","57,3663729",https://maps.google.com/?cid=16904650313937652220&g_mp=Cidnb29nbGUubWFwcy5wbGFjZXMudjEuUGxhY2VzLlNlYXJjaFRleHQQAhgEIAA,12/07/2026,,ChIJSUKk5F1BfCER_AlzVuVhmeo
Beach House Grill,food,snacks-plage,"Maradiva Villas Resort & Spa, Wolmar, Coastal Rd, Flic en Flac",+230 403 1500,https://reservation.bookatable.mu/676406e46f031e6cd24c8c80,"-20,3134816","57,3674595",https://maps.google.com/?cid=13958403382382217383&g_mp=Cidnb29nbGUubWFwcy5wbGFjZXMudjEuUGxhY2VzLlNlYXJjaFRleHQQAhgEIAA,12/07/2026,,ChIJfSi7N5JBfCERp8iA5us1tsE
Restaurant Ah Youn,food,snacks-plage,"Route Royale Royal Road, Flic en Flac",+230 453 9099,,"-20,2839855","57,3646858",https://maps.google.com/?cid=15018202648862926798&g_mp=Cidnb29nbGUubWFwcy5wbGFjZXMudjEuUGxhY2VzLlNlYXJjaFRleHQQAhgEIAA,12/07/2026,,ChIJxYtIl2ZBfCERzidOQr1fa9A
Bistro de marius,food,snacks-plage,"Cascavelle Shopping Village Coastal Rd, Bambous, Flic en Flac",+230 5775 3957,https://www.facebook.com/LeBistrodeMarius/,"-20,2789505","57,4023883",https://maps.google.com/?cid=18260956325186863751&g_mp=Cidnb29nbGUubWFwcy5wbGFjZXMudjEuUGxhY2VzLlNlYXJjaFRleHQQAhgEIAA,12/07/2026,,ChIJBRs35iNDfCERh4Kv7Qbza_0
Steers,food,snacks-plage,"Cascavelle Shopping Village Riviere Noire Road Uniciti MU, Flic en Flac 90203",+230 452 9162,https://mauritius.steers.africa/,"-20,2795034","57,4023772",https://maps.google.com/?cid=9524910696618504122&g_mp=Cidnb29nbGUubWFwcy5wbGFjZXMudjEuUGxhY2VzLlNlYXJjaFRleHQQAhgEIAA,12/07/2026,,ChIJWX_ZJUlDfCERuq9DPdBHL4Q
Ginger Thai Restaurant,food,snacks-plage,"MU, Wolmar, Flic en Flac 90503",+230 403 1000,https://www.sevenrooms.com/landing/hiltonmauritiusresortandspa,"-20,3086074","57,3668657",https://maps.google.com/?cid=7964639930147020691&g_mp=Cidnb29nbGUubWFwcy5wbGFjZXMudjEuUGxhY2VzLlNlYXJjaFRleHQQAhgEIAA,12/07/2026,,ChIJj9fR_aVBfCERkx9OaNEViG4
Sugar Beach,food,snacks-plage,"MU, Wolmar, Coastal Rd, Flic en Flac 90503",+230 403 3300,https://www.yoursunlife.com/sugarbeachmauritius/?utm_source=google&utm_medium=organic&utm_campaign=google_local_sugarbeach,"-20,3036689","57,3656419",https://maps.google.com/?cid=14010051229176848781&g_mp=Cidnb29nbGUubWFwcy5wbGFjZXMudjEuUGxhY2VzLlNlYXJjaFRleHQQAhgEIAA,12/07/2026,,ChIJIThzLYJBfCERjWEcUF2zbcI
Chez Ruben Restaurant,food,snacks-plage,"Royal Road Chamarel Black River MU, 90402",+230 483 4273,,"-20,4314628","57,3902639",https://maps.google.com/?cid=2758385109408385709&g_mp=Cidnb29nbGUubWFwcy5wbGFjZXMudjEuUGxhY2VzLlNlYXJjaFRleHQQAhgEIAA,12/07/2026,,ChIJvQipbktpfCERrYoDeKTARyY
Île Maurice,food,snacks-plage,"P9CC+CW7, Flic en Flac",,,"-20,2789674","57,3722864",https://maps.google.com/?cid=12207849858899920163&g_mp=Cidnb29nbGUubWFwcy5wbGFjZXMudjEuUGxhY2VzLlNlYXJjaFRleHQQAhgEIAA,12/07/2026,,ChIJndOnTgBDfCERI0UIR8T-aqk
Aux plaisirs de la vie,food,tables-hotes,"396 morcellement safeland MU, Flic en Flac 90502",+230 5483 5568,,"-20,2824482","57,3688218",https://maps.google.com/?cid=13599096371728899149&g_mp=Cidnb29nbGUubWFwcy5wbGFjZXMudjEuUGxhY2VzLlNlYXJjaFRleHQQAhgEIAA,12/07/2026,,ChIJpzjW6atBfCERTVw0Vxmyubw
Maison Tropical,food,tables-hotes,"Avenue des Canaries, Flic en Flac",+230 5259 4925,http://www.maisontropical.com/,"-20,2854524","57,3720915",https://maps.google.com/?cid=15149985921252896142&g_mp=Cidnb29nbGUubWFwcy5wbGFjZXMudjEuUGxhY2VzLlNlYXJjaFRleHQQAhgEIAA,12/07/2026,,ChIJ_-LGtQlBfCERjq1yZO2PP9I
Le Tamarin Chambres d'hôtes,food,tables-hotes,"Morcellement Carlos, All. des bois reinettes, Tamarin",+230 483 5285,,"-20,3421016","57,3691083",https://maps.google.com/?cid=7486021296575362214&g_mp=Cidnb29nbGUubWFwcy5wbGFjZXMudjEuUGxhY2VzLlNlYXJjaFRleHQQAhgEIAA,12/07/2026,,ChIJsR08VP5BfCERpjRi47Sw42c
Lariad BnB,food,tables-hotes,"6 Avenue Des Colombes, Flic en Flac",+230 5250 9410,http://www.lariadbnb.com/,"-20,2819995","57,3706779",https://maps.google.com/?cid=6182514655977958196&g_mp=Cidnb29nbGUubWFwcy5wbGFjZXMudjEuUGxhY2VzLlNlYXJjaFRleHQQAhgEIAA,12/07/2026,,ChIJ0fb3O2BBfCERNGs2wFK0zFU
Bois Bleu Bed And Breakfast,food,tables-hotes,"14A Avenue des Marsouins Lotissement Salt Pans MU, La Mivoie, Tamarin 90601",,,"-20,3352818","57,3729844",https://maps.google.com/?cid=8442752315772979421&g_mp=Cidnb29nbGUubWFwcy5wbGFjZXMudjEuUGxhY2VzLlNlYXJjaFRleHQQAhgEIAA,12/07/2026,,ChIJ3z3KwsZDfCER3UhB5H-uKnU
Villa Osumare Guest House Bed and Breakfast,food,tables-hotes,"10 Avenue MoulinCassé, Flic en Flac",+230 453 8658,http://www.villaosumare.com/,"-20,2737739","57,3724314",https://maps.google.com/?cid=3948232723407183922&g_mp=Cidnb29nbGUubWFwcy5wbGFjZXMudjEuUGxhY2VzLlNlYXJjaFRleHQQAhgEIAA,12/07/2026,,ChIJjSKsZFhBfCERMiBCSb7wyjY
Rayan Tourist Villa,food,tables-hotes,"Morcellement Bismic, Flic en Flac",+230 684 3308,,"-20,2770838","57,3722657",https://maps.google.com/?cid=10448200503732384642&g_mp=Cidnb29nbGUubWFwcy5wbGFjZXMudjEuUGxhY2VzLlNlYXJjaFRleHQQAhgEIAA,12/07/2026,,ChIJV7SUm2ZBfCERgrMGTwB3_5A
L'Oiseau de L'Ocean Tourist Residence,food,tables-hotes,"124, Ave des Palmiers Résidences St Jacques, Flic en Flac",+230 453 9200,http://www.loiseaudelocean.com/,"-20,2784838","57,3798419",https://maps.google.com/?cid=6971654934324325958&g_mp=Cidnb29nbGUubWFwcy5wbGFjZXMudjEuUGxhY2VzLlNlYXJjaFRleHQQAhgEIAA,12/07/2026,,ChIJQc0rkeZDfCERRi4AsTlLwGA
GoSun Beach Residence,food,tables-hotes,"P977+FVC, Royal Road, Flic en Flac",+230 453 8880,,"-20,2863043","57,3646375",https://maps.google.com/?cid=830553464057595233&g_mp=Cidnb29nbGUubWFwcy5wbGFjZXMudjEuUGxhY2VzLlNlYXJjaFRleHQQAhgEIAA,12/07/2026,,ChIJ50lNO2RBfCERYYUfoPm3hgs
Ebony Table D'Hote,food,tables-hotes,"Royal Road, B64, Vacoas-Phoenix",+230 5773 8293,,"-20,341243","57,492628",https://maps.google.com/?cid=5793281830736876133&g_mp=Cidnb29nbGUubWFwcy5wbGFjZXMudjEuUGxhY2VzLlNlYXJjaFRleHQQAhgEIAA,12/07/2026,,ChIJQd0UHBFdfCERZdLLhCHfZVA
GO SUN BEACH HOTEL,food,tables-hotes,"Coastal Rd, Flic en Flac",+230 453 8880,http://gosunmauritius.com/,"-20,2862479","57,3642777",https://maps.google.com/?cid=15534416952490555304&g_mp=Cidnb29nbGUubWFwcy5wbGFjZXMudjEuUGxhY2VzLlNlYXJjaFRleHQQAhgEIAA,12/07/2026,,ChIJ_e-hKntBfCERqHcB1ulVldc
Private Chef Mauritius,food,chefs-domicile,"Key West Plaza Tamarin MU, Black River 90921",+230 5473 8512,https://m.facebook.com/pages/category/Personal-Chef/Private-Chef-Mauritius-100670508201132/,"-20,3462896","57,3645018",https://maps.google.com/?cid=7589434691087174197&g_mp=Cidnb29nbGUubWFwcy5wbGFjZXMudjEuUGxhY2VzLlNlYXJjaFRleHQQAhgEIAA,12/07/2026,,ChIJ1ROmkoVcT4ERNQpHGKQWU2k
Adrien's Dream - Wedding Organiser Flic en Flac - Mauritius,food,chefs-domicile,"P9GC+G94, Flic en Flac",+230 5940 1170,,"-20,2737411","57,3709535",https://maps.google.com/?cid=7378285563689100102&g_mp=Cidnb29nbGUubWFwcy5wbGFjZXMudjEuUGxhY2VzLlNlYXJjaFRleHQQAhgEIAA,12/07/2026,,ChIJ_ywYkWtDfCERRuMU26DvZGY
Le Cap Taisne,food,chefs-domicile,"169, la Mivoie, lot 5b coastal Road, Tamarin",+230 5834 9727,https://cap-taisne.mu/,"-20,3439375","57,3639375",https://maps.google.com/?cid=3118265994582445651&g_mp=Cidnb29nbGUubWFwcy5wbGFjZXMudjEuUGxhY2VzLlNlYXJjaFRleHQQAhgEIAA,12/07/2026,,ChIJLT7TNP5rfCERU05EmmZORis
Chez Philippe,food,chefs-domicile,"Ruisseau Créole, Grande Riviere Noire",+230 483 7920,,"-20,3585038","57,3690142",https://maps.google.com/?cid=17020850142851847816&g_mp=Cidnb29nbGUubWFwcy5wbGFjZXMudjEuUGxhY2VzLlNlYXJjaFRleHQQAhgEIAA,12/07/2026,,ChIJVXcTzJtrfCERiFbXSwY1Nuw
Éclat Gourmand - Catering & Events Mauritius,food,chefs-domicile,"MU, Rue des Orchidées, La Gaulette 91101",+230 5708 0679,https://wa.me/c/23057080679,"-20,4339264","57,3538858",https://maps.google.com/?cid=1048960782761639743&g_mp=Cidnb29nbGUubWFwcy5wbGFjZXMudjEuUGxhY2VzLlNlYXJjaFRleHQQAhgEIAA,12/07/2026,,ChIJAQo-fQZtfCERP7_SN0aojg4
Carrefour City Flic en Flac,food,grandes-surfaces,"Coastal Rd, Flic en Flac",+230 453 5110,https://carrefourmaurice.com/,"-20,2791083","57,3684242",https://maps.google.com/?cid=14304359899291328255&g_mp=Cidnb29nbGUubWFwcy5wbGFjZXMudjEuUGxhY2VzLlNlYXJjaFRleHQQAhgEIAA,12/07/2026,,ChIJ3ThDW15BfCER_x6aaIpLg8Y
Winner's Cascavelle,food,grandes-surfaces,"Cascavelle Shopping Mall, Cascavelle",+230 452 9060,,"-20,2780268","57,4018217",https://maps.google.com/?cid=3039650930382042121&g_mp=Cidnb29nbGUubWFwcy5wbGFjZXMudjEuUGxhY2VzLlNlYXJjaFRleHQQAhgEIAA,12/07/2026,,ChIJicZY1pFDfCERCXSbmmoCLyo
Wolmar Supermarket,food,grandes-surfaces,"P947+GJ3, Flic en Flac",,,"-20,2937302","57,3640616",https://maps.google.com/?cid=16627855303317555849&g_mp=Cidnb29nbGUubWFwcy5wbGFjZXMudjEuUGxhY2VzLlNlYXJjaFRleHQQAhgEIAA,12/07/2026,,ChIJ26OKq3tBfCERiYrW2kwCwuY
Sadouva supermarket,food,grandes-surfaces,"Wolmar, Royal road, Flic en Flac",+230 5753 2962,,"-20,2944618","57,3647973",https://maps.google.com/?cid=1119690121571392109&g_mp=Cidnb29nbGUubWFwcy5wbGFjZXMudjEuUGxhY2VzLlNlYXJjaFRleHQQAhgEIAA,12/07/2026,,ChIJMwnhg-tBfCERbdrGsjvwiQ8
Monop' / Monoprix Maison - Rivière Noire,food,grandes-surfaces,"MU, Royal Road, La Preneuse 90608",+230 490 0888,http://www.mymonop.mu/,"-20,3501607","57,3645641",https://maps.google.com/?cid=17290333898926216532&g_mp=Cidnb29nbGUubWFwcy5wbGFjZXMudjEuUGxhY2VzLlNlYXJjaFRleHQQAhgEIAA,12/07/2026,,ChIJqYxquPVrfCERVFVkrRKb8-8
Chez Mi Bazaar,food,grandes-surfaces,Flic en Flac,+230 5491 2600,https://grubmates.io/locations/flicenflac/chezmibazaar.php,"-20,2789719","57,3720579",https://maps.google.com/?cid=14214650903161056856&g_mp=Cidnb29nbGUubWFwcy5wbGFjZXMudjEuUGxhY2VzLlNlYXJjaFRleHQQAhgEIAA,12/07/2026,,ChIJKRJS9J1BfCERWK4ZGa-VRMU
London Way Supermarket Black River,food,grandes-surfaces,"MU, Rivière Noire 90601",+230 483 8888,,"-20,353357","57,3653692",https://maps.google.com/?cid=2969971752838478436&g_mp=Cidnb29nbGUubWFwcy5wbGFjZXMudjEuUGxhY2VzLlNlYXJjaFRleHQQAhgEIAA,12/07/2026,,ChIJ0w9zuQRqfCERZLrh2JJ1Nyk
6 Ten Flic en Flac,food,grandes-surfaces,"P9F9+4PV, Coastal Rd, Flic en Flac",,,"-20,277133","57,3693079",https://maps.google.com/?cid=13147369772647393396&g_mp=Cidnb29nbGUubWFwcy5wbGFjZXMudjEuUGxhY2VzLlNlYXJjaFRleHQQAhgEIAA,12/07/2026,,ChIJjdU3SndBfCERdChbhSbXdLY
Shoppie Supermarket,food,grandes-surfaces,"P9FC+HXG, Coastal Rd, Flic en Flac",,,"-20,2760525","57,3724638",https://maps.google.com/?cid=13121354495093310594&g_mp=Cidnb29nbGUubWFwcy5wbGFjZXMudjEuUGxhY2VzLlNlYXJjaFRleHQQAhgEIAA,12/07/2026,,ChIJV3flXB5DfCERggQDtGRqGLY
Chantefrais,food,grandes-surfaces,"25, Résidence Complex, Coastal Rd, Flic en Flac",+230 5977 2260,https://grubmates.io/locations/flicenflac/chanterfrais.php,"-20,2760047","57,3723316",https://maps.google.com/?cid=14563779895267778523&g_mp=Cidnb29nbGUubWFwcy5wbGFjZXMudjEuUGxhY2VzLlNlYXJjaFRleHQQAhgEIAA,12/07/2026,,ChIJc4RCqFhBfCER219pDKfwHMo
L'Épicerie Tamarin,food,epiceries-specialisees,"La Place Cap Tamarin Route Royale Barachois, Tamarin",+230 5919 1898,https://epicerie.mu/,"-20,3275195","57,3838245",https://maps.google.com/?cid=13049342109461001281&g_mp=Cidnb29nbGUubWFwcy5wbGFjZXMudjEuUGxhY2VzLlNlYXJjaFRleHQQAhgEIAA,12/07/2026,,ChIJZZgzfVRDfCERQTT4moKTGLU
Lotus Alkatraz Shop,food,epiceries-specialisees,"Ave Carriere, Flic en Flac",+230 5780 9060,,"-20,2875806","57,36689",https://maps.google.com/?cid=8425942674954729092&g_mp=Cidnb29nbGUubWFwcy5wbGFjZXMudjEuUGxhY2VzLlNlYXJjaFRleHQQAhgEIAA,12/07/2026,,ChIJzab92ItBfCERhDZ7Zjj27nQ
Nenuphar Alimentation,food,epiceries-specialisees,"Route Royale,Nenupha Complex,Near Dans le meme immeuble comme Le papayou, Flic en Flac",+230 5834 9684,,"-20,2761012","57,3714933",https://maps.google.com/?cid=8402391477799940281&g_mp=Cidnb29nbGUubWFwcy5wbGFjZXMudjEuUGxhY2VzLlNlYXJjaFRleHQQAhgEIAA,12/07/2026,,ChIJid38qVhBfCERufAIAohKm3Q
Food Lover's Market,food,epiceries-specialisees,"A3, Rivière Noire",+230 483 8380,,"-20,3444138","57,3643379",https://maps.google.com/?cid=8519866504840243702&g_mp=Cidnb29nbGUubWFwcy5wbGFjZXMudjEuUGxhY2VzLlNlYXJjaFRleHQQAhgEIAA,12/07/2026,,ChIJn2mebQdqfCER9mnAKnKlPHY
Krish Delights (local streetfood / local drinks),food,epiceries-specialisees,"Coastal road Flic en flac MU, Rivière Noire 10995",+230 5940 8210,,"-20,2840765","57,3648008",https://maps.google.com/?cid=7764866144972066260&g_mp=Cidnb29nbGUubWFwcy5wbGFjZXMudjEuUGxhY2VzLlNlYXJjaFRleHQQAhgEIAA,12/07/2026,,ChIJeV3Oe7xBfCER1E2Ea55Ywms
La Vie Claire,food,epiceries-specialisees,"MU, Tamarin 90920",+230 483 1373,https://magasins.lavieclaire.com/lavieclaire/fr/store/maurice/riviere-noire/tamarin/tamarin/19909b?utm_source=GMB&utm_campaign=Multidiffusion&utm_medium=local&utm_content=19909B&origin=GMB,"-20,327684","57,383309",https://maps.google.com/?cid=4060538664393043777&g_mp=Cidnb29nbGUubWFwcy5wbGFjZXMudjEuUGxhY2VzLlNlYXJjaFRleHQQAhgEIAA,12/07/2026,,ChIJE-EP0M1DfCERQe_iz2buWTg
L'Épicerie Floréal,food,epiceries-specialisees,"Georges Guibert St, Vacoas-Phoenix",+230 5919 1703,https://epicerie.mu/,"-20,3093854","57,5123345",https://maps.google.com/?cid=15341734393240405488&g_mp=Cidnb29nbGUubWFwcy5wbGFjZXMudjEuUGxhY2VzLlNlYXJjaFRleHQQAhgEIAA,12/07/2026,,ChIJM_mWwmBcfCER8MV8iyXK6NQ
The Meat House,food,boucheries,"Royal Road Rivière Noire MU, Rivière Noire 90608",+230 5253 5947,https://www.facebook.com/The-MEAT-HOUSE-1251196838277688/,"-20,346665","57,3645274",https://maps.google.com/?cid=5599656389054019871&g_mp=Cidnb29nbGUubWFwcy5wbGFjZXMudjEuUGxhY2VzLlNlYXJjaFRleHQQAhgEIAA,12/07/2026,,ChIJIysRTuVrfCERH7nPTdH5tU0
Phil’s Meat Co. Ltd,food,boucheries,"Shop G07, Palm Square commercial centre, La Mivoie, Royal rd, Tamarin",+230 5714 3216,https://app-philsmeatco.netlify.app/,"-20,344348","57,3643734",https://maps.google.com/?cid=6542209107673834815&g_mp=Cidnb29nbGUubWFwcy5wbGFjZXMudjEuUGxhY2VzLlNlYXJjaFRleHQQAhgEIAA,12/07/2026,,ChIJoZ1ZyDRrfCERP2U5dYWYylo
Poisson frais direct du pêcheur,food,poissonneries,"P9FC+Q73, Coastal Rd, Flic en Flac",+230 5764 3188,,"-20,2755332","57,3706423",https://maps.google.com/?cid=13391325863805142035&g_mp=Cidnb29nbGUubWFwcy5wbGFjZXMudjEuUGxhY2VzLlNlYXJjaFRleHQQAhgEIAA,12/07/2026,,ChIJ8WV95XZBfCERE0SbP-yL17k
West Coast Seafood,food,poissonneries,"M937+8QQ, Rivière Noire",+230 483 7925,,"-20,346673","57,3644881",https://maps.google.com/?cid=5595676073085270551&g_mp=Cidnb29nbGUubWFwcy5wbGFjZXMudjEuUGxhY2VzLlNlYXJjaFRleHQQAhgEIAA,12/07/2026,,ChIJ69_L-gZqfCERF3pmxr3Vp00
Marché de Centre de Flacq,food,marches,"RP6G+87V, Ctre de Flacq",,,"-20,1891411","57,7256773",https://maps.google.com/?cid=1813309801773054223&g_mp=Cidnb29nbGUubWFwcy5wbGFjZXMudjEuUGxhY2VzLlNlYXJjaFRleHQQAhgEIAA,12/07/2026,,ChIJZXVqU2b5fCERD7lqSqgrKhk
L'ENVOL,food,livraisons,"MU, LA MIVOIE, 169 COASTAL ROAD, Tamarin 94410",+230 484 0110,https://lenvol.mu/,"-20,3439077","57,3640946",https://maps.google.com/?cid=14753272585357830691&g_mp=Cidnb29nbGUubWFwcy5wbGFjZXMudjEuUGxhY2VzLlNlYXJjaFRleHQQAhgEIAA,12/07/2026,,ChIJyaNs4qFrfCERIyrDDEAnvsw
Pizz'a Gogo,food,livraisons,"Coastal Rd, Flic en Flac",+230 5826 0263,https://www.facebook.com/gogopizzaltd/,"-20,277133","57,3693057",https://maps.google.com/?cid=8075497848385404937&g_mp=Cidnb29nbGUubWFwcy5wbGFjZXMudjEuUGxhY2VzLlNlYXJjaFRleHQQAhgEIAA,12/07/2026,,ChIJ6zL0915BfCERCYBx3YHuEXA
KFC Tamarin,food,livraisons,"Riviere Noire Rd MU, Le Barachois, Shopping Centre, Tamarin 90901",+230 432 1622,https://www.kfc.mu/,"-20,3282209","57,3847971",https://maps.google.com/?cid=17090456886351799917&g_mp=Cidnb29nbGUubWFwcy5wbGFjZXMudjEuUGxhY2VzLlNlYXJjaFRleHQQAhgEIAA,12/07/2026,,ChIJz7CSQDdDfCERbaYgMP1_Le0
Café Alexia,food,livraisons,"M9CP+99G Coeur Cap, Tamarin",,https://grubmates.io/locations/tamarinblackriver/cafealexia.php,"-20,3290585","57,3859479",https://maps.google.com/?cid=1611381639990631883&g_mp=Cidnb29nbGUubWFwcy5wbGFjZXMudjEuUGxhY2VzLlNlYXJjaFRleHQQAhgEIAA,12/07/2026,,ChIJ1Sc3NbhDfCERy106aRDHXBY
Euro food (truck),food,livraisons,"P998+GQH, Ave Des Perruches, Flic en Flac",,,"-20,2808834","57,3658425",https://maps.google.com/?cid=7285149925118445608&g_mp=Cidnb29nbGUubWFwcy5wbGFjZXMudjEuUGxhY2VzLlNlYXJjaFRleHQQAhgEIAA,12/07/2026,,ChIJDc1x8cNBfCERKAgmLkINGmU
Les artisans kebabier El Pando,food,livraisons,"Cascavelle mall, Cascavelle",+230 5763 0435,https://www.facebook.com/El-Pando-Kebab-135936291703358/,"-20,279798","57,4025473",https://maps.google.com/?cid=502190646204161441&g_mp=Cidnb29nbGUubWFwcy5wbGFjZXMudjEuUGxhY2VzLlNlYXJjaFRleHQQAhgEIAA,12/07/2026,,ChIJRVYa4fpBfCERod2FZLsj-AY
Lapas,food,livraisons,"Coeur cap tamarin Le barachois Tamarin MU, 90901",+230 5830 7212,https://grubmates.io/locations/tamarinblackriver/lapas.php,"-20,3279099","57,3849989",https://maps.google.com/?cid=1058808513504543427&g_mp=Cidnb29nbGUubWFwcy5wbGFjZXMudjEuUGxhY2VzLlNlYXJjaFRleHQQAhgEIAA,12/07/2026,,ChIJCQaJ3FRDfCERwwKZtLuksQ4
Portofino's Pizza,food,livraisons,"M9CP+M2W, Tamarin",+230 484 2298,https://www.facebook.com/PortofinosPizzaMauritius/,"-20,3282676","57,3850715",https://maps.google.com/?cid=9689220238346488379&g_mp=Cidnb29nbGUubWFwcy5wbGFjZXMudjEuUGxhY2VzLlNlYXJjaFRleHQQAhgEIAA,12/07/2026,,ChIJMU7iUbtDfCEROwormXgGd4Y
Da Vinci's,food,livraisons,"Castel Da Vinci's Phoenix MU, Vacoas-Phœnix 73501",+230 5443 3435,http://www.davincismu.com/,"-20,2963671","57,5130354",https://maps.google.com/?cid=16840589014159207612&g_mp=Cidnb29nbGUubWFwcy5wbGFjZXMudjEuUGxhY2VzLlNlYXJjaFRleHQQAhgEIAA,12/07/2026,,ChIJV530EXxcfCERvCxOrXvKtek
Jiro Sushi Tamarin,food,livraisons,"Av. des Jacarandas, Tamarin",+230 5883 1778,https://www.facebook.com/jirosushi.mu,"-20,3349154","57,3711399",https://maps.google.com/?cid=5130785543434945682&g_mp=Cidnb29nbGUubWFwcy5wbGFjZXMudjEuUGxhY2VzLlNlYXJjaFRleHQQAhgEIAA,12/07/2026,,ChIJq-PYLQBBfCERkkQmh0Q2NEc
McDonald's,food,livraisons,"Coeur Cap Tamarin, Le Barachois, 1909-08, Tamarin",+230 642 5437,https://www.mcdonalds.mu/,"-20,3291393","57,3845219",https://maps.google.com/?cid=18049776638968031063&g_mp=Cidnb29nbGUubWFwcy5wbGFjZXMudjEuUGxhY2VzLlNlYXJjaFRleHQQAhgEIAA,12/07/2026,,ChIJpVl0MmhDfCERV2fVqDiwffo
Albatrosses sushi,food,livraisons,"Coastal Rd, Flic en Flac",+230 5501 3951,,"-20,2767908","57,3697485",https://maps.google.com/?cid=3002691835478229542&g_mp=Cidnb29nbGUubWFwcy5wbGFjZXMudjEuUGxhY2VzLlNlYXJjaFRleHQQAhgEIAA,12/07/2026,,ChIJ-0U20V9BfCERJkKlv1C0qyk
ALY FAST FOOD (BY GLORIA),food,livraisons,"QF99+5H5, Beau Bassin-Rose Hill",+230 5786 0096,,"-20,2321012","57,4689748",https://maps.google.com/?cid=1093607164495342399&g_mp=Cidnb29nbGUubWFwcy5wbGFjZXMudjEuUGxhY2VzLlNlYXJjaFRleHQQAhgEIAA,12/07/2026,,ChIJfwSVBQBbfCERPyuRA-xFLQ8
Ti Kabann,food,livraisons,"Royal Road (Near bridge, RHWF+V9F, Long Mountain",+230 5929 6258,,"-20,1528121","57,5734155",https://maps.google.com/?cid=498883925340967338&g_mp=Cidnb29nbGUubWFwcy5wbGFjZXMudjEuUGxhY2VzLlNlYXJjaFRleHQQAhgEIAA,12/07/2026,,ChIJj6ySS05XfCERqtEZcklk7AY
Tiffin Cuisine Créole,food,livraisons,"Route Côtière Rivière Noire MU, Rivière Noire 90608",+230 5760 6262,,"-20,354275","57,3620494",https://maps.google.com/?cid=1785933868696569048&g_mp=Cidnb29nbGUubWFwcy5wbGFjZXMudjEuUGxhY2VzLlNlYXJjaFRleHQQAhgEIAA,12/07/2026,,ChIJnQe9nURrfCER2IT_K2TpyBg
Espace Maison Cap Tamarin,food,livraisons,"La place Cap, Tamarin",+230 460 8585,http://www.espacemaison.mu/,"-20,3274859","57,3844659",https://maps.google.com/?cid=858698793522989996&g_mp=Cidnb29nbGUubWFwcy5wbGFjZXMudjEuUGxhY2VzLlNlYXJjaFRleHQQAhgEIAA,12/07/2026,,ChIJY5O07hdCfCERrIv-zAC26gs
Tariq,food,livraisons,"XH44+475, Triolet",+230 5798 7532,https://www.facebook.com/tariqsnack/,"-20,0447446","57,5557238",https://maps.google.com/?cid=15447071223203721913&g_mp=Cidnb29nbGUubWFwcy5wbGFjZXMudjEuUGxhY2VzLlNlYXJjaFRleHQQAhgEIAA,12/07/2026,,ChIJcy3aAqpUfCERuXI3d28FX9Y
Happy Rajah,food,livraisons,"Phoenix Mall, Vacoas-Phoenix",+230 427 1400,https://happyrajah.com/,"-20,2782762","57,4949942",https://maps.google.com/?cid=5535157609193730321&g_mp=Cidnb29nbGUubWFwcy5wbGFjZXMudjEuUGxhY2VzLlNlYXJjaFRleHQQAhgEIAA,12/07/2026,,ChIJs9xD4mRbfCEREfHK34TU0Ew
Vrndavana's Pani Puri,food,livraisons,"로열 로드, MF4V+Q8W, B64, Vacoas-Phoenix",+230 5905 0448,,"-20,3430031","57,4933355",https://maps.google.com/?cid=11234419106894716019&g_mp=Cidnb29nbGUubWFwcy5wbGFjZXMudjEuUGxhY2VzLlNlYXJjaFRleHQQAhgEIAA,12/07/2026,,ChIJ0XPllDhdfCERcxxSvKes6Js
Bois Noir Café,food,livraisons,"Next to ABSa ATM, Flamingo Road, Flic en Flac",+230 5918 9278,,"-20,2793331","57,3687743",https://maps.google.com/?cid=8916082922235604130&g_mp=Cidnb29nbGUubWFwcy5wbGFjZXMudjEuUGxhY2VzLlNlYXJjaFRleHQQAhgEIAA,12/07/2026,,ChIJAUP4yHVBfCERoqzHpy1KvHs
CH TI delice pâtisserie BOULANGERIE,food,boulangeries,"25 Coastal Rd, Flic en Flac",+230 5824 8275,https://grubmates.io/locations/flicenflac/chtidelice.php,"-20,2762145","57,3725327",https://maps.google.com/?cid=6588341540522876297&g_mp=Cidnb29nbGUubWFwcy5wbGFjZXMudjEuUGxhY2VzLlNlYXJjaFRleHQQAhgEIAA,12/07/2026,,ChIJW_mEfHFDfCERid3Qfbl9bls
La Kaz à Pain,food,boulangeries,"Royal road, P999+VFM, Coastal Rd, Flic en Flac",+230 483 1747,https://grubmates.io/locations/flicenflac/lakazapain.php,"-20,2802794","57,3686832",https://maps.google.com/?cid=1008023383484912332&g_mp=Cidnb29nbGUubWFwcy5wbGFjZXMudjEuUGxhY2VzLlNlYXJjaFRleHQQAhgEIAA,12/07/2026,,ChIJXwM3t3VBfCERzNLnMe03_Q0
CLINIQUE DE L'OCCIDENT,utiles,cliniques-privees,"Coastal Rd, Flic en Flac",+230 453 5858,http://www.cliniquedunord.mu/,"-20,2765842","57,3698831",https://maps.google.com/?cid=15467680427686280997&g_mp=Cidnb29nbGUubWFwcy5wbGFjZXMudjEuUGxhY2VzLlNlYXJjaFRleHQQAhgEIAA,12/07/2026,,ChIJ2zVk5mZBfCERJb-Az2U9qNY
Life Medical Clinic Tamarin,utiles,cliniques-privees,"Cap Tamarin, La Mivoie Royal Road, Tamarin",+230 460 1900,https://www.lifetogether.mu/,"-20,3321177","57,3849479",https://maps.google.com/?cid=14443914945326874226&g_mp=Cidnb29nbGUubWFwcy5wbGFjZXMudjEuUGxhY2VzLlNlYXJjaFRleHQQAhgEIAA,12/07/2026,,ChIJ528h5MhDfCERcv4pmh0Yc8g
C-Care Tamarin,utiles,cliniques-privees,"La Mivoie, Royal Road, Tamarin",+230 484 0600,https://c-care.com/mu/business_unit/c-care-tamarin/,"-20,3479192","57,364549",https://maps.google.com/?cid=38915791314725830&g_mp=Cidnb29nbGUubWFwcy5wbGFjZXMudjEuUGxhY2VzLlNlYXJjaFRleHQQAhgEIAA,12/07/2026,,ChIJDd7Ii6dDfCERxqt3vbRBigA
Flic En Flac Community Health Centre,utiles,cliniques-privees,"P9F9+FH2, Flic en Flac",+230 453 8252,,"-20,2763542","57,3689018",https://maps.google.com/?cid=3186064791827210022&g_mp=Cidnb29nbGUubWFwcy5wbGFjZXMudjEuUGxhY2VzLlNlYXJjaFRleHQQAhgEIAA,12/07/2026,,ChIJFaQDz15BfCERJl89NAwtNyw
Clinique du Nord,utiles,cliniques-privees,"Baie Du Tombeau Rd, Port Louis",+230 247 2532,http://www.cliniquedunord.mu/,"-20,1305648","57,4971857",https://maps.google.com/?cid=4682640085161185915&g_mp=Cidnb29nbGUubWFwcy5wbGFjZXMudjEuUGxhY2VzLlNlYXJjaFRleHQQAhgEIAA,12/07/2026,,ChIJd0rCm5pRfCERe5IJB1kU_EA
Félix Macé physiotherapist,utiles,cliniques-privees,"Cap tamarin, Tamarin",+230 5455 7539,,"-20,3294434","57,380485",https://maps.google.com/?cid=8320469028881964628&g_mp=Cidnb29nbGUubWFwcy5wbGFjZXMudjEuUGxhY2VzLlNlYXJjaFRleHQQAhgEIAA,12/07/2026,,ChIJb27XT_BDfCERVB4mf38-eHM
Life | Viva,utiles,cliniques-privees,"MU, M99M+CVP Cap Tamarin, Tamarin 90900",+230 460 1901,https://viva-life.mu/,"-20,3314038","57,3846886",https://maps.google.com/?cid=50655866506794098&g_mp=Cidnb29nbGUubWFwcy5wbGFjZXMudjEuUGxhY2VzLlNlYXJjaFRleHQQAhgEIAA,12/07/2026,,ChIJX2KvO_RDfCERclTtAD73swA
Medical Services in Flic en Flac,utiles,cliniques-privees,"MU, Pasadena Complex, Flic en Flac 90502",+230 5754 8135,https://www.thewestdoctors.mu/,"-20,2790586","57,3684326",https://maps.google.com/?cid=10369363403933545405&g_mp=Cidnb29nbGUubWFwcy5wbGFjZXMudjEuUGxhY2VzLlNlYXJjaFRleHQQAhgEIAA,12/07/2026,,ChIJM5CYFQVBfCERvfNknhNh548
Polyclinique De L' Quest,utiles,cliniques-privees,"Avenue Des Cardinaux, Flic en Flac",+230 453 9240,,"-20,2780928","57,3721823",https://maps.google.com/?cid=4925190583532085758&g_mp=Cidnb29nbGUubWFwcy5wbGFjZXMudjEuUGxhY2VzLlNlYXJjaFRleHQQAhgEIAA,12/07/2026,,ChIJrWA3YF9BfCER_mGHrr3KWUQ
Police Station Flic en Flac,utiles,postes-police,"P9C9+F44, Coastal Rd, Flic en Flac",+230 453 9916,http://police.govmu.org/,"-20,2788639","57,3678168",https://maps.google.com/?cid=743788786322345993&g_mp=Cidnb29nbGUubWFwcy5wbGFjZXMudjEuUGxhY2VzLlNlYXJjaFRleHQQAhgEIAA,12/07/2026,,ChIJFaA1ZF5BfCERCZCp3PV3Ugo
MUA Drive-Thru Claims Rivière Noire,utiles,assurances,"Royal Road, Tamarin",+230 483 4900,https://www.mua.mu/,"-20,3522822","57,3648589",https://maps.google.com/?cid=8280323821120094430&g_mp=Cidnb29nbGUubWFwcy5wbGFjZXMudjEuUGxhY2VzLlNlYXJjaFRleHQQAhgEIAA,12/07/2026,,ChIJuVaUI4lrfCER3oAR76Se6XI
MUA branch,utiles,assurances,"Royal Road, Tamarin",+230 483 4900,,"-20,3522931","57,3648564",https://maps.google.com/?cid=12257648871572052779&g_mp=Cidnb29nbGUubWFwcy5wbGFjZXMudjEuUGxhY2VzLlNlYXJjaFRleHQQAhgEIAA,12/07/2026,,ChIJV6DrnGJrfCERKxuFc7TqG6o
Island Life Assurance Co. Ltd,utiles,assurances,"Corner Léoville L'Homme, &, Sir William Newton St, Port Louis",+230 217 6900,http://www.ila.mu/,"-20,1624164","57,5038798",https://maps.google.com/?cid=303753967376402111&g_mp=Cidnb29nbGUubWFwcy5wbGFjZXMudjEuUGxhY2VzLlNlYXJjaFRleHQQAhgEIAA,12/07/2026,,ChIJb9A88PBRfCERvwaWvJ8mNwQ
SWAN Ebène,utiles,assurances,"Rue Du Conseil Municipal MU, Lot E41, Quatre Bornes 72201",+230 207 9090,https://www.swanforlife.com/en,"-20,2431561","57,4879926",https://maps.google.com/?cid=16545664193081144858&g_mp=Cidnb29nbGUubWFwcy5wbGFjZXMudjEuUGxhY2VzLlNlYXJjaFRleHQQAhgEIAA,12/07/2026,,ChIJtUXeLB5bfCERGnaAwesBnuU
MCB Rivière noire,utiles,banques,"MU, Ruisseau Créole, Coastal Rd, Riviere Noire 90625",+230 202 6060,https://www.mcb.mu/en/,"-20,3581967","57,3687558",https://maps.google.com/?cid=9718191547971453142&g_mp=Cidnb29nbGUubWFwcy5wbGFjZXMudjEuUGxhY2VzLlNlYXJjaFRleHQQAhgEIAA,12/07/2026,,ChIJiV2JTxxqfCER1sAKRLnz3YY
Absa Bank Premier Lounge Black River,utiles,banques,"Ruisseau Créole, La Mivoie, Rivière Noire",,http://www.absabank.mu/,"-20,3579408","57,3681828",https://maps.google.com/?cid=2868748804542222169&g_mp=Cidnb29nbGUubWFwcy5wbGFjZXMudjEuUGxhY2VzLlNlYXJjaFRleHQQAhgEIAA,12/07/2026,,ChIJVQXFpltrfCERWc-QpNbXzyc
BCP Bank (Mauritius),utiles,banques,"La Promenade, Telfair, Saint Pierre, Moka 80829",+230 207 1000,https://www.bcpbank.mu/,"-20,2308739","57,5091667",https://maps.google.com/?cid=10605068761647155008&g_mp=Cidnb29nbGUubWFwcy5wbGFjZXMudjEuUGxhY2VzLlNlYXJjaFRleHQQAhgEIAA,12/07/2026,,ChIJBZS5OONafCERQAeSxNnFLJM
MCB,utiles,banques,"J9W8+G44, Rivière Noire 90601",,https://www.mcb.mu/,"-20,3537318","57,3653312",https://maps.google.com/?cid=11150633252394397620&g_mp=Cidnb29nbGUubWFwcy5wbGFjZXMudjEuUGxhY2VzLlNlYXJjaFRleHQQAhgEIAA,12/07/2026,,ChIJnX1btgRqfCERtG-gTd0Bv5o
Mauritius Commercial Bank ATM,utiles,banques,Cascavelle,,,"-20,279238","57,4024376",https://maps.google.com/?cid=11975861220726180033&g_mp=Cidnb29nbGUubWFwcy5wbGFjZXMudjEuUGxhY2VzLlNlYXJjaFRleHQQAhgEIAA,12/07/2026,,ChIJSYBk1JFDfCERwYjCVFTOMqY
Depanaze Mauritius - List your Business & Get Visibility,utiles,depannages,Port Louis,+230 5748 9945,https://depanaze.com/,"-20,1733376","57,4500791",https://maps.google.com/?cid=2619416739539915652&g_mp=Cidnb29nbGUubWFwcy5wbGFjZXMudjEuUGxhY2VzLlNlYXJjaFRleHQQAhgEIAA,12/07/2026,,ChIJwRJLxQJRfCERhBP9dqUJWiQ
Mascareignes Energy,utiles,depannages,"River Palm Building 2nd Floor La Mivoie Tamarin MU, Tamarin 90607",+230 484 1542,http://www.mascareignesenergy.com/?utm_medium=referral&utm_source=gmb&utm_campaign=lnk-gmb,"-20,3374591","57,3747829",https://maps.google.com/?cid=9530371910583725632&g_mp=Cidnb29nbGUubWFwcy5wbGFjZXMudjEuUGxhY2VzLlNlYXJjaFRleHQQAhgEIAA,12/07/2026,,ChIJcW8qGc1rfCERQC60M8KuQoQ
VR plumbing services,utiles,depannages,"Nabee Lane, Vacoas-Phœnix",+230 5708 6484,,"-20,2950083","57,5181551",https://maps.google.com/?cid=4346097500604092096&g_mp=Cidnb29nbGUubWFwcy5wbGFjZXMudjEuUGxhY2VzLlNlYXJjaFRleHQQAhgEIAA,12/07/2026,,ChIJm73i9HJdfCERwE64cqZwUDw
Akash Electrician and Plumber,utiles,depannages,"Avenue belle eaux La source lane Albion Black River MU, Albion 91001",+230 5885 9945,,"-20,2066674","57,419746",https://maps.google.com/?cid=5479933733714974988&g_mp=Cidnb29nbGUubWFwcy5wbGFjZXMudjEuUGxhY2VzLlNlYXJjaFRleHQQAhgEIAA,12/07/2026,,ChIJefj6DbRFfCERDNnCZrKiDEw
Mr. TAXI... (Suraj flic en flac),utiles,taxis,"MU, Coastal Rd, Flic en Flac 90521",+230 5983 3524,,"-20,3025522","57,3663091",https://maps.google.com/?cid=8203111997557579207&g_mp=Cidnb29nbGUubWFwcy5wbGFjZXMudjEuUGxhY2VzLlNlYXJjaFRleHQQAhgEIAA,12/07/2026,,ChIJXY9dVIJBfCERxx0qW-ZO13E
Mauritius Taxi Hub,utiles,taxis,"MU, Flic en Flac 73242",+230 5738 3693,https://mauritiustaxihub.com/index.html,"-20,2827654","57,3667997",https://maps.google.com/?cid=13117894278213167474&g_mp=Cidnb29nbGUubWFwcy5wbGFjZXMudjEuUGxhY2VzLlNlYXJjaFRleHQQAhgEIAA,12/07/2026,,ChIJk4oqoPhDfCERcmkGLlgfDLY
TOP TAXI SERVICE MAURITIUS,utiles,taxis,"TAMARIN, Tamarin",+230 5708 3916,http://www.toptaximauritius.com/,"-20,3295409","57,3779045",https://maps.google.com/?cid=520881832601520094&g_mp=Cidnb29nbGUubWFwcy5wbGFjZXMudjEuUGxhY2VzLlNlYXJjaFRleHQQAhgEIAA,12/07/2026,,ChIJ7cPiQzBpfCER3gcrWkSLOgc
K2907 Taxi Mauritius,utiles,taxis,"MU, Coastal Rd, Flic en Flac 90507",+230 5947 0720,,"-20,2912614","57,3637215",https://maps.google.com/?cid=418276677848445300&g_mp=Cidnb29nbGUubWFwcy5wbGFjZXMudjEuUGxhY2VzLlNlYXJjaFRleHQQAhgEIAA,12/07/2026,,ChIJcwSdKp1BfCERdLH8IGwEzgU
Paco Taxi Mauritius,utiles,taxis,"Cascavelle Shopping Mall Coastal Road Cascavelle MU, Flic en Flac 90203",,,"-20,2788882","57,4035975",https://maps.google.com/?cid=16053802249251536765&g_mp=Cidnb29nbGUubWFwcy5wbGFjZXMudjEuUGxhY2VzLlNlYXJjaFRleHQQAhgEIAA,12/07/2026,,ChIJwQke5GFDfCERfT8ByRaQyt4
Ramess Taxi Services,utiles,taxis,"Avenue des Limites Bambous MU, Flic en Flac 90102",+230 5788 0281,,"-20,2786103","57,4032722",https://maps.google.com/?cid=16685501635958420390&g_mp=Cidnb29nbGUubWFwcy5wbGFjZXMudjEuUGxhY2VzLlNlYXJjaFRleHQQAhgEIAA,12/07/2026,,ChIJG1Y8TARDfCERpjOAllXPjuc
vixvipservices taxi and tours service,utiles,taxis,"Royal road, Flic en Flac",+230 5791 7917,,"-20,2756161","57,3729359",https://maps.google.com/?cid=15518894623450140460&g_mp=Cidnb29nbGUubWFwcy5wbGFjZXMudjEuUGxhY2VzLlNlYXJjaFRleHQQAhgEIAA,12/07/2026,,ChIJtTfTFPlBfCERLA93-W8wXtc
Taxi service Tamarin 24/7,utiles,taxis,"M9CG+MX3, Tamarin",+230 5796 0150,,"-20,3283563","57,3774112",https://maps.google.com/?cid=13520993551503942200&g_mp=Cidnb29nbGUubWFwcy5wbGFjZXMudjEuUGxhY2VzLlNlYXJjaFRleHQQAhgEIAA,12/07/2026,,ChIJ5dZWOrlDfCEROGK9b_83pLs
MAURITIUS ISLAND LOCAL TAXI,utiles,taxis,"Coastal Rd, Flic en Flac",+230 5516 1010,https://mauritiusislandtaxi.com/,"-20,2981944","57,3656219",https://maps.google.com/?cid=16700858828278257800&g_mp=Cidnb29nbGUubWFwcy5wbGFjZXMudjEuUGxhY2VzLlNlYXJjaFRleHQQAhgEIAA,12/07/2026,,ChIJ-bhgY2NBfCERiNh4j55exec
Mauvoyage ( taxi services mautitius),utiles,taxis,"Anthurium Ln, Tamarin",+230 5984 6201,,"-20,3272089","57,3775543",https://maps.google.com/?cid=14982183660165307123&g_mp=Cidnb29nbGUubWFwcy5wbGFjZXMudjEuUGxhY2VzLlNlYXJjaFRleHQQAhgEIAA,12/07/2026,,ChIJ2VMWSnhDfCER85rQ76ho688
Taxi service sugar beach [Rughoo],utiles,taxis,"Flic en flac MU, Wolmar Villa Rd, Black River 90501",+230 5422 1370,,"-20,302797","57,3660833",https://maps.google.com/?cid=15586827329522425313&g_mp=Cidnb29nbGUubWFwcy5wbGFjZXMudjEuUGxhY2VzLlNlYXJjaFRleHQQAhgEIAA,12/07/2026,,ChIJKWz5s6FBfCER4d2Ip9-IT9g
Jeeten taxi service Mauritius ( 6seats ),utiles,taxis,"M9CG+PX6, Tamarin",+230 5767 9935,,"-20,3282151","57,3773829",https://maps.google.com/?cid=5691165749323043458&g_mp=Cidnb29nbGUubWFwcy5wbGFjZXMudjEuUGxhY2VzLlNlYXJjaFRleHQQAhgEIAA,12/07/2026,,ChIJfwLFap9DfCERghJFjhgV-04
Airport Transfer 24/7 Mauritius - Ile Maurice (Taxi Services),utiles,taxis,"Flamingos Avenue, Flic en Flac",+230 5756 7324,http://www.premiermauritiusholidays.com/,"-20,2796591","57,3685107",https://maps.google.com/?cid=8279872983297902895&g_mp=Cidnb29nbGUubWFwcy5wbGFjZXMudjEuUGxhY2VzLlNlYXJjaFRleHQQAhgEIAA,12/07/2026,,ChIJP5SKOF5BfCERL0nTEpwE6HI
TOP TAXI TAMARIN 24/7 LEGAL,utiles,taxis,"Avenue Bougainvilliers, Tamarin",+230 5250 6485,,"-20,3293827","57,3749367",https://maps.google.com/?cid=17532863567549205953&g_mp=Cidnb29nbGUubWFwcy5wbGFjZXMudjEuUGxhY2VzLlNlYXJjaFRleHQQAhgEIAA,12/07/2026,,ChIJcb0lEvdDfCERwY0oh4U-UfM
OZ'er Être,coaching,sports-bien-etre,"MU, Allée des Flamboyants, Tamarin 90910",+230 5428 5179,https://www.ozeretre.com/,"-20,3413899","57,3702235",https://maps.google.com/?cid=16465415521334874885&g_mp=Cidnb29nbGUubWFwcy5wbGFjZXMudjEuUGxhY2VzLlNlYXJjaFRleHQQAhgEIAA,12/07/2026,,ChIJHdtt_JBBfCERBVNe3C3ogOQ
RM TAMARIN,coaching,sports-bien-etre,"MU, CapTamarin, Tamarin 90901",+230 650 9600,https://www.rmclub.mu/,"-20,3312262","57,3852083",https://maps.google.com/?cid=16368735762742919692&g_mp=Cidnb29nbGUubWFwcy5wbGFjZXMudjEuUGxhY2VzLlNlYXJjaFRleHQQAhgEIAA,12/07/2026,,ChIJJ3-BwH9DfCERDEKGcHNuKeM
CrossFit Tamarin,coaching,sports-bien-etre,Grande Riviere Noire,+230 5922 1566,http://www.crossfittamarin.com/,"-20,3689407","57,3838141",https://maps.google.com/?cid=2356140158786600721&g_mp=Cidnb29nbGUubWFwcy5wbGFjZXMudjEuUGxhY2VzLlNlYXJjaFRleHQQAhgEIAA,12/07/2026,,ChIJibVZp5ZpfCEREf-Btf2wsiA
Ayur Wellness - Ayurveda Spa & Yoga Centre,coaching,sports-bien-etre,"MU, Avenue Leslie, Flic en Flac 99506",+230 5917 4671,,"-20,2753713","57,3714869",https://maps.google.com/?cid=3051051192067278425&g_mp=Cidnb29nbGUubWFwcy5wbGFjZXMudjEuUGxhY2VzLlNlYXJjaFRleHQQAhgEIAA,12/07/2026,,ChIJl7ZZjZBDfCERWcaz3uSCVyo
FitLife Gym - Black River,coaching,sports-bien-etre,"FitLife Gym MU, Vanilla Connect, Black River 90607",+230 5937 4702,http://www.fitlife.mu/,"-20,3691533","57,3793977",https://maps.google.com/?cid=4336983058048267562&g_mp=Cidnb29nbGUubWFwcy5wbGFjZXMudjEuUGxhY2VzLlNlYXJjaFRleHQQAhgEIAA,12/07/2026,,ChIJ_8OLRFJpfCERKrXa6xwPMDw
Riverland Mauritius,coaching,sports-bien-etre,"Les Barachois Estate A3 Tamarin MU, Les Barachoir Estate A3, Tamarin 90901",+230 483 4956,https://www.riverland-mauritius.mu/,"-20,3299711","57,3804099",https://maps.google.com/?cid=6684526108168016227&g_mp=Cidnb29nbGUubWFwcy5wbGFjZXMudjEuUGxhY2VzLlNlYXJjaFRleHQQAhgEIAA,12/07/2026,,ChIJ3yRydBlCfCERY9EtSRQ1xFw
Clubhouse - Padel,coaching,sports-bien-etre,"Vanilla Connect, Black River",+230 5494 1771,https://clubhouse.mu/,"-20,369102","57,3794156",https://maps.google.com/?cid=17724039288815708736&g_mp=Cidnb29nbGUubWFwcy5wbGFjZXMudjEuUGxhY2VzLlNlYXJjaFRleHQQAhgEIAA,12/07/2026,,ChIJtzN8VzNpfCERQGrtwtNv-PU
Institut Patrice Avrillon,coaching,sports-bien-etre,"Avenue des Marlins, Tamarin",+230 5909 2907,https://m.facebook.com/Institut-Patrice-Avrillon-235725389883032/?locale2=fr_FR,"-20,3385015","57,372886",https://maps.google.com/?cid=4023521065652495005&g_mp=Cidnb29nbGUubWFwcy5wbGFjZXMudjEuUGxhY2VzLlNlYXJjaFRleHQQAhgEIAA,12/07/2026,,ChIJHxPWL09DfCERnaKEeBdr1jc
Tennis Passion,coaching,sports-bien-etre,"Les Barachoir Estate A3, Tamarin",,,"-20,3301704","57,3803379",https://maps.google.com/?cid=12782853845791277307&g_mp=Cidnb29nbGUubWFwcy5wbGFjZXMudjEuUGxhY2VzLlNlYXJjaFRleHQQAhgEIAA,12/07/2026,,ChIJTTn3YwBDfCER-wAgptjRZbE
HQ BOXING HEADQUARTER,coaching,sports-bien-etre,"MU, Link road bassin, bassin, Quatre Bornes 72249",+230 5456 1147,https://www.rudysportsfirm.com/,"-20,289872","57,4624587",https://maps.google.com/?cid=2405212903346077347&g_mp=Cidnb29nbGUubWFwcy5wbGFjZXMudjEuUGxhY2VzLlNlYXJjaFRleHQQAhgEIAA,12/07/2026,,ChIJJxpARtNDfCERo_4gaWQIYSE
CrossFit Bambous,coaching,sports-bien-etre,"MU, Geoffroy Road, Bambous 90104",+230 5922 1566,http://www.crossfittamarin.com/crossfitbambous,"-20,2710646","57,4191377",https://maps.google.com/?cid=13091827370773106796&g_mp=Cidnb29nbGUubWFwcy5wbGFjZXMudjEuUGxhY2VzLlNlYXJjaFRleHQQAhgEIAA,12/07/2026,,ChIJm8JBIqpDfCERbNCqV6GDr7U
Nicolas Tible · Coaching & Hypnose intégrative,coaching,business,"LE MANA, E4 (Studio 5 MU, & en ligne, Rivière Noire 00000",+230 5503 0244,https://www.nicolastible.fr/,"-20,3520659","57,3636624",https://maps.google.com/?cid=8659404533815057728&g_mp=Cidnb29nbGUubWFwcy5wbGFjZXMudjEuUGxhY2VzLlNlYXJjaFRleHQQAhgEIAA,12/07/2026,,ChIJ-3wPV85rfCERQB10RItiLHg
"ORIENT'U - Orientation scolaire et professionnelle, Ile Maurice",coaching,business,"Orient'U at SPARC Medical Centre, Coastal Road Cascavelle MU, Flic en Flac 90203",+230 5250 2323,https://www.orient-u.com/,"-20,2767003","57,3962572",https://maps.google.com/?cid=15824803977726793872&g_mp=Cidnb29nbGUubWFwcy5wbGFjZXMudjEuUGxhY2VzLlNlYXJjaFRleHQQAhgEIAA,12/07/2026,,ChIJSyppd6lbfCERkBiY1F__nNs
Open House,seconde-main,equipement-maison,"La Mivoie Royal Road, Black River",+230 5251 6184,,"-20,3517018","57,3648242",https://maps.google.com/?cid=16431386705393748912&g_mp=Cidnb29nbGUubWFwcy5wbGFjZXMudjEuUGxhY2VzLlNlYXJjaFRleHQQAhgEIAA,12/07/2026,,ChIJ05RRxcxDfCERsAsSviYDCOQ
Dépôt-Vente du Bois-Noir,seconde-main,equipement-maison,"Route Cantonale 8, 1890 Saint-Maurice, Suisse",+41 24 485 37 17,,"46,1893804","7,0260097",https://maps.google.com/?cid=16434724671070025463&g_mp=Cidnb29nbGUubWFwcy5wbGFjZXMudjEuUGxhY2VzLlNlYXJjaFRleHQQAhgEIAA,12/07/2026,,ChIJl8igJQm5jkcR9zZ6cAPfE-Q
Charity Center,seconde-main,equipement-maison,"Avenue des Vacoas, Tamarin 90601",,https://m.facebook.com/Charitycentretamarin/,"-20,3325173","57,3691648",https://maps.google.com/?cid=13606517541430852877&g_mp=Cidnb29nbGUubWFwcy5wbGFjZXMudjEuUGxhY2VzLlNlYXJjaFRleHQQAhgEIAA,12/07/2026,,ChIJjyeMvB9BfCERDX0bD50P1Lw
By The Way Ltd - Cars for sale,seconde-main,voitures-2-roues,"MU, Cascavelle Business Park, Flic en Flac 99999",+230 5251 4331,https://bytheway.mu/,"-20,2755788","57,4047928",https://maps.google.com/?cid=6850142172078911512&g_mp=Cidnb29nbGUubWFwcy5wbGFjZXMudjEuUGxhY2VzLlNlYXJjaFRleHQQAhgEIAA,12/07/2026,,ChIJ__d-31lDfCERGLCvCwOYEF8
Basement Bargains,seconde-main,habits-adultes,"MU, Wise River Complex, Royal Road, Tamarin 90624",+230 5831 3974,,"-20,3450666","57,3643529",https://maps.google.com/?cid=16600829368767327316&g_mp=Cidnb29nbGUubWFwcy5wbGFjZXMudjEuUGxhY2VzLlNlYXJjaFRleHQQAhgEIAA,12/07/2026,,ChIJYyw-m19rfCERVKw_Hlv-YeY
La p'tite Parisienne,seconde-main,habits-adultes,"royale road, Tamarin",,,"-20,3377911","57,3750805",https://maps.google.com/?cid=14794938185644605531&g_mp=Cidnb29nbGUubWFwcy5wbGFjZXMudjEuUGxhY2VzLlNlYXJjaFRleHQQAhgEIAA,12/07/2026,,ChIJg0z77z9DfCERW4A1leQtUs0
BaZ Zero GaspiyaZ,seconde-main,habits-adultes,"QF5G+6FQ Victoria urban terminal, Port Louis",+230 5800 7050,,"-20,1632497","57,4972907",https://maps.google.com/?cid=17835272965726261137&g_mp=Cidnb29nbGUubWFwcy5wbGFjZXMudjEuUGxhY2VzLlNlYXJjaFRleHQQAhgEIAA,12/07/2026,,ChIJ_WoikwdbfCERkc89WkSeg_c
The Luxury Closet Mauritius,seconde-main,habits-adultes,"Pope Hennessy, Curepipe",+230 5971 3323,,"-20,3172424","57,5214767",https://maps.google.com/?cid=678347644908783388&g_mp=Cidnb29nbGUubWFwcy5wbGFjZXMudjEuUGxhY2VzLlNlYXJjaFRleHQQAhgEIAA,12/07/2026,,ChIJzXo61_NdfCERHMcCyZb5aQk
Double Life - Pointe aux Canonniers,seconde-main,habits-adultes,"MU, ground floor, Palm Springs Complex, Grand Baie 30551",+230 5715 4585,,"-20,0091691","57,5605749",https://maps.google.com/?cid=16528939875137687156&g_mp=Cidnb29nbGUubWFwcy5wbGFjZXMudjEuUGxhY2VzLlNlYXJjaFRleHQQAhgEIAA,12/07/2026,,ChIJfV-761urfSERdA5fCz6XYuU
Marhaba Boutique,seconde-main,habits-adultes,"MU, 24 karikal street, Port Louis 97117",+230 5816 0198,,"-20,1577092","57,5161865",https://maps.google.com/?cid=10662422939534724880&g_mp=Cidnb29nbGUubWFwcy5wbGFjZXMudjEuUGxhY2VzLlNlYXJjaFRleHQQAhgEIAA,12/07/2026,,ChIJ781CcKhRfCEREI_x6yuJ-JM
Meem,seconde-main,habits-enfants,"PCC2+7X7, Flic en Flac",+230 452 9090,,"-20,2793285","57,402429",https://maps.google.com/?cid=2178311735096716490&g_mp=Cidnb29nbGUubWFwcy5wbGFjZXMudjEuUGxhY2VzLlNlYXJjaFRleHQQAhgEIAA,12/07/2026,,ChIJXeG8uZFDfCERyiyBXPvqOh4
Paradis Golf Club,activites,golf,"Le Morne Peninsula, H87C+6HX, Le Morne",,https://www.beachcomber-hotels.com/en/hotel/paradis-beachcomber#golf,"-20,4368873","57,3214966",https://maps.google.com/?cid=14015707046324301900&g_mp=Cidnb29nbGUubWFwcy5wbGFjZXMudjEuUGxhY2VzLlNlYXJjaFRleHQQAhgEIAA,12/07/2026,,ChIJNamNFQBtfCERTHAZ3EzLgcI
Paradis Beachcomber Golf Resort & Spa,activites,golf,"Le Morne Peninsula, Le Morne",+230 401 5050,https://www.beachcomber-hotels.com/en/hotel/paradis-beachcomber,"-20,4368993","57,3206034",https://maps.google.com/?cid=11560982444590819122&g_mp=Cidnb29nbGUubWFwcy5wbGFjZXMudjEuUGxhY2VzLlNlYXJjaFRleHQQAhgEIAA,12/07/2026,,ChIJn_twYYtsfCERMudc2EfccKA
Heritage Golf Club - Le Chateau,activites,golf,"Coastal Road, FCW3+FQ, Bel Ombre 61002",+230 623 5600,https://heritagegolfclub.mu/,"-20,503102","57,407967",https://maps.google.com/?cid=3415674975742183791&g_mp=Cidnb29nbGUubWFwcy5wbGFjZXMudjEuUGxhY2VzLlNlYXJjaFRleHQQAhgEIAA,12/07/2026,,ChIJfX8mPxVufCERb8lNHUvqZi8
Dinarobin Beachcomber Golf Resort & Spa,activites,golf,"Le Morne Peninsula, Case Noyale 91202",+230 401 4900,https://www.beachcomber-hotels.com/en/hotel/dinarobin-beachcomber,"-20,4491054","57,3150828",https://maps.google.com/?cid=6862853432857355115&g_mp=Cidnb29nbGUubWFwcy5wbGFjZXMudjEuUGxhY2VzLlNlYXJjaFRleHQQAhgEIAA,12/07/2026,,ChIJPfl_RuVsfCERa2MIE9bAPV8
Wapalapam Island Eatery,activites,golf,"Centre Commercial de L'Harmonie, Le Morne Brabant 91202",+230 450 5087,http://wapalapam.com/,"-20,4433038","57,3223417",https://maps.google.com/?cid=1033839942510263079&g_mp=Cidnb29nbGUubWFwcy5wbGFjZXMudjEuUGxhY2VzLlNlYXJjaFRleHQQAhgEIAA,12/07/2026,,ChIJI9AWb_RsfCERJzvvP_PvWA4
Lakaz Chamarel Exclusive Lodge,activites,golf,Chamarel,+230 483 4240,https://www.lakazchamarel.com/,"-20,4267644","57,3851603",https://maps.google.com/?cid=11444886041300554272&g_mp=Cidnb29nbGUubWFwcy5wbGFjZXMudjEuUGxhY2VzLlNlYXJjaFRleHQQAhgEIAA,12/07/2026,,ChIJ6xxQ2f9rfCERINKLijdn1J4
Le Morne,activites,golf,"G8WF+MV, Le Morne",+230 451 5759,https://lemorneheritage.govmu.org/lmh/,"-20,4533698","57,3246525",https://maps.google.com/?cid=7443783797638077587&g_mp=Cidnb29nbGUubWFwcy5wbGFjZXMudjEuUGxhY2VzLlNlYXJjaFRleHQQAhgEIAA,12/07/2026,,ChIJZ_t5OABtfCERk5wG0-yhTWc
Le Morne,activites,golf,G8X7+5PR,+230 451 5759,https://whc.unesco.org/en/list/1259,"-20,4520162","57,3142714",https://maps.google.com/?cid=5705565263252434901&g_mp=Cidnb29nbGUubWFwcy5wbGFjZXMudjEuUGxhY2VzLlNlYXJjaFRleHQQAhgEIAA,12/07/2026,,ChIJox7ACvlsfCER1S_4pmA9Lk8
Rocher de Crystal,activites,golf,"MU, coastal road, 91100",,,"-20,4143255","57,3375848",https://maps.google.com/?cid=1208879837143061876&g_mp=Cidnb29nbGUubWFwcy5wbGFjZXMudjEuUGxhY2VzLlNlYXJjaFRleHQQAhgEIAA,12/07/2026,,ChIJzdte40JrfCERdFULlc7NxhA
Haras Du Morne,activites,golf,"Haras Du Morne, ROYAL ROAD, Le Morne",+230 5919 1377,http://www.harasdumorne.com/,"-20,4580188","57,3182853",https://maps.google.com/?cid=15904553807725480738&g_mp=Cidnb29nbGUubWFwcy5wbGFjZXMudjEuUGxhY2VzLlNlYXJjaFRleHQQAhgEIAA,12/07/2026,,ChIJq6qqal9sfCERIkuQFGxTuNw
Varangue Sur Morne,activites,golf,"B103 - Plaine Champagne Road, Plaine Champagne",+230 483 6610,,"-20,4259191","57,4176226",https://maps.google.com/?cid=9023349327015954931&g_mp=Cidnb29nbGUubWFwcy5wbGFjZXMudjEuUGxhY2VzLlNlYXJjaFRleHQQAhgEIAA,12/07/2026,,ChIJ7bIAethofCER88kLuWdgOX0
L'Harmonie,activites,golf,"G8X7+WRC Le Morne Brabant, Le Morne",+230 401 4900,https://www.beachcomber-hotels.com/fr/hotel/dinarobin-golf-resort-spa/dining/restaurants/lharmonie,"-20,450185","57,3145139",https://maps.google.com/?cid=6372637050492476034&g_mp=Cidnb29nbGUubWFwcy5wbGFjZXMudjEuUGxhY2VzLlNlYXJjaFRleHQQAhgEIAA,12/07/2026,,ChIJjw-UirBtfCERgtoYPaIncFg
LUX Le Morne,activites,golf,"Coastal Road, Le Morne",+230 401 4000,https://www.luxresorts.com/en/mauritius/hotel/luxlemorne,"-20,4570272","57,3115376",https://maps.google.com/?cid=11016672051730742259&g_mp=Cidnb29nbGUubWFwcy5wbGFjZXMudjEuUGxhY2VzLlNlYXJjaFRleHQQAhgEIAA,12/07/2026,,ChIJKyEo0vFsfCER83tiutwU45g
Le Morne village kids Eco-snorkeling tour,activites,excursions,"MU, Dilo Pouri, Le Morne 91201",+230 5714 4977,,"-20,475635","57,34794",https://maps.google.com/?cid=12959836772308833622&g_mp=Cidnb29nbGUubWFwcy5wbGFjZXMudjEuUGxhY2VzLlNlYXJjaFRleHQQAhgEIAA,12/07/2026,,ChIJQ4zoUENtfCERVlWDWOGW2rM
Dolphin and Whale Watching - Le Morne / Black River / La Gaulette,activites,excursions,Le Morne,+230 5776 6322,,"-20,4593089","57,31019",https://maps.google.com/?cid=13846248757899636106&g_mp=Cidnb29nbGUubWFwcy5wbGFjZXMudjEuUGxhY2VzLlNlYXJjaFRleHQQAhgEIAA,12/07/2026,,ChIJjWWNRPmOX0oRii1NfuLBJ8A
Lydia Boat Mauritius/Whales and Dolphins Encounter/Swim with wild dolphins Private boat tour Eco-Friendly Dolphins encounter,activites,excursions,"Le Morne Road, Le Morne",+230 5733 9300,https://tantulika1.wixsite.com/tour/mauritius,"-20,4542767","57,3120107",https://maps.google.com/?cid=15419489168862982808&g_mp=Cidnb29nbGUubWFwcy5wbGFjZXMudjEuUGxhY2VzLlNlYXJjaFRleHQQAhgEIAA,12/07/2026,,ChIJFZ7ZRWRtfCERmLIPALQH_dU
Karlos Excursions - Boat departure point 1,activites,excursions,Le Morne,+230 5726 5599,http://karlosexcursions.com/,"-20,4542926","57,311704",https://maps.google.com/?cid=6486010476177574566&g_mp=Cidnb29nbGUubWFwcy5wbGFjZXMudjEuUGxhY2VzLlNlYXJjaFRleHQQAhgEIAA,12/07/2026,,ChIJkbkJ57FtfCERpsoG6inwAlo
Aqua Morne,activites,excursions,"Le Morne Road, Le Morne",+230 5903 3411,,"-20,4547615","57,3115814",https://maps.google.com/?cid=6599015777594018243&g_mp=Cidnb29nbGUubWFwcy5wbGFjZXMudjEuUGxhY2VzLlNlYXJjaFRleHQQAhgEIAA,12/07/2026,,ChIJmT9UbehtfCERw4mw-uJplFs
Island vibration Mauritius,activites,excursions,"Le morne coast road Le morne, beach",+230 5756 6566,,"-20,4591298","57,3100646",https://maps.google.com/?cid=11662156164469403192&g_mp=Cidnb29nbGUubWFwcy5wbGFjZXMudjEuUGxhY2VzLlNlYXJjaFRleHQQAhgEIAA,12/07/2026,,ChIJTccKH65tfCEROK5UKj5N2KE
Dolphin & Whale Watching | The Blue Mystery Tours,activites,excursions,"MU, Le borne brabant, Le Morne 90302",+230 5839 7132,https://www.the-blue-mystery.com/,"-20,4518535","57,3129738",https://maps.google.com/?cid=7490748260274112665&g_mp=Cidnb29nbGUubWFwcy5wbGFjZXMudjEuUGxhY2VzLlNlYXJjaFRleHQQAhgEIAA,12/07/2026,,ChIJkVxJeWRtfCERmYiD49p79Gc
Whales Watching & Dolphins Swimming in Mauritius with Matteo,activites,excursions,"Emba Filao Restaurant, public beach, Le Morne Brabant",+230 5724 8655,https://www.matteoattractions.com/,"-20,4538818","57,3123351",https://maps.google.com/?cid=16995561016418208748&g_mp=Cidnb29nbGUubWFwcy5wbGFjZXMudjEuUGxhY2VzLlNlYXJjaFRleHQQAhgEIAA,12/07/2026,,ChIJM-JNmg5tfCER7IsVtrJc3Os
Chamarel Waterfall Viewpoint,activites,excursions,"H94M+QH, Chamarel",,https://www.chamarel7colouredearth.com/,"-20,4430932","57,3839598",https://maps.google.com/?cid=14808461227091775137&g_mp=Cidnb29nbGUubWFwcy5wbGFjZXMudjEuUGxhY2VzLlNlYXJjaFRleHQQAhgEIAA,12/07/2026,,ChIJA7uMyntvfCERoU7zBgc5gs0
Bluereef écotours Ile Maurice,activites,excursions,Le Morne,+230 5771 2928,https://bluereefecotours.com/,"-20,4511765","57,3143201",https://maps.google.com/?cid=18085872614333818606&g_mp=Cidnb29nbGUubWFwcy5wbGFjZXMudjEuUGxhY2VzLlNlYXJjaFRleHQQAhgEIAA,12/07/2026,,ChIJnwttebxrfCER7iZV1lHt_fo
Karlos Excursions - Boat Tours departure 3,activites,excursions,"Coastal road, Le Morne",+230 5726 5599,http://www.karlosexcursions.com/,"-20,4361584","57,3200627",https://maps.google.com/?cid=8114283395196992305&g_mp=Cidnb29nbGUubWFwcy5wbGFjZXMudjEuUGxhY2VzLlNlYXJjaFRleHQQAhgEIAA,12/07/2026,,ChIJxZExXe1SwKsRMTuRscG5m3A
Piton du Canot,activites,excursions,"H99H+WG, Chamarel",,,"-20,4304733","57,3789051",https://maps.google.com/?cid=5265014450050104327&g_mp=Cidnb29nbGUubWFwcy5wbGFjZXMudjEuUGxhY2VzLlNlYXJjaFRleHQQAhgEIAA,12/07/2026,,ChIJMVTekLNpfCERB_yIQL8WEUk
"Mauritius Dolphin Swimming, Snorkling & Île aux Bénitiers Live BBQ",activites,excursions,"Public Beach, Le Morne Brabant",+230 5776 4715,,"-20,4531899","57,3121529",https://maps.google.com/?cid=13304607117998778197&g_mp=Cidnb29nbGUubWFwcy5wbGFjZXMudjEuUGxhY2VzLlNlYXJjaFRleHQQAhgEIAA,12/07/2026,,ChIJEzUnm5BtfCERVWdz2K51o7g
"Michael, sortie en bateau à l'ile aux Bénitiers",activites,excursions,"avenue Ebony, La Gaulette",+230 5749 9777,,"-20,4325646","57,3540434",https://maps.google.com/?cid=13150263110790160278&g_mp=Cidnb29nbGUubWFwcy5wbGFjZXMudjEuUGxhY2VzLlNlYXJjaFRleHQQAhgEIAA,12/07/2026,,ChIJA0nXaQRtfCERlh-STaAef7Y
Le Morne Brabant Hiking,activites,excursions,"G8RR+W4, Le Morne",+230 5754 0606,https://mauritiusdiscoveries.com/trip/le-morne-brabant-mountain-hike-unesco-site/,"-20,4599666","57,3271953",https://maps.google.com/?cid=17782146162947828583&g_mp=Cidnb29nbGUubWFwcy5wbGFjZXMudjEuUGxhY2VzLlNlYXJjaFRleHQQAhgEIAA,12/07/2026,,ChIJ-yR3yWltfCERZ6uUqrjfxvY
Kissen Sealife(Dolphins and Whales Excursion),activites,excursions,La Gaulette,+230 5836 1225,https://kissensealifemauritius.com/en/,"-20,4229027","57,3644684",https://maps.google.com/?cid=9603558415814805076&g_mp=Cidnb29nbGUubWFwcy5wbGFjZXMudjEuUGxhY2VzLlNlYXJjaFRleHQQAhgEIAA,12/07/2026,,ChIJ-eMSJQRrfCERVMZaUn-xRoU
Mauritius Boat Tours - La gaulette ( Labonne Gille),activites,excursions,"H9F6+42R, La Gaulette",+230 5496 0257,https://tantulika1.wixsite.com/tour/mauritius,"-20,427136","57,3600205",https://maps.google.com/?cid=15383815205277782315&g_mp=Cidnb29nbGUubWFwcy5wbGFjZXMudjEuUGxhY2VzLlNlYXJjaFRleHQQAhgEIAA,12/07/2026,,ChIJV5FXMABtfCERK9HVGGxKftU
"Soleil - Dolphin, Whale Watching, Big Game Fishing | Excursions",activites,excursions,"MU, Plage, Le Morne 91202",+230 5920 6092,https://www.whaledolphintours.com/,"-20,4537093","57,3129324",https://maps.google.com/?cid=626601746137106580&g_mp=Cidnb29nbGUubWFwcy5wbGFjZXMudjEuUGxhY2VzLlNlYXJjaFRleHQQAhgEIAA,12/07/2026,,ChIJeSqdEqdtfCERlEgk3vcisgg
Corail Helicopteres,activites,excursions,Chamarel,+230 261 2266,https://corailhelico-mu.com/,"-20,4500653","57,3729749",https://maps.google.com/?cid=8696257223588315855&g_mp=Cidnb29nbGUubWFwcy5wbGFjZXMudjEuUGxhY2VzLlNlYXJjaFRleHQQAhgEIAA,12/07/2026,,ChIJ9U8M431vfCERzwJov95Pr3g
Daryeau Adventure,activites,excursions,"Route Royale, G8Q9+4F3, Le Morne",+230 5496 5720,,"-20,4622459","57,3186665",https://maps.google.com/?cid=17160846931128019905&g_mp=Cidnb29nbGUubWFwcy5wbGFjZXMudjEuUGxhY2VzLlNlYXJjaFRleHQQAhgEIAA,12/07/2026,,ChIJ0St8__ZtfCERweu8nlyTJ-4
Escape Cruise Dolphins Trips,activites,excursions,"La Preneuse MU, Public Beach, Black River 90608",+230 5756 9889,https://tantulika1.wixsite.com/tour/mauritius,"-20,3508134","57,3623655",https://maps.google.com/?cid=5053540043341285018&g_mp=Cidnb29nbGUubWFwcy5wbGFjZXMudjEuUGxhY2VzLlNlYXJjaFRleHQQAhgEIAA,12/07/2026,,ChIJEREL7LFrfCERmsaRBeXHIUY
Mauritius Al Ameen Tours,activites,excursions,"MU, 135 Morc GreenPark, Terre Rouge 21409",+230 5255 1491,http://www.alameentours.com/,"-20,1243618","57,5291213",https://maps.google.com/?cid=10759259627990642582&g_mp=Cidnb29nbGUubWFwcy5wbGFjZXMudjEuUGxhY2VzLlNlYXJjaFRleHQQAhgEIAA,12/07/2026,,ChIJF5IQXUVTfCERlm-VbKCRUJU
LE HAVANAH BOAT&DOLPHIN PARADISE,activites,excursions,Le Morne,+230 5921 4540,https://lehavanahboat.com/,"-20,4542789","57,3119939",https://maps.google.com/?cid=10243196698274218896&g_mp=Cidnb29nbGUubWFwcy5wbGFjZXMudjEuUGxhY2VzLlNlYXJjaFRleHQQAhgEIAA,12/07/2026,,ChIJt9MjUiptfCERkMMWVSAlJ44
Skipper Dan,activites,excursions,"G8V6+XPM, Le Morne",+230 5421 9246,,"-20,4550373","57,3118095",https://maps.google.com/?cid=5520176952530913710&g_mp=Cidnb29nbGUubWFwcy5wbGFjZXMudjEuUGxhY2VzLlNlYXJjaFRleHQQAhgEIAA,12/07/2026,,ChIJb2cQs_5tfCERrknn8LCbm0w
Hibiscus dolphin trip,activites,excursions,"MU, road, Le Morne 91203",+230 5776 6322,,"-20,4593836","57,3098446",https://maps.google.com/?cid=15481483532786539012&g_mp=Cidnb29nbGUubWFwcy5wbGFjZXMudjEuUGxhY2VzLlNlYXJjaFRleHQQAhgEIAA,12/07/2026,,ChIJLWAaEwttfCERBBrNpz9H2dY
Manish Hikes - 7 Cascades Tamarind Falls Hiking Guide,activites,excursions,"MU, Henrietta Branch Rd, Vacoas-Phoenix 73106",+230 5503 8014,https://wa.me/23059035026,"-20,338575","57,4732491",https://maps.google.com/?cid=697394265462415529&g_mp=Cidnb29nbGUubWFwcy5wbGFjZXMudjEuUGxhY2VzLlNlYXJjaFRleHQQAhgEIAA,12/07/2026,,ChIJO_gGNPddfCERqSBItWOkrQk
Underwater waterfall Mauritius | 5 Island tour | Things to do - Ile aux Cerfs,activites,excursions,"44 Le Morne Peninsula, Le Morne , 91202 Mauritius MU, Le Morne 91202",,https://visit-mauritiusnow.com/,"-20,4418581","57,3177967",https://maps.google.com/?cid=7144007076384765921&g_mp=Cidnb29nbGUubWFwcy5wbGFjZXMudjEuUGxhY2VzLlNlYXJjaFRleHQQAhgEIAA,12/07/2026,,ChIJ7cn_PSptfCER4XfK3JWcJGM
SimpL'Sea'T,activites,excursions,"Wolmar, Royal Road, Flic en Flac",+230 5259 1170,https://tantulika1.wixsite.com/tour/mauritius,"-20,2929216","57,3635954",https://maps.google.com/?cid=5714728124376083377&g_mp=Cidnb29nbGUubWFwcy5wbGFjZXMudjEuUGxhY2VzLlNlYXJjaFRleHQQAhgEIAA,12/07/2026,,ChIJj0B7sBNBfCERsetegfPKTk8
Stillhere Sea Activities Mauritius,activites,excursions,Bel Ombre,+230 5496 4684,https://www.stillheremauritius.com/,"-20,5077288","57,4108303",https://maps.google.com/?cid=17418627175850103080&g_mp=Cidnb29nbGUubWFwcy5wbGFjZXMudjEuUGxhY2VzLlNlYXJjaFRleHQQAhgEIAA,12/07/2026,,ChIJkUpnRvtvfCERKNGC6yBlu_E
Underwater Waterfall Mauritius with LagoonFLIGHT,activites,excursions,Le Morne,+230 5975 2424,https://lagoonflight.com/,"-20,4740202","57,3086927",https://maps.google.com/?cid=6357456698320253849&g_mp=Cidnb29nbGUubWFwcy5wbGFjZXMudjEuUGxhY2VzLlNlYXJjaFRleHQQAhgEIAA,12/07/2026,,ChIJvyZMfQBtfCERmXNOEi85Olg
The Pearl Cruise Ltd,activites,excursions,"F9WX+8WV, St Martin, Bel Ombre",+230 5763 1856,https://en.thepearlcruisedolphin.ch/,"-20,5041875","57,3998125",https://maps.google.com/?cid=4801305772873821083&g_mp=Cidnb29nbGUubWFwcy5wbGFjZXMudjEuUGxhY2VzLlNlYXJjaFRleHQQAhgEIAA,12/07/2026,,ChIJUX5bgx9ufCERmysteimqoUI
Glasbottom Boat,activites,excursions,"G8W6+6px, Le Morne",,,"-20,4543875","57,3118594",https://maps.google.com/?cid=7019994826756773932&g_mp=Cidnb29nbGUubWFwcy5wbGFjZXMudjEuUGxhY2VzLlNlYXJjaFRleHQQAhgEIAA,12/07/2026,,ChIJDfm_EVJtfCERLNjq9RkIbGE
Namori tours,activites,excursions,"Route royale Belombre MU, Bel Ombre 61001",+33 6 29 80 82 82,http://www.namoritours.com/,"-20,5047187","57,4072181",https://maps.google.com/?cid=9316742808835626374&g_mp=Cidnb29nbGUubWFwcy5wbGFjZXMudjEuUGxhY2VzLlNlYXJjaFRleHQQAhgEIAA,12/07/2026,,ChIJ0azv5-hvfCERhpVS8Di4S4E
MjoLniR Expedition,activites,excursions,"Mjölnir Expedition Embarkation point, La Balise Marina, Black River",+230 5812 3731,,"-20,3634577","57,3771498",https://maps.google.com/?cid=697398025149557472&g_mp=Cidnb29nbGUubWFwcy5wbGFjZXMudjEuUGxhY2VzLlNlYXJjaFRleHQQAhgEIAA,12/07/2026,,ChIJITAEcShpfCER4CoZFM-nrQk
ScubaCaribe - Diving & Water Sports,activites,excursions,"MU, C/O Riu Hotel, Le Morne 91202",+230 5251 3925,https://tantulika1.wixsite.com/tour/mauritius,"-20,4647219","57,317439",https://maps.google.com/?cid=1878374755584195721&g_mp=Cidnb29nbGUubWFwcy5wbGFjZXMudjEuUGxhY2VzLlNlYXJjaFRleHQQAhgEIAA,12/07/2026,,ChIJb1CWF9xtfCERiTyoXeNTERo
BeB's Cruiseboat,activites,excursions,"Débarcadère MU, Route Royal, La Gaulette 91101",+230 5980 8631,,"-20,4272961","57,3599391",https://maps.google.com/?cid=1780824355323649398&g_mp=Cidnb29nbGUubWFwcy5wbGFjZXMudjEuUGxhY2VzLlNlYXJjaFRleHQQAhgEIAA,12/07/2026,,ChIJMeJnjZltfCERdh1u4lDCthg
Sophie Nature Walk,activites,parcs-animaliers,"JFFP+425, Vacoas-Phœnix",,,"-20,3772308","57,4851069",https://maps.google.com/?cid=8751686734706565252&g_mp=Cidnb29nbGUubWFwcy5wbGFjZXMudjEuUGxhY2VzLlNlYXJjaFRleHQQAhgEIAA,12/07/2026,,ChIJsRIlRA1nfCERhOCuf7c8dHk
La Vieille Cheminee,activites,parcs-animaliers,"Main Road Chamarel MU, 90403",+230 483 4249,https://www.lavieillecheminee.com/,"-20,4406171","57,3918137",https://maps.google.com/?cid=383126218730179435&g_mp=Cidnb29nbGUubWFwcy5wbGFjZXMudjEuUGxhY2VzLlNlYXJjaFRleHQQAhgEIAA,12/07/2026,,ChIJ8_8Sti9pfCERawuNG0QjUQU
Chamarel Coffee Plantation Tour,activites,parcs-animaliers,"MU, B104, Chamarel 90403",+230 451 8500,https://www.chamarel7colouredearth.com/coffee-plantation-mauritius,"-20,4396723","57,3893461",https://maps.google.com/?cid=4957603188113904956&g_mp=Cidnb29nbGUubWFwcy5wbGFjZXMudjEuUGxhY2VzLlNlYXJjaFRleHQQAhgEIAA,12/07/2026,,ChIJg1Ap4rNvfCERPJXfRNXxzEQ
Aventures-Mascareignes,activites,parcs-aventures,Sebastopol,+33 7 83 59 08 42,,"-20,3161875","57,6906875",https://maps.google.com/?cid=2216346035158716349&g_mp=Cidnb29nbGUubWFwcy5wbGFjZXMudjEuUGxhY2VzLlNlYXJjaFRleHQQAhgEIAA,12/07/2026,,ChIJg3EpC4j2fCERvQ_77PkKwh4
Nepalese Bridge by Vallé Advenature Park,activites,parcs-aventures,"MU, Mare Anguilles, Chamouny 61303",+230 5292 8841,https://www.vallepark.com/,"-20,4575433","57,4849979",https://maps.google.com/?cid=13246597006501842454&g_mp=Cidnb29nbGUubWFwcy5wbGFjZXMudjEuUGxhY2VzLlNlYXJjaFRleHQQAhgEIAA,12/07/2026,,ChIJyyHoCNJlfCERFo5LP8td1bc
Le Morne kitesurf spot,activites,complexes-sportifs,"G8M5+9C8, Le Morne",,,"-20,4665844","57,308566",https://maps.google.com/?cid=16897005995297927805&g_mp=Cidnb29nbGUubWFwcy5wbGFjZXMudjEuUGxhY2VzLlNlYXJjaFRleHQQAhgEIAA,12/07/2026,,ChIJrX09vRltfCERffJgtW05fuo
Urban Sport,activites,complexes-sportifs,"J9MJ+WR, Grande Riviere Noire",+230 5944 9474,http://www.urbanaport.mu/,"-20,3644304","57,382951",https://maps.google.com/?cid=2324718822231500988&g_mp=Cidnb29nbGUubWFwcy5wbGFjZXMudjEuUGxhY2VzLlNlYXJjaFRleHQQAhgEIAA,12/07/2026,,ChIJca3iH_VpfCERvOjFsXMPQyA
"ION CLUB Le Morne, Kitelagoon - Windsurf, Kitesurf, Wingfoil & Center",activites,complexes-sportifs,"Beachfront Kitelagoon, Le Morne",+230 5718 5058,https://www.ion-club.net/le-morne/,"-20,4660334","57,3170058",https://maps.google.com/?cid=15028136225566061852&g_mp=Cidnb29nbGUubWFwcy5wbGFjZXMudjEuUGxhY2VzLlNlYXJjaFRleHQQAhgEIAA,12/07/2026,,ChIJTz2-IYltfCERHHULUUaqjtA
"ION CLUB La Pointe - Windsurf, Kitesurf, Wingfoil & Surf Center",activites,complexes-sportifs,"G8M5+MH9, Le Morne",+230 5734 4667,https://www.ion-club.net/le-morne/,"-20,4658432","57,3086322",https://maps.google.com/?cid=4474069960532917667&g_mp=Cidnb29nbGUubWFwcy5wbGFjZXMudjEuUGxhY2VzLlNlYXJjaFRleHQQAhgEIAA,12/07/2026,,ChIJ4S9gyARtfCERo33PqewWFz4
LeMornExperience Watersports&Adventures,activites,sports-nautiques,"kite lagoon, Le Morne",+230 5749 8749,,"-20,4640669","57,3180754",https://maps.google.com/?cid=2577550288461755015&g_mp=Cidnb29nbGUubWFwcy5wbGFjZXMudjEuUGxhY2VzLlNlYXJjaFRleHQQAhgEIAA,12/07/2026,,ChIJnydtmRBtfCERh_J3tlRMxSM
Watersports Office Paradis Beachcomber,activites,sports-nautiques,"Le Morne Peninsula, H88F+W2X, Le Morne",,,"-20,4330779","57,3227116",https://maps.google.com/?cid=18347294777134241124&g_mp=Cidnb29nbGUubWFwcy5wbGFjZXMudjEuUGxhY2VzLlNlYXJjaFRleHQQAhgEIAA,12/07/2026,,ChIJCxjq8fxtfCERZFV3RGSvnv4
Kitebelles Mauritius,activites,sports-nautiques,"MU, kite lagoon, Le Morne 91202",+230 5454 3561,https://www.facebook.com/kitebellesmauritius,"-20,4639262","57,3181344",https://maps.google.com/?cid=14473815089110877167&g_mp=Cidnb29nbGUubWFwcy5wbGFjZXMudjEuUGxhY2VzLlNlYXJjaFRleHQQAhgEIAA,12/07/2026,,ChIJC_kdKARtfCER74MkUyNS3cg
Kite Lagoon Vibes Mauritius,activites,sports-nautiques,"Kite lagoon Beach, Le Morne",+230 5855 9488,https://kitelagoonvibesmauritius.com/,"-20,465161","57,3178504",https://maps.google.com/?cid=4837637860024621156&g_mp=Cidnb29nbGUubWFwcy5wbGFjZXMudjEuUGxhY2VzLlNlYXJjaFRleHQQAhgEIAA,12/07/2026,,ChIJleJPd3ptfCERZJi_tgC-IkM
Pryde Club Mauritius,activites,sports-nautiques,"Le Mornexperience kite lagoon, La Gaulette",+230 5989 1060,,"-20,464675","57,317705",https://maps.google.com/?cid=14782641936753631141&g_mp=Cidnb29nbGUubWFwcy5wbGFjZXMudjEuUGxhY2VzLlNlYXJjaFRleHQQAhgEIAA,12/07/2026,,ChIJdQf5ZANtfCERpR_-CYV-Js0
Wes Aventure Randonnées,activites,randonnee-trail,Vacoas-Phœnix,+230 5490 3781,http://www.wesaventurerandonnees.com/,"-20,2996146","57,4780216",https://maps.google.com/?cid=3605054825192295135&g_mp=Cidnb29nbGUubWFwcy5wbGFjZXMudjEuUGxhY2VzLlNlYXJjaFRleHQQAhgEIAA,12/07/2026,,ChIJr8MCcQddfCER3wplW0O6BzI
Sublime point,activites,randonnee-trail,"H99F+QPM, Chamarel",,,"-20,430543","57,3743012",https://maps.google.com/?cid=12658710268544312044&g_mp=Cidnb29nbGUubWFwcy5wbGFjZXMudjEuUGxhY2VzLlNlYXJjaFRleHQQAhgEIAA,12/07/2026,,ChIJS9NxAABvfCER7GIsp-vFrK8
Radventure Experience Mauritius,activites,randonnee-trail,"MU, Pte des L'ascar, Rivière du Rempart 21301",+230 5926 6540,https://radventureexperiencemauritius.com/,"-20,0905529","57,7071727",https://maps.google.com/?cid=5575762750947857086&g_mp=Cidnb29nbGUubWFwcy5wbGFjZXMudjEuUGxhY2VzLlNlYXJjaFRleHQQAhgEIAA,12/07/2026,,ChIJUyWp7QP_fCERvhIaKq4WYU0
Plateau Resmousse,activites,randonnee-trail,"JC3J+46, Chamarel",,,"-20,3972053","57,4305907",https://maps.google.com/?cid=18124558021444423516&g_mp=Cidnb29nbGUubWFwcy5wbGFjZXMudjEuUGxhY2VzLlNlYXJjaFRleHQQAhgEIAA,12/07/2026,,ChIJC99MBYVpfCERXM8mE35dh_s
HIKING IN MAURITIUS - ZILWAVENTURE,activites,randonnee-trail,"MU, Black Rock Rd, Tamarin 90908",+230 5856 8488,https://www.zilwaventure.com/,"-20,336183","57,3758358",https://maps.google.com/?cid=14538689760194704642&g_mp=Cidnb29nbGUubWFwcy5wbGFjZXMudjEuUGxhY2VzLlNlYXJjaFRleHQQAhgEIAA,12/07/2026,,ChIJixzPa3vUQGoRArUDwE7Nw8k
Petit Morne,activites,randonnee-trail,RHQ2+W3H,,,"-20,1601795","57,5502302",https://maps.google.com/?cid=11060766720528256402&g_mp=Cidnb29nbGUubWFwcy5wbGFjZXMudjEuUGxhY2VzLlNlYXJjaFRleHQQAhgEIAA,12/07/2026,,ChIJp-Xo-WtRfCERko2M2Lq8f5k
Local Spirit,activites,randonnee-trail,"MU, Kite Lagoon, Le Morne Brabant 91202",+230 5988 7475,http://www.localspirit-mauritius.com/,"-20,4649444","57,3425164",https://maps.google.com/?cid=6164962893733141136&g_mp=Cidnb29nbGUubWFwcy5wbGFjZXMudjEuUGxhY2VzLlNlYXJjaFRleHQQAhgEIAA,12/07/2026,,ChIJvUJnuZptfCERkJptphZZjlU
Black River Peak - Mauritius Friendly,activites,randonnee-trail,"B103 - Plaine Champagne Road, Plaine Champagne",+230 5775 0628,https://www.tripadvisor.com/AttractionProductReview-g293816-d26836765-Black_River_Peak_Guided_Hiking_Trip-Mauritius.html,"-20,4234947","57,4272177",https://maps.google.com/?cid=15066766844914278421&g_mp=Cidnb29nbGUubWFwcy5wbGFjZXMudjEuUGxhY2VzLlNlYXJjaFRleHQQAhgEIAA,12/07/2026,,ChIJjb2d8txofCERFaC_SJ7oF9E
Case Noyale Embarqation Point,activites,peche,"H9W9+MQM, Case Noyale",+230 5930 8959,,"-20,403284","57,3694114",https://maps.google.com/?cid=13150994967248918342&g_mp=Cidnb29nbGUubWFwcy5wbGFjZXMudjEuUGxhY2VzLlNlYXJjaFRleHQQAhgEIAA,12/07/2026,,ChIJef2eW95rfCERRlfS6T64gbY
The St Regis Pier,activites,peche,"G8R5+5Q9, Le Morne",,,"-20,4595871","57,3094862",https://maps.google.com/?cid=17470393747457762753&g_mp=Cidnb29nbGUubWFwcy5wbGFjZXMudjEuUGxhY2VzLlNlYXJjaFRleHQQAhgEIAA,12/07/2026,,ChIJuWBYBCttfCERweVsG41Oc_I
Billfish,activites,peche,"126 Morcellement La Fleche La Gaulette MU, 91104",+230 5912 3052,http://www.billfishmauritius.com/,"-20,4348958","57,3196671",https://maps.google.com/?cid=6021177024281260093&g_mp=Cidnb29nbGUubWFwcy5wbGFjZXMudjEuUGxhY2VzLlNlYXJjaFRleHQQAhgEIAA,12/07/2026,,ChIJz3rbH4xsfCERPTAHHpqEj1M
Fishing,activites,peche,"H89C+2W, Le Morne",,,"-20,4323779","57,3223726",https://maps.google.com/?cid=18391957266925610334&g_mp=Cidnb29nbGUubWFwcy5wbGFjZXMudjEuUGxhY2VzLlNlYXJjaFRleHQQAhgEIAA,12/07/2026,,ChIJDZRfCABtfCERXuVDg7BbPf8
Le Chasseur Mauricien,activites,peche,"Coastal Road, Domaine de Bel Ombre, Bel Ombre",+230 623 5068,https://www.lechasseurmauricien.com/,"-20,505291","57,4122291",https://maps.google.com/?cid=12557960204660678591&g_mp=Cidnb29nbGUubWFwcy5wbGFjZXMudjEuUGxhY2VzLlNlYXJjaFRleHQQAhgEIAA,12/07/2026,,ChIJH1VVVbZvfCERv59KbkXWRq4
Sea Life Holidays Tours,activites,peche,"Royal Road, La Gaulette",+230 5733 1679,,"-20,4266731","57,3604929",https://maps.google.com/?cid=16343684604250979369&g_mp=Cidnb29nbGUubWFwcy5wbGFjZXMudjEuUGxhY2VzLlNlYXJjaFRleHQQAhgEIAA,12/07/2026,,ChIJDU0LTMltfCERKXxmFY5u0OI
Kayak Fishing - La Preneuse Departure,activites,peche,"J9X6+GRV, Rivière Noire",,,"-20,3511414","57,3620592",https://maps.google.com/?cid=1023778985804749189&g_mp=Cidnb29nbGUubWFwcy5wbGFjZXMudjEuUGxhY2VzLlNlYXJjaFRleHQQAhgEIAA,12/07/2026,,ChIJ1-gPdAVqfCERhdlmOZAxNQ4
The Wan Fishing Shop Black River,activites,peche,Grande Riviere Noire,+230 484 1683,https://linktr.ee/thewanfishing,"-20,3614657","57,3727023",https://maps.google.com/?cid=5005134284001878330&g_mp=Cidnb29nbGUubWFwcy5wbGFjZXMudjEuUGxhY2VzLlNlYXJjaFRleHQQAhgEIAA,12/07/2026,,ChIJyZkeRFppfCEROqEP6xzPdUU
Domaine De Saint Denis,activites,peche,B103 - Plaine Champagne Road,+230 5948 4488,,"-20,4299659","57,4228591",https://maps.google.com/?cid=7780346187667206388&g_mp=Cidnb29nbGUubWFwcy5wbGFjZXMudjEuUGxhY2VzLlNlYXJjaFRleHQQAhgEIAA,12/07/2026,,ChIJg51S07NpfCER9PB3uaJX-Ws
Catch Me Shop Ltd,activites,peche,"smart city Cap Tamarin, Royal Road, Tamarin",+230 5256 8855,http://www.catchme.mu/,"-20,3277102","57,3837825",https://maps.google.com/?cid=8130859461240437231&g_mp=Cidnb29nbGUubWFwcy5wbGFjZXMudjEuUGxhY2VzLlNlYXJjaFRleHQQAhgEIAA,12/07/2026,,ChIJi_bpt39rfCER7znc0Zmd1nA
Église La Pêche Miraculeuse,activites,peche,"H995+H6C, La Gaulette",,,"-20,4310546","57,3580219",https://maps.google.com/?cid=4006089519111588231&g_mp=Cidnb29nbGUubWFwcy5wbGFjZXMudjEuUGxhY2VzLlNlYXJjaFRleHQQAhgEIAA,12/07/2026,,ChIJ0yFLKAlsfCERh8kPRTF9mDc
zone peche,activites,peche,"Albion Branch Rd, Canot",+230 5914 0883,https://www.facebook.com/profile.php?id=100091931262610,"-20,2221474","57,4294981",https://maps.google.com/?cid=11988931662382147400&g_mp=Cidnb29nbGUubWFwcy5wbGFjZXMudjEuUGxhY2VzLlNlYXJjaFRleHQQAhgEIAA,12/07/2026,,ChIJ38LEzHpFfCERSKe4rNM9YaY
ZH Fishing Equipment,activites,peche,"11405 MU, Port Louis 11405",+230 5924 8237,,"-20,1656531","57,5076768",https://maps.google.com/?cid=3562790670567294844&g_mp=Cidnb29nbGUubWFwcy5wbGFjZXMudjEuUGxhY2VzLlNlYXJjaFRleHQQAhgEIAA,12/07/2026,,ChIJl63ypcZRfCERfEc9CD2TcTE
Albatross,activites,peche,"New mosque road MU, Jundoo villa street, Chemin Grenier 60417",,,"-20,5013658","57,4453807",https://maps.google.com/?cid=17111110386149354328&g_mp=Cidnb29nbGUubWFwcy5wbGFjZXMudjEuUGxhY2VzLlNlYXJjaFRleHQQAhgEIAA,12/07/2026,,ChIJoZsgmEtvfCERWOvt1jzgdu0
PAPACASALO LTD FISHING AND BOAT CHARTERS,activites,peche,"La Jetée Rd, Grande Riviere Noire",+230 5981 9006,http://www.papacasalo.mu/,"-20,363929","57,3736377",https://maps.google.com/?cid=7582312203049710730&g_mp=Cidnb29nbGUubWFwcy5wbGFjZXMudjEuUGxhY2VzLlNlYXJjaFRleHQQAhgEIAA,12/07/2026,,ChIJ30ZGJMNrfCERijTjnsbIOWk
Pulsator fishing shop,activites,peche,"National park road, J9PJ+84F, Rivière Noire 90901",+230 484 0537,http://www.pulsatorlures.co.za/,"-20,3641966","57,3803097",https://maps.google.com/?cid=9998881912263645924&g_mp=Cidnb29nbGUubWFwcy5wbGFjZXMudjEuUGxhY2VzLlNlYXJjaFRleHQQAhgEIAA,12/07/2026,,ChIJl9OLHqlpfCER5JqNcx8qw4o
Fishing whisperer Black River,activites,peche,"J9PC+RHM La morne anglers club, Grande Riviere Noire",,,"-20,3629097","57,3714363",https://maps.google.com/?cid=1150119544133235051&g_mp=Cidnb29nbGUubWFwcy5wbGFjZXMudjEuUGxhY2VzLlNlYXJjaFRleHQQAhgEIAA,12/07/2026,,ChIJ-b9HfQBrfCERa7FLvaEL9g8
Fishing Camp,activites,peche,"Rue Labourdonnais, Port Louis",+230 5440 8518,https://m.facebook.com/fishingcamp.mu/,"-20,1709414","57,5028997",https://maps.google.com/?cid=10437332109817795839&g_mp=Cidnb29nbGUubWFwcy5wbGFjZXMudjEuUGxhY2VzLlNlYXJjaFRleHQQAhgEIAA,12/07/2026,,ChIJK765ooFRfCER_9R3KEHa2JA
JPH Charters (Point of embarkation),activites,peche,"L'Estuaire, La Balise Marina, Black River",+230 5729 0901,http://www.jph.mu/,"-20,364188","57,376724",https://maps.google.com/?cid=9033883439361037313&g_mp=Cidnb29nbGUubWFwcy5wbGFjZXMudjEuUGxhY2VzLlNlYXJjaFRleHQQAhgEIAA,12/07/2026,,ChIJ6cC37QRqfCERARRm4R_NXn0
Green Ocean Mauritius,activites,peche,"G8W6+6W8, Le Morne",+230 5252 2424,https://www.facebook.com/greenoceanmru,"-20,4541297","57,3118024",https://maps.google.com/?cid=9123766471834767119&g_mp=Cidnb29nbGUubWFwcy5wbGFjZXMudjEuUGxhY2VzLlNlYXJjaFRleHQQAhgEIAA,12/07/2026,,ChIJN-0H8zJtfCERD49UL0Qhnn4
Fishing trip MAURITIUS,activites,peche,"WG67+48, Balaclava",+230 5804 1924,,"-20,0896298","57,5133426",https://maps.google.com/?cid=15991166967860254568&g_mp=Cidnb29nbGUubWFwcy5wbGFjZXMudjEuUGxhY2VzLlNlYXJjaFRleHQQAhgEIAA,12/07/2026,,ChIJ41D4AgBTfCERaFdF56EJ7N0
Solo Fishing - Mauritius,activites,peche,"Royal road , st joseph, VGHJ+5H6, Terre Rouge",+230 5753 8937,,"-20,1220799","57,5314056",https://maps.google.com/?cid=17834554261568132427&g_mp=Cidnb29nbGUubWFwcy5wbGFjZXMudjEuUGxhY2VzLlNlYXJjaFRleHQQAhgEIAA,12/07/2026,,ChIJqa-gvgVTfCERS5UyAJwQgfc
Tropic Lure Company,activites,peche,"National Park Road MU, Black River 90901",+230 484 0537,,"-20,3642128","57,3802501",https://maps.google.com/?cid=5893562208847166853&g_mp=Cidnb29nbGUubWFwcy5wbGFjZXMudjEuUGxhY2VzLlNlYXJjaFRleHQQAhgEIAA,12/07/2026,,ChIJa1qaCr9pfCERhX0AgJojylE
Lionel Passion Guide Ltd,activites,peche,"MU, Beau Champs, Bel Ombre 61001",+230 5746 8370,https://lionelpassionguide.com/fr/,"-20,5010698","57,4257049",https://maps.google.com/?cid=9499722344709779149&g_mp=Cidnb29nbGUubWFwcy5wbGFjZXMudjEuUGxhY2VzLlNlYXJjaFRleHQQAhgEIAA,12/07/2026,,ChIJwQrjODhvfCERzW5EDSTL1YM
Big Game Fishing Mauritius,activites,peche,"MU, La Tourelle view, Coastal Rd, Black River 00000",+230 5734 7760,https://fishing.mu/,"-20,346789","57,3651713",https://maps.google.com/?cid=14899010190620809710&g_mp=Cidnb29nbGUubWFwcy5wbGFjZXMudjEuUGxhY2VzLlNlYXJjaFRleHQQAhgEIAA,12/07/2026,,ChIJmXMSF-xrfCER7tngfNTqw84
Catch Me Shop Ltd,activites,peche,"Royal road gros cailoux Petit Rivière MU, Gros Cailloux 90702",+230 5256 8855,https://catchme.mu/,"-20,2116769","57,436475",https://maps.google.com/?cid=1297151064438775499&g_mp=Cidnb29nbGUubWFwcy5wbGFjZXMudjEuUGxhY2VzLlNlYXJjaFRleHQQAhgEIAA,12/07/2026,,ChIJB1n5-lFFfCERy57kPwVoABI
Vacances Aventures,activites,peche,"La Tourelle view, Coastal Rd coastal Rd MU, Black River 00000",+230 5734 7760,http://www.vacancesaventures.com/,"-20,3466865","57,3645751",https://maps.google.com/?cid=835078444010222545&g_mp=Cidnb29nbGUubWFwcy5wbGFjZXMudjEuUGxhY2VzLlNlYXJjaFRleHQQAhgEIAA,12/07/2026,,ChIJS2--VrprfCER0bPQnmvLlgs
Whales Watching & swim with dolphins & Fishing in Mauritius,activites,peche,"Public beach, Tamarin",+230 5476 9861,,"-20,3281248","57,3751912",https://maps.google.com/?cid=614158311238389827&g_mp=Cidnb29nbGUubWFwcy5wbGFjZXMudjEuUGxhY2VzLlNlYXJjaFRleHQQAhgEIAA,12/07/2026,,ChIJy4OseYtDfCERQ9A36brthQg
Dream catcher,activites,peche,"Royal Rd, Bon Accueil",+230 5701 8527,,"-20,1470605","57,6862404",https://maps.google.com/?cid=1355251997421801690&g_mp=Cidnb29nbGUubWFwcy5wbGFjZXMudjEuUGxhY2VzLlNlYXJjaFRleHQQAhgEIAA,12/07/2026,,ChIJ3bsh6XD_fCER2hB334LSzhI
Ti Baz lapeche,activites,peche,Beau Bassin-Rose Hill,+230 5938 1055,,"-20,2442831","57,4586362",https://maps.google.com/?cid=3721990170465572106&g_mp=Cidnb29nbGUubWFwcy5wbGFjZXMudjEuUGxhY2VzLlNlYXJjaFRleHQQAhgEIAA,12/07/2026,,ChIJB6UyHgRFfCERCpUYEFcqpzM
TechSpot Tackle World Co Ltd,activites,peche,"A1, Beau Bassin-Rose Hill",+230 5773 5784,,"-20,2458768","57,4789314",https://maps.google.com/?cid=8603222798795860258&g_mp=Cidnb29nbGUubWFwcy5wbGFjZXMudjEuUGxhY2VzLlNlYXJjaFRleHQQAhgEIAA,12/07/2026,,ChIJacnkpCZbfCERIunEvY3JZHc
Anglers Spot Ltd,activites,peche,"MU, Salazie road, Brisée Verdière 42410",+230 5899 3007,https://www.facebook.com/AnglersSpotMauritius,"-20,1736333","57,651961",https://maps.google.com/?cid=13330636425866831960&g_mp=Cidnb29nbGUubWFwcy5wbGFjZXMudjEuUGxhY2VzLlNlYXJjaFRleHQQAhgEIAA,12/07/2026,,ChIJa0vzRUVRfCERWOisWTPv_7g
Izumi Fishing and Outdoor Equipment,activites,peche,"lot no 1, KL centre, B29, Port Louis",+230 216 1880,https://www.facebook.com/izumisystems/,"-20,1537863","57,5065094",https://maps.google.com/?cid=4279514929464523731&g_mp=Cidnb29nbGUubWFwcy5wbGFjZXMudjEuUGxhY2VzLlNlYXJjaFRleHQQAhgEIAA,12/07/2026,,ChIJRUaQff9QfCER07u2jSfkYzs
Nazareth Offshore Fishing Co-operatives Society Limited,activites,peche,"MU, 40 Des Roses St, Port Louis 11705",+230 5827 3323,,"-20,145678","57,5251604",https://maps.google.com/?cid=14469563026381928153&g_mp=Cidnb29nbGUubWFwcy5wbGFjZXMudjEuUGxhY2VzLlNlYXJjaFRleHQQAhgEIAA,12/07/2026,,ChIJnaQJKSpRfCER2fae0ug2zsg
King Fishing,activites,peche,"Domen Mont Calme, Tamarin",+230 5479 8737,http://fishing-mauritius.com/,"-20,3417144","57,3651671",https://maps.google.com/?cid=7596276795242375649&g_mp=Cidnb29nbGUubWFwcy5wbGFjZXMudjEuUGxhY2VzLlNlYXJjaFRleHQQAhgEIAA,12/07/2026,,ChIJWXrSDGJBfCER4en2m39la2k
The Wan Fishing Shop,activites,peche,"32 Dr Joseph Riviere Street, Port Louis",+230 240 0960,https://linktr.ee/thewanfishing,"-20,1605877","57,5064896",https://maps.google.com/?cid=14974271287957236564&g_mp=Cidnb29nbGUubWFwcy5wbGFjZXMudjEuUGxhY2VzLlNlYXJjaFRleHQQAhgEIAA,12/07/2026,,ChIJE8Re8qpRfCERVKsFOWZMz88
Baie du Tombeau Fisheries Post,activites,peche,"VFFW+MPM, Baie du Tombeau",,,"-20,1257864","57,4967994",https://maps.google.com/?cid=13715655630476356088&g_mp=Cidnb29nbGUubWFwcy5wbGFjZXMudjEuUGxhY2VzLlNlYXJjaFRleHQQAhgEIAA,12/07/2026,,ChIJK0umh4VRfCER-CkhlCDMV74
La Citronelle,activites,peche,"H9CQ+CWP, Route Royale, Chamarel",+230 5765 2663,,"-20,4289169","57,3898353",https://maps.google.com/?cid=17349119052513386521&g_mp=Cidnb29nbGUubWFwcy5wbGFjZXMudjEuUGxhY2VzLlNlYXJjaFRleHQQAhgEIAA,12/07/2026,,ChIJBc9IdqlpfCERGaAF09tzxPA
Ferme Marine De Mahebourg Ltd,activites,peche,"PFHH+844, Quatre Bornes",,,"-20,2717384","57,4778223",https://maps.google.com/?cid=4921611625505498006&g_mp=Cidnb29nbGUubWFwcy5wbGFjZXMudjEuUGxhY2VzLlNlYXJjaFRleHQQAhgEIAA,12/07/2026,,ChIJWWZDz0RbfCERliOwlLITTUQ
MS Fishing Equipment,activites,peche,"Idriss MU, Idrice Goomany St, Beau Bassin-Rose Hill 71258",+230 5938 6776,,"-20,2406346","57,4579361",https://maps.google.com/?cid=12044341959950928231&g_mp=Cidnb29nbGUubWFwcy5wbGFjZXMudjEuUGxhY2VzLlNlYXJjaFRleHQQAhgEIAA,12/07/2026,,ChIJtWnZIVxFfCERZwk17DIZJqc
La Butte Chaumon,activites,peche,M2,,,"-20,3058891","57,5462432",https://maps.google.com/?cid=12093127702635548236&g_mp=Cidnb29nbGUubWFwcy5wbGFjZXMudjEuUGxhY2VzLlNlYXJjaFRleHQQAhgEIAA,12/07/2026,,ChIJhX6EnwRcfCERTA4Hy5Jr06c
Jc Fishing Mauritius,activites,peche,"Block A1, rue anthhurium, pailles",+230 5496 3280,,"-20,1865286","57,4859522",https://maps.google.com/?cid=3489459327634240155&g_mp=Cidnb29nbGUubWFwcy5wbGFjZXMudjEuUGxhY2VzLlNlYXJjaFRleHQQAhgEIAA,12/07/2026,,ChIJoQe7KQBRfCERm_LPQcUMbTA
Societe D'Exportation Materials De Peche Ltee,activites,peche,"3 Ave Avocado, Beau Bassin-Rose Hill",,,"-20,2016892","57,467256",https://maps.google.com/?cid=9726862626265544701&g_mp=Cidnb29nbGUubWFwcy5wbGFjZXMudjEuUGxhY2VzLlNlYXJjaFRleHQQAhgEIAA,12/07/2026,,ChIJAynI9atafCER_beUAQbC_IY
Pointe aux Sables Fisheries Post,activites,peche,"RFP8+4F8, B31, Port Louis",+230 5918 8851,,"-20,1647084","57,4662074",https://maps.google.com/?cid=13418327111310367415&g_mp=Cidnb29nbGUubWFwcy5wbGFjZXMudjEuUGxhY2VzLlNlYXJjaFRleHQQAhgEIAA,12/07/2026,,ChIJMW7XgihQfCERt9qlFWp5N7o
Jardin de la Compagnie,activites,parcs-botaniques,"RGP2+GRJ, La Chaussée, Port Louis",,,"-20,1636664","57,5020118",https://maps.google.com/?cid=6176384933994150798&g_mp=Cidnb29nbGUubWFwcy5wbGFjZXMudjEuUGxhY2VzLlNlYXJjaFRleHQQAhgEIAA,12/07/2026,,ChIJ_2J-e1NQfCERjrvLol_ttlU
Le Morne Public Beach,activites,parcs-botaniques,"Brabant, Le Morne Brabant",,,"-20,4524764","57,3126958",https://maps.google.com/?cid=1151425708460786091&g_mp=Cidnb29nbGUubWFwcy5wbGFjZXMudjEuUGxhY2VzLlNlYXJjaFRleHQQAhgEIAA,12/07/2026,,ChIJlZsRYeRsfCERq8EO0pSv-g8
Slave Route Monument,activites,parcs-botaniques,"Le Morne Cultural Landscape, Unnamed Road, Le Morne",,https://www.ilemaurice.im/monument-de-la-route-de-lesclave/,"-20,4522813","57,3142741",https://maps.google.com/?cid=1957323751211882403&g_mp=Cidnb29nbGUubWFwcy5wbGFjZXMudjEuUGxhY2VzLlNlYXJjaFRleHQQAhgEIAA,12/07/2026,,ChIJSQVJBPFsfCERo1dr1ZTPKRs
La Nicolière Viewpoint,activites,parcs-botaniques,B49,,,"-20,16247","57,6228699",https://maps.google.com/?cid=17318035148116312594&g_mp=Cidnb29nbGUubWFwcy5wbGFjZXMudjEuUGxhY2VzLlNlYXJjaFRleHQQAhgEIAA,12/07/2026,,ChIJywrumRVWfCEREsIzWzYFVvA
Chalets Chamarel,activites,parcs-botaniques,"MU, Route Terres des Sept Couleurs, Chamarel 90404",+230 660 9796,https://searesortshotels.com/chaletschamarel/,"-20,4397331","57,3649636",https://maps.google.com/?cid=108397178541874593&g_mp=Cidnb29nbGUubWFwcy5wbGFjZXMudjEuUGxhY2VzLlNlYXJjaFRleHQQAhgEIAA,12/07/2026,,ChIJz6Kp4I5tfCERoZ2k2agagQE
Sommet de la montagne Le Pouce,activites,parcs-botaniques,"RG3G+9WX, St Pierre",,,"-20,1965163","57,5273632",https://maps.google.com/?cid=3718309045816631596&g_mp=Cidnb29nbGUubWFwcy5wbGFjZXMudjEuUGxhY2VzLlNlYXJjaFRleHQQAhgEIAA,12/07/2026,,ChIJrYT4kJdQfCERLKEFcWAWmjM
Enbalao Bar & Restaurant Chamarel,activites,culture-patrimoine,"Curious Mauritius, Baie du Cap – Chamarel Rd, Chamarel",+230 5763 6651,https://curiousmauritius.com/enbalao-restaurant-chamarel/,"-20,4378164","57,3903757",https://maps.google.com/?cid=15745540461427190874&g_mp=Cidnb29nbGUubWFwcy5wbGFjZXMudjEuUGxhY2VzLlNlYXJjaFRleHQQAhgEIAA,12/07/2026,,ChIJFfKp6sNvfCERWmzoT6Blg9o
Ruisseau Creole,activites,malls-shopping,"La Mivoie, La Preneuse",+230 483 4000,http://www.ruisseaucreole.com/,"-20,3580105","57,3685809",https://maps.google.com/?cid=15919556315368253948&g_mp=Cidnb29nbGUubWFwcy5wbGFjZXMudjEuUGxhY2VzLlNlYXJjaFRleHQQAhgEIAA,12/07/2026,,ChIJY1jBGPpBfCER_OlZlx-g7dw
Wapalapam Shop,activites,malls-shopping,"Centre commercial de l'harmonie Le Morne Brabant MU, Le Morne 91902",+230 5480 0245,,"-20,4435085","57,3221176",https://maps.google.com/?cid=7063315285588043365&g_mp=Cidnb29nbGUubWFwcy5wbGFjZXMudjEuUGxhY2VzLlNlYXJjaFRleHQQAhgEIAA,12/07/2026,,ChIJb_ZpO3FtfCERZeYPRtTvBWI
Riche Terre Mall,activites,malls-shopping,"Riche Terre Rd, Pamplemousses",+230 249 0037,https://www.ascenciamalls.com/riche-terre-mall,"-20,1299944","57,5215532",https://maps.google.com/?cid=9471792331818787474&g_mp=Cidnb29nbGUubWFwcy5wbGFjZXMudjEuUGxhY2VzLlNlYXJjaFRleHQQAhgEIAA,12/07/2026,,ChIJVwoshmRRfCERkuJTLPGQcoM
Bo'Valon Mall,activites,malls-shopping,"HMGX+C43, Royal Rd, Mahébourg",+230 630 0057,http://www.ascenciamalls.com/,"-20,4239807","57,6978035",https://maps.google.com/?cid=1850200876410065307&g_mp=Cidnb29nbGUubWFwcy5wbGFjZXMudjEuUGxhY2VzLlNlYXJjaFRleHQQAhgEIAA,12/07/2026,,ChIJCSRZ0UOLfCERm9GJ8eQ7rRk
Phoenix Mall,activites,malls-shopping,"Centre Commercial Phoenix, S Sivananda Ave, Vacoas-Phoenix",+230 697 6208,https://www.ascenciamalls.com/phoenix-mall,"-20,2785593","57,4953983",https://maps.google.com/?cid=17895525141119474991&g_mp=Cidnb29nbGUubWFwcy5wbGFjZXMudjEuUGxhY2VzLlNlYXJjaFRleHQQAhgEIAA,12/07/2026,,ChIJWeqL2WRbfCERL51_IU2tWfg
Le morne Tamarin Viewpoint,activites,malls-shopping,"H9HP+GH4, Chamarel",,,"-20,4212382","57,3864687",https://maps.google.com/?cid=2166585573967639460&g_mp=Cidnb29nbGUubWFwcy5wbGFjZXMudjEuUGxhY2VzLlNlYXJjaFRleHQQAhgEIAA,12/07/2026,,ChIJHXVngkVpfCERpLPTtxlCER4
Craft World Company,activites,malls-shopping,"Centre Commercial de L'Harmonie, Le Morne Brabant 91202, Le Morne",,,"-20,443618","57,3223106",https://maps.google.com/?cid=10366620036146472324&g_mp=Cidnb29nbGUubWFwcy5wbGFjZXMudjEuUGxhY2VzLlNlYXJjaFRleHQQAhgEIAA,12/07/2026,,ChIJ-aSCjyVtfCERhCX1h_-h3Y8
Spa Le Chamarel Holistic Retreat & Welllness,activites,malls-shopping,"Saint Anne, s Road, Chamarel",+230 5500 8208,http://www.lechamarelholisticretreat.com/,"-20,4259906","57,3912",https://maps.google.com/?cid=16921344830485349242&g_mp=Cidnb29nbGUubWFwcy5wbGFjZXMudjEuUGxhY2VzLlNlYXJjaFRleHQQAhgEIAA,12/07/2026,,ChIJo_kQzJBpfCEResP4Xnix1Oo
Floreal square,activites,malls-shopping,"MGR5+V3R, John Kennedy Avenue, Vacoas-Phoenix",,,"-20,3077744","57,5076425",https://maps.google.com/?cid=13270622758181946729&g_mp=Cidnb29nbGUubWFwcy5wbGFjZXMudjEuUGxhY2VzLlNlYXJjaFRleHQQAhgEIAA,12/07/2026,,ChIJ8zNnzvRcfCERaUWmeRa5Krg
Palais de Barbizon,activites,malls-shopping,"H9FR+R65, Chamarel",+230 5495 1690,,"-20,4254803","57,3906179",https://maps.google.com/?cid=2179277447342717553&g_mp=Cidnb29nbGUubWFwcy5wbGFjZXMudjEuUGxhY2VzLlNlYXJjaFRleHQQAhgEIAA,12/07/2026,,ChIJITVQH0lpfCERcfrhw0pZPh4
Roots of Chamarel,activites,malls-shopping,"H9CQ+CWP, Route Royale, Chamarel",,,"-20,428912","57,3898412",https://maps.google.com/?cid=16045030348134905846&g_mp=Cidnb29nbGUubWFwcy5wbGFjZXMudjEuUGxhY2VzLlNlYXJjaFRleHQQAhgEIAA,12/07/2026,,ChIJr0PgLQBpfCER9nfxZhdmq94
Caudan Waterfront,activites,malls-shopping,"Marina Quay, Caudan, Port Louis",+230 211 9500,http://www.caudan.com/,"-20,160863","57,498089",https://maps.google.com/?cid=15064681629939720786&g_mp=Cidnb29nbGUubWFwcy5wbGFjZXMudjEuUGxhY2VzLlNlYXJjaFRleHQQAhgEIAA,12/07/2026,,ChIJWQHWQUlQfCERUuLoViCAENE
Flamboyant Chamarel,activites,malls-shopping,"Royal road, Chamarel",+230 5774 3060,,"-20,4285391","57,3897507",https://maps.google.com/?cid=9861140946443720102&g_mp=Cidnb29nbGUubWFwcy5wbGFjZXMudjEuUGxhY2VzLlNlYXJjaFRleHQQAhgEIAA,12/07/2026,,ChIJrwoz6uNpfCERplXWuHHP2Yg
Chez M Chamarel,activites,malls-shopping,"H9FR+H5V, Chamarel",+230 5759 2344,,"-20,4260197","57,3904233",https://maps.google.com/?cid=10787781267045747389&g_mp=Cidnb29nbGUubWFwcy5wbGFjZXMudjEuUGxhY2VzLlNlYXJjaFRleHQQAhgEIAA,12/07/2026,,ChIJi0tAyLBpfCERvQrgAOjltZU
Woolworths So'flo Mauritius,activites,malls-shopping,"Georges Guibert St, Vacoas-Phoenix 73103",+230 606 3131,https://www.ascenciamalls.com/,"-20,3098148","57,5132708",https://maps.google.com/?cid=17002841735469280693&g_mp=Cidnb29nbGUubWFwcy5wbGFjZXMudjEuUGxhY2VzLlNlYXJjaFRleHQQAhgEIAA,12/07/2026,,ChIJO6VIuGBcfCERtS3VNnk69us
Chamarel,activites,malls-shopping,"H9FR+XM7, Royals road, Chamarel",,,"-20,4250942","57,391685",https://maps.google.com/?cid=6891954116225829937&g_mp=Cidnb29nbGUubWFwcy5wbGFjZXMudjEuUGxhY2VzLlNlYXJjaFRleHQQAhgEIAA,12/07/2026,,ChIJOX0wagBpfCERMYzu6cAjpV8
Le Gall Clothing Shop,activites,malls-shopping,"Harmonie shopping center, Le Morne 91205",+230 450 5412,http://www.legallclothing.com/,"-20,4433376","57,3223256",https://maps.google.com/?cid=3006046653577284023&g_mp=Cidnb29nbGUubWFwcy5wbGFjZXMudjEuUGxhY2VzLlNlYXJjaFRleHQQAhgEIAA,12/07/2026,,ChIJy9PxbvRsfCERt8m5NIGftyk
VinCe,activites,malls-shopping,"MU, Le Morne Road, Le Morne 00000",+230 5753 7311,,"-20,4435123","57,3223218",https://maps.google.com/?cid=11943197239126762365&g_mp=Cidnb29nbGUubWFwcy5wbGFjZXMudjEuUGxhY2VzLlNlYXJjaFRleHQQAhgEIAA,12/07/2026,,ChIJedTWEEZtfCERfaOTeJzCvqU
Plaza Boulevard,activites,malls-shopping,"QF4C+WHC, Beau Bassin-Rose Hill",+230 463 4016,,"-20,2426938","57,4713857",https://maps.google.com/?cid=3805936061022429064&g_mp=Cidnb29nbGUubWFwcy5wbGFjZXMudjEuUGxhY2VzLlNlYXJjaFRleHQQAhgEIAA,12/07/2026,,ChIJDbYQLfVbfCERiF8Xy65m0TQ
Restaurant Les Palmiers Chez Dev,activites,malls-shopping,"Royal Road, Chamarel",+230 483 4364,https://g4georgia.wixsite.com/lespalmierschezdev/contact,"-20,4337783","57,3917824",https://maps.google.com/?cid=6998984895406154961&g_mp=Cidnb29nbGUubWFwcy5wbGFjZXMudjEuUGxhY2VzLlNlYXJjaFRleHQQAhgEIAA,12/07/2026,,ChIJqT6Y1rRufCER0SQCH65jIWE
Intermart So'flo,activites,malls-shopping,"So'flo mall, Curepipe",+230 670 7788,http://www.intermartmauritius.com/,"-20,3092972","57,5130982",https://maps.google.com/?cid=3538059860355825271&g_mp=Cidnb29nbGUubWFwcy5wbGFjZXMudjEuUGxhY2VzLlNlYXJjaFRleHQQAhgEIAA,12/07/2026,,ChIJI_2MxWBcfCERd76TkrK2GTE
Chez Nella - Roots Chamarel,activites,malls-shopping,"H9CQ+CWP, Route Royale, Chamarel",,,"-20,429142","57,389951",https://maps.google.com/?cid=17638787837381444589&g_mp=Cidnb29nbGUubWFwcy5wbGFjZXMudjEuUGxhY2VzLlNlYXJjaFRleHQQAhgEIAA,12/07/2026,,ChIJz2TkLgBpfCER7QOacxWQyfQ
Noel Desirée Ave,activites,malls-shopping,"H9CQ+PVP, Chamarel",,,"-20,4281741","57,3897135",https://maps.google.com/?cid=5207754407211614199&g_mp=Cidnb29nbGUubWFwcy5wbGFjZXMudjEuUGxhY2VzLlNlYXJjaFRleHQQAhgEIAA,12/07/2026,,ChIJ1Z5Q-ktpfCER979SnwqpRUg
One Love Snack,activites,malls-shopping,"H9FR+X9V, B103 - Plaine Champagne Road, Chamarel",+230 5987 1678,,"-20,4250079","57,3909083",https://maps.google.com/?cid=14933152122318714058&g_mp=Cidnb29nbGUubWFwcy5wbGFjZXMudjEuUGxhY2VzLlNlYXJjaFRleHQQAhgEIAA,12/07/2026,,ChIJTY9_CzZpfCERynSta7w2Pc8
Club Sixty Nine,activites,malls-shopping,"Shop F05, Cascavelle Shopping Mall, Coastal Rd, Bambous",+230 5465 0069,https://www.clubsixtynine.com/,"-20,2780143","57,401744",https://maps.google.com/?cid=10033904790266457551&g_mp=Cidnb29nbGUubWFwcy5wbGFjZXMudjEuUGxhY2VzLlNlYXJjaFRleHQQAhgEIAA,12/07/2026,,ChIJVap1ZrZDfCERzy3srT6XP4s
Marché Central,activites,malls-shopping,"9 Corderie St, Port Louis",,,"-20,1606919","57,5029509",https://maps.google.com/?cid=93661475342135607&g_mp=Cidnb29nbGUubWFwcy5wbGFjZXMudjEuUGxhY2VzLlNlYXJjaFRleHQQAhgEIAA,12/07/2026,,ChIJT4oHW6tRfCERNzHolp3ATAE
Chamarel,activites,malls-shopping,Chamarel,,,"-20,4250942","57,391685",https://maps.google.com/?cid=9668632493184510709&g_mp=Cidnb29nbGUubWFwcy5wbGFjZXMudjEuUGxhY2VzLlNlYXJjaFRleHQQAhgEIAA,12/07/2026,,ChIJoRZi_UhpfCER9eoPpAbiLYY
La Marmite De Chamarel,activites,malls-shopping,"H9CQ+7W2, Chamarel",+230 5734 4228,,"-20,4293749","57,3897568",https://maps.google.com/?cid=13526810586364055335&g_mp=Cidnb29nbGUubWFwcy5wbGFjZXMudjEuUGxhY2VzLlNlYXJjaFRleHQQAhgEIAA,12/07/2026,,ChIJa-GvFwxpfCERJw85aI_iuLs
Chamarel Mountain Chalets,activites,activites-enfants-famille,"H98Q+P7J Piton Canot, Chamarel",+230 5252 2003,,"-20,4331654","57,3881475",https://maps.google.com/?cid=3019176159924128008&g_mp=Cidnb29nbGUubWFwcy5wbGFjZXMudjEuUGxhY2VzLlNlYXJjaFRleHQQAhgEIAA,12/07/2026,,ChIJRXCF8fNpfCERCAmbnrhE5ik
Renova Spa,activites,spa-bien-etre,"MU, Pointe Sud Ouest, Le Morne 91202",,https://renovaspa.com/hotel/details/3abbfd4c-b988-11e7-b164-00002d3a2f3d,"-20,4675991","57,3150662",https://maps.google.com/?cid=3483405255775992562&g_mp=Cidnb29nbGUubWFwcy5wbGFjZXMudjEuUGxhY2VzLlNlYXJjaFRleHQQAhgEIAA,12/07/2026,,ChIJj2RLac5tfCER8rpBz5-KVzA
Chez Pierre Paul,food,restaurants,"H98R+JH, Chamarel",+230 5737 9529,,"-20,4334616","57,3913886",https://maps.google.com/?cid=16591522452803942317&g_mp=Cidnb29nbGUubWFwcy5wbGFjZXMudjEuUGxhY2VzLlNlYXJjaFRleHQQAhgEIAA,12/07/2026,,ChIJPahfdRVvfCERrfdL4sPtQOY
La table du currybou,food,restaurants,"Domaine st Denis chamarel MU, 90407",+230 5472 0343,https://www.facebook.com/La-Table-du-Currybou-109161477305981/,"-20,4296863","57,4237367",https://maps.google.com/?cid=9788914074296043368&g_mp=Cidnb29nbGUubWFwcy5wbGFjZXMudjEuUGxhY2VzLlNlYXJjaFRleHQQAhgEIAA,12/07/2026,,ChIJxYFW4XBpfCERaMc8l3w12Yc
Kot Zanane Food Adventure Table Dhôte,food,restaurants,"MU, Dilo pouri, Le Morne 91201",+230 5714 4977,,"-20,4756375","57,3479405",https://maps.google.com/?cid=15205822227249035739&g_mp=Cidnb29nbGUubWFwcy5wbGFjZXMudjEuUGxhY2VzLlNlYXJjaFRleHQQAhgEIAA,12/07/2026,,ChIJDTjxDS9tfCER2_nqdMDuBdM
Mich Resto,food,restaurants,"H98R+2HR, Chamarel",+230 483 4158,,"-20,4348847","57,3913886",https://maps.google.com/?cid=17689412884832345215&g_mp=Cidnb29nbGUubWFwcy5wbGFjZXMudjEuUGxhY2VzLlNlYXJjaFRleHQQAhgEIAA,12/07/2026,,ChIJaQQJ5rRufCERf1ym1UtrffU
L’Alchimiste restaurant,food,restaurants,H9CW+XJX,+230 483 4980,http://www.rhumeriedechamarel.com/,"-20,4275018","57,3966003",https://maps.google.com/?cid=11744627147797958219&g_mp=Cidnb29nbGUubWFwcy5wbGFjZXMudjEuUGxhY2VzLlNlYXJjaFRleHQQAhgEIAA,12/07/2026,,ChIJx_3OsgZpfCERSw7oSypM_aI
Lakaz Chamarel View Bar,food,restaurants,"H9FM+VCV, Chamarel",,,"-20,4252715","57,3835498",https://maps.google.com/?cid=3068299498280737978&g_mp=Cidnb29nbGUubWFwcy5wbGFjZXMudjEuUGxhY2VzLlNlYXJjaFRleHQQAhgEIAA,12/07/2026,,ChIJ_4sAEnZpfCERulyIGyPKlCo
Saveur Tropical,food,restaurants,"Baie du Cap – Chamarel Rd, Chamarel",+230 483 4514,,"-20,4336301","57,3914597",https://maps.google.com/?cid=8373330749978715240&g_mp=Cidnb29nbGUubWFwcy5wbGFjZXMudjEuUGxhY2VzLlNlYXJjaFRleHQQAhgEIAA,12/07/2026,,ChIJyfoy0rRufCERaCRWC_QLNHQ
Le Bénitier,food,restaurants,"MU, Main road, Case Noyale 90302",+230 5973 0489,,"-20,408582","57,3695982",https://maps.google.com/?cid=16768232031011503341&g_mp=Cidnb29nbGUubWFwcy5wbGFjZXMudjEuUGxhY2VzLlNlYXJjaFRleHQQAhgEIAA,12/07/2026,,ChIJIbIQLExrfCER7XzEtzC6tOg
Heritage Sunset Café,food,restaurants,"H9C6+VVM, La Gaulette",+230 5918 3919,https://heritagesunsetcafe.com/,"-20,4277619","57,3621092",https://maps.google.com/?cid=14210682691298214862&g_mp=Cidnb29nbGUubWFwcy5wbGFjZXMudjEuUGxhY2VzLlNlYXJjaFRleHQQAhgEIAA,12/07/2026,,ChIJC50EfzZtfCERzkOfxp18NsU
SeaForest Restaurant,food,restaurants,"H958+R2C, La Gaulette",+230 660 9796,http://www.chaletschamarel.com/,"-20,4404306","57,3650022",https://maps.google.com/?cid=2372160729095973325&g_mp=Cidnb29nbGUubWFwcy5wbGFjZXMudjEuUGxhY2VzLlNlYXJjaFRleHQQAhgEIAA,12/07/2026,,ChIJ_W7UpBVtfCERzanlZ52b6yA
Le Brabant,food,restaurants,"H87C+F72, Le Morne",+230 401 5050,https://www.beachcomber-hotels.com/en/hotel/paradis-golf-resort-spa/dining,"-20,4363639","57,3206411",https://maps.google.com/?cid=15703114747107952997&g_mp=Cidnb29nbGUubWFwcy5wbGFjZXMudjEuUGxhY2VzLlNlYXJjaFRleHQQAhgEIAA,12/07/2026,,ChIJRUuF7EJtfCERZUmR8Kmr7Nk
Sugar Restaurant & Bar,food,restaurants,"MU, Royal Road, La Gaulette 91101",+230 5457 6334,https://www.facebook.com/profile.php?id=61582401216889,"-20,4392694","57,3522416",https://maps.google.com/?cid=9103008100640117389&g_mp=Cidnb29nbGUubWFwcy5wbGFjZXMudjEuUGxhY2VzLlNlYXJjaFRleHQQAhgEIAA,12/07/2026,,ChIJTbDPJs5tfCERjVIoQqNhVH4
Chamarel Café,food,restaurants,"H95F+PF4, La Gaulette",+230 483 4205,,"-20,4407478","57,3737084",https://maps.google.com/?cid=5838197420757713773&g_mp=Cidnb29nbGUubWFwcy5wbGFjZXMudjEuUGxhY2VzLlNlYXJjaFRleHQQAhgEIAA,12/07/2026,,ChIJ2Ujz56dufCERbYPdQJ9xBVE
Le morne snack,food,restaurants,"MU, Royal Road, Le Morne Brabant 91201",+230 5838 4553,,"-20,4732925","57,3464705",https://maps.google.com/?cid=3172334115526029084&g_mp=Cidnb29nbGUubWFwcy5wbGFjZXMudjEuUGxhY2VzLlNlYXJjaFRleHQQAhgEIAA,12/07/2026,,ChIJJ7RstjhtfCERHC_IABJlBiw
The Boathouse Bar & Grill,food,restaurants,"G8Q5+VPQ, Le Morne",,,"-20,4602977","57,3093736",https://maps.google.com/?cid=12417906559105521244&g_mp=Cidnb29nbGUubWFwcy5wbGFjZXMudjEuUGxhY2VzLlNlYXJjaFRleHQQAhgEIAA,12/07/2026,,ChIJyQZ7L9ltfCERXFZ6_ThEVaw
Emba Filao Restaurant,food,restaurants,"Plage, Le Morne, G8W6+6W8, Le Morne",+230 401 4000,,"-20,4544526","57,312328",https://maps.google.com/?cid=6244305260069701770&g_mp=Cidnb29nbGUubWFwcy5wbGFjZXMudjEuUGxhY2VzLlNlYXJjaFRleHQQAhgEIAA,12/07/2026,,ChIJmQ3NpONsfCERisiO34w6qFY
Gregory's Secret Restaurant,food,restaurants,"MU, Lot 141, vrs Morcellement, La Gaulette 91102",+230 5826 5036,http://www.happydaysmauritius.com/en/,"-20,4184787","57,3673421",https://maps.google.com/?cid=11646063408466509414&g_mp=Cidnb29nbGUubWFwcy5wbGFjZXMudjEuUGxhY2VzLlNlYXJjaFRleHQQAhgEIAA,12/07/2026,,ChIJ-XqlHpdtfCERZj5Sbfcgn6E
Taste of Flo,food,restaurants,"G8MV+63C, B9, Le Morne",+230 5733 0355,,"-20,4666623","57,3426457",https://maps.google.com/?cid=14332789155574406478&g_mp=Cidnb29nbGUubWFwcy5wbGFjZXMudjEuUGxhY2VzLlNlYXJjaFRleHQQAhgEIAA,12/07/2026,,ChIJJbQSFABtfCERTl2VcsxL6MY
Kot Moukesh,food,restaurants,Baie du Cap – Chamarel Rd,+230 5478 2105,,"-20,4340233","57,3915771",https://maps.google.com/?cid=3673205091146040356&g_mp=Cidnb29nbGUubWFwcy5wbGFjZXMudjEuUGxhY2VzLlNlYXJjaFRleHQQAhgEIAA,12/07/2026,,ChIJLXUpHeZvfCERJITqpJHY-TI
Floating Market Restaurant,food,restaurants,"G8Q5+MVW, Le Morne",,,"-20,4607717","57,3096982",https://maps.google.com/?cid=12523963747793968807&g_mp=Cidnb29nbGUubWFwcy5wbGFjZXMudjEuUGxhY2VzLlNlYXJjaFRleHQQAhgEIAA,12/07/2026,,ChIJ4eqW-mVtfCERpx4hf6wOzq0
The Beach - LUX* Le Morne,food,restaurants,Le Morne,+230 401 4000,https://www.luxresorts.com/en/mauritius/hotel/luxlemorne/restaurants-bars/the-beach,"-20,4549813","57,3118306",https://maps.google.com/?cid=11789280707947948939&g_mp=Cidnb29nbGUubWFwcy5wbGFjZXMudjEuUGxhY2VzLlNlYXJjaFRleHQQAhgEIAA,12/07/2026,,ChIJs9bwYgBtfCERi2uaclfwm6M
Eldorade Resto & Bar,food,restaurants,La Gaulette,+230 5721 6552,,"-20,4244375","57,3623125",https://maps.google.com/?cid=13018438521872743476&g_mp=Cidnb29nbGUubWFwcy5wbGFjZXMudjEuUGxhY2VzLlNlYXJjaFRleHQQAhgEIAA,12/07/2026,,ChIJQSGlyvlrfCERNHx8atzIqrQ
Dina's,food,restaurants,"G8X7+XRQ Dinarobin Beachcomber, Le Morne",+230 401 4900,https://www.beachcomber-hotels.com/en/hotel/dinarobin-golf-resort-spa/dining/restaurants/dinas,"-20,4500308","57,3146063",https://maps.google.com/?cid=6608250802976188655&g_mp=Cidnb29nbGUubWFwcy5wbGFjZXMudjEuUGxhY2VzLlNlYXJjaFRleHQQAhgEIAA,12/07/2026,,ChIJ6fdJlsBtfCER7-gV4hc5tVs
Chez Bhim,food,restaurants,"H994+GWR, Royal road, La Gaulette",+230 5777 5850,,"-20,4311496","57,3572757",https://maps.google.com/?cid=8363733311658530313&g_mp=Cidnb29nbGUubWFwcy5wbGFjZXMudjEuUGxhY2VzLlNlYXJjaFRleHQQAhgEIAA,12/07/2026,,ChIJAcpmUL9tfCERCRaCTSLzEXQ
Table d’hôte uniquement sur réservation,food,restaurants,"HC53+5R2, Chamarel",+230 483 5626,,"-20,4421066","57,4045033",https://maps.google.com/?cid=2309516039622012145&g_mp=Cidnb29nbGUubWFwcy5wbGFjZXMudjEuUGxhY2VzLlNlYXJjaFRleHQQAhgEIAA,12/07/2026,,ChIJPd3vDv9pfCER8ay8CJoMDSA
Chez Conchita,food,restaurants,"G8JV+P88, Le Morne",,,"-20,4682241","57,3433398",https://maps.google.com/?cid=14134520294450116654&g_mp=Cidnb29nbGUubWFwcy5wbGFjZXMudjEuUGxhY2VzLlNlYXJjaFRleHQQAhgEIAA,12/07/2026,,ChIJHemZHF5tfCERLrg_5VHnJ8Q
Le Plage (Restaurant Dinarobin Beachcomber),food,restaurants,"H838+WHJ, Le Morne",,,"-20,4474726","57,3153323",https://maps.google.com/?cid=7355153153858373693&g_mp=Cidnb29nbGUubWFwcy5wbGFjZXMudjEuUGxhY2VzLlNlYXJjaFRleHQQAhgEIAA,12/07/2026,,ChIJTXkvHbdtfCERPYhS_NLAEmY
Chamarel View Point,food,restaurants,Baie du Cap – Chamarel Rd,,https://wowmauritius.com/2025/03/24/mauritius-attractions-the-7-colored-earth-and-chamarel-waterfall/,"-20,4212564","57,3864302",https://maps.google.com/?cid=923483892648852162&g_mp=Cidnb29nbGUubWFwcy5wbGFjZXMudjEuUGxhY2VzLlNlYXJjaFRleHQQAhgEIAA,12/07/2026,,ChIJSVNf-VppfCERwjohIbXf0Aw
Blue Marlin,food,restaurants,Le Morne,+230 401 5050,https://www.beachcomber-hotels.com/fr/hotel/paradis-golf-resort-spa/dining/restaurants/blue-marlin,"-20,4356521","57,3206726",https://maps.google.com/?cid=8845284067552007931&g_mp=Cidnb29nbGUubWFwcy5wbGFjZXMudjEuUGxhY2VzLlNlYXJjaFRleHQQAhgEIAA,12/07/2026,,ChIJtwi9iYxsfCER-xbcv_7CwHo
Umami,food,restaurants,Le Morne Brabant,+230 401 4901,https://www.beachcomber-hotels.com/de/hotel/dinarobin-golf-resort-spa/dining/restaurants/umami,"-20,4503449","57,3142057",https://maps.google.com/?cid=16224440377497321639&g_mp=Cidnb29nbGUubWFwcy5wbGFjZXMudjEuUGxhY2VzLlNlYXJjaFRleHQQAhgEIAA,12/07/2026,,ChIJc_-rRgptfCERp4A7BJDKKOE
aloha restaurant,food,restaurants,"royal road, La Gaulette",+230 5486 9921,,"-20,4265003","57,3606846",https://maps.google.com/?cid=15668511122270095586&g_mp=Cidnb29nbGUubWFwcy5wbGFjZXMudjEuUGxhY2VzLlNlYXJjaFRleHQQAhgEIAA,12/07/2026,,ChIJbYre9TFrfCER4ogqstm7cdk
Ocean Vibes,food,restaurants,La Gaulette,+230 451 5910,,"-20,4265396","57,3605965",https://maps.google.com/?cid=7647731150770503930&g_mp=Cidnb29nbGUubWFwcy5wbGFjZXMudjEuUGxhY2VzLlNlYXJjaFRleHQQAhgEIAA,12/07/2026,,ChIJDQQe_PdrfCER-oBdU_YyImo
INDYA,food,restaurants,"Coastal Road Le Morne Peninsula MU, Le Morne 91102",,https://www.marriott.com/en-us/hotels/mruxm-the-st-regis-le-morne-resort-mauritius/dining/?scid=feed67b0-9a2f-4de1-8df6-114544116108,"-20,4611596","57,3102354",https://maps.google.com/?cid=1902630430948074640&g_mp=Cidnb29nbGUubWFwcy5wbGFjZXMudjEuUGxhY2VzLlNlYXJjaFRleHQQAhgEIAA,12/07/2026,,ChIJI9dOOehtfCERkCSC30uAZxo
View Point Chamarel (Carpark),food,restaurants,"H9JJ+XJ, Case Noyale",,,"-20,4175264","57,3815921",https://maps.google.com/?cid=2114892423270830152&g_mp=Cidnb29nbGUubWFwcy5wbGFjZXMudjEuUGxhY2VzLlNlYXJjaFRleHQQAhgEIAA,12/07/2026,,ChIJHYCoJYJpfCERSBA5K3SbWR0
Lakaz Chamarel,food,restaurants,"H9GP+XJ2, Lakaz Chamarel Road, Chamarel",,,"-20,422606","57,386524",https://maps.google.com/?cid=7898642336044891800&g_mp=Cidnb29nbGUubWFwcy5wbGFjZXMudjEuUGxhY2VzLlNlYXJjaFRleHQQAhgEIAA,12/07/2026,,ChIJP0Xe46RpfCERmD7RF1udnW0
Rangoli,food,restaurants,"G8X7+XRQ, Le Morne",,,"-20,4499646","57,3146224",https://maps.google.com/?cid=2777982678744653723&g_mp=Cidnb29nbGUubWFwcy5wbGFjZXMudjEuUGxhY2VzLlNlYXJjaFRleHQQAhgEIAA,12/07/2026,,ChIJCWUKKgBtfCERm1_DJodgjSY
La Table du Pêcheur - Table d'hôte Chez Laurent et Zereen (Only on Reservation),food,restaurants,"MU, Rue Des Orchidées, La Gaulette 91101",+230 5759 5253,https://www.facebook.com/profile.php?id=61552119962174,"-20,4339234","57,3537391",https://maps.google.com/?cid=12936012824481504965&g_mp=Cidnb29nbGUubWFwcy5wbGFjZXMudjEuUGxhY2VzLlNlYXJjaFRleHQQAhgEIAA,12/07/2026,,ChIJs2sHX9xtfCERxR4ePSDzhbM
Nadi'Miel Chamarel,food,restaurants,"Jean-François Quint Rd, Chamarel",+230 5253 8760,,"-20,4257913","57,3915033",https://maps.google.com/?cid=13191360546103437183&g_mp=Cidnb29nbGUubWFwcy5wbGFjZXMudjEuUGxhY2VzLlNlYXJjaFRleHQQAhgEIAA,12/07/2026,,ChIJUSKJ5CRpfCERfyeZnoYgEbc
Molakaz Bistrot ( work on reservation ),food,restaurants,"G8MR+RQ, Le Morne",+230 5826 6515,,"-20,4653684","57,3420169",https://maps.google.com/?cid=12240240955981779687&g_mp=Cidnb29nbGUubWFwcy5wbGFjZXMudjEuUGxhY2VzLlNlYXJjaFRleHQQAhgEIAA,12/07/2026,,ChIJWSjrdwBtfCER51J7QkwS3qk
Paradis Bar,food,bars,"H87C+83P, Le Morne",,,"-20,4366633","57,3201947",https://maps.google.com/?cid=11565649351623370207&g_mp=Cidnb29nbGUubWFwcy5wbGFjZXMudjEuUGxhY2VzLlNlYXJjaFRleHQQAhgEIAA,12/07/2026,,ChIJfyqkfwRtfCER3-U80M5wgaA
Juice Shack,food,bars,"H9FR+W9V, B103 - Plaine Champagne Road, Chamarel",,,"-20,4251304","57,3909314",https://maps.google.com/?cid=16667116570714445057&g_mp=Cidnb29nbGUubWFwcy5wbGFjZXMudjEuUGxhY2VzLlNlYXJjaFRleHQQAhgEIAA,12/07/2026,,ChIJr-r9Ro1pfCERARV2Azd-Tec
"Lounge Bar ""Maravanne""",food,bars,"G8M6+G4Q, Le Morne",+230 650 4203,,"-20,4661616","57,3103517",https://maps.google.com/?cid=2408252273843687545&g_mp=Cidnb29nbGUubWFwcy5wbGFjZXMudjEuUGxhY2VzLlNlYXJjaFRleHQQAhgEIAA,12/07/2026,,ChIJC8_G1BttfCERedD6_67UayE
Les Terrasses du Bénitier,food,cafes-terrasses,"Morcellement le Petit Morne, La Gaulette",+230 5749 1526,https://www.facebook.com/lesterrassesdubenitier,"-20,4299507","57,3590005",https://maps.google.com/?cid=12814783720646935478&g_mp=Cidnb29nbGUubWFwcy5wbGFjZXMudjEuUGxhY2VzLlNlYXJjaFRleHQQAhgEIAA,12/07/2026,,ChIJZ2526N5tfCERtoOe9uVB17E
La Prairie Snack,food,snacks-plage,"MU, Alamanda road, Le Morne 91205",+230 5840 8253,,"-20,4769553","57,3486491",https://maps.google.com/?cid=12860872659604258158&g_mp=Cidnb29nbGUubWFwcy5wbGFjZXMudjEuUGxhY2VzLlNlYXJjaFRleHQQAhgEIAA,12/07/2026,,ChIJbS8UWBJtfCERbr0-SYv_erI
🏖) Plage Du MORNE,food,snacks-plage,"Brabant, G8X7+JHR, Le Morne",,,"-20,4508755","57,3138767",https://maps.google.com/?cid=18242673361527985531&g_mp=Cidnb29nbGUubWFwcy5wbGFjZXMudjEuUGxhY2VzLlNlYXJjaFRleHQQAhgEIAA,12/07/2026,,ChIJgRl0HOVsfCERe1Vbu8T-Kv0
Kozy Le Morne,food,tables-hotes,"Chemin des Campêches Le Morne Brabant, Le Morne",+230 5791 0677,https://le-morne.com/?tracking=maps,"-20,4451316","57,3229223",https://maps.google.com/?cid=719678346056691831&g_mp=Cidnb29nbGUubWFwcy5wbGFjZXMudjEuUGxhY2VzLlNlYXJjaFRleHQQAhgEIAA,12/07/2026,,ChIJX0-VIPRsfCERd_A_iaTP_Ak
Résidence au bout du Morne,food,tables-hotes,"MU, Route Royale Dilo Pourrie, Le Morne 91201",+230 5474 9990,,"-20,4772323","57,3489179",https://maps.google.com/?cid=3581696188360916335&g_mp=Cidnb29nbGUubWFwcy5wbGFjZXMudjEuUGxhY2VzLlNlYXJjaFRleHQQAhgEIAA,12/07/2026,,ChIJJSm_GYVtfCERb32f6LS9tDE
L'embrasure,food,tables-hotes,Le Morne,+230 451 5320,http://www.lepetitmorne.com/lembrasure/,"-20,4551015","57,3455336",https://maps.google.com/?cid=6584247174466672876&g_mp=Cidnb29nbGUubWFwcy5wbGFjZXMudjEuUGxhY2VzLlNlYXJjaFRleHQQAhgEIAA,12/07/2026,,ChIJkYFEIEZsfCER7Jh0m-vxX1s
The Rusty Pelican Mauritius,food,tables-hotes,La Gaulette,+230 5747 4544,https://www.rusty-pelican.com/,"-20,425519","57,3640731",https://maps.google.com/?cid=14384080341460399466&g_mp=Cidnb29nbGUubWFwcy5wbGFjZXMudjEuUGxhY2VzLlNlYXJjaFRleHQQAhgEIAA,12/07/2026,,ChIJTcIcX71rfCERajVtRdyEnsc
Lodge Le Petit Morne,food,tables-hotes,"G8XX+83, Le Morne",,http://www.lepetitmorne.com/,"-20,4517367","57,3476846",https://maps.google.com/?cid=7116632254447621725&g_mp=Cidnb29nbGUubWFwcy5wbGFjZXMudjEuUGxhY2VzLlNlYXJjaFRleHQQAhgEIAA,12/07/2026,,ChIJTRlUa6VtfCERXRZwc1Rbw2I
Beachcomber Catering (Plaisance Catering),food,chefs-domicile,Plaine Magnien,+230 603 2600,http://www.cccs.co.in/,"-20,431308","57,6706533",https://maps.google.com/?cid=17099812315267591801&g_mp=Cidnb29nbGUubWFwcy5wbGFjZXMudjEuUGxhY2VzLlNlYXJjaFRleHQQAhgEIAA,12/07/2026,,ChIJi5NfteuKfCERee5fubO8Tu0
Carrefour,food,grandes-surfaces,"VG9C+XFH, Riche Terre Rd, Port Louis",+230 206 9300,http://jumbo.mu/,"-20,129565","57,5211002",https://maps.google.com/?cid=13907881455897031047&g_mp=Cidnb29nbGUubWFwcy5wbGFjZXMudjEuUGxhY2VzLlNlYXJjaFRleHQQAhgEIAA,12/07/2026,,ChIJJyESjGRRfCERhzH8PH-4AsE
GSR La Gaulette Supermarket,food,grandes-surfaces,"Royal Road La Gaulette, Black River",+230 451 5218,,"-20,4257042","57,3623317",https://maps.google.com/?cid=16754081894112939587&g_mp=Cidnb29nbGUubWFwcy5wbGFjZXMudjEuUGxhY2VzLlNlYXJjaFRleHQQAhgEIAA,12/07/2026,,ChIJpa2PFfhrfCERQ85nPLd0gug
Intermart Bagatelle,food,grandes-surfaces,"QFFX+R5R, Moka",+230 468 8088,http://intermartmauritius.com/,"-20,2253832","57,4978984",https://maps.google.com/?cid=5111912112107976979&g_mp=Cidnb29nbGUubWFwcy5wbGFjZXMudjEuUGxhY2VzLlNlYXJjaFRleHQQAhgEIAA,12/07/2026,,ChIJ1wNXlPJafCERE3k2Xfso8UY
Intermart Mahogany Beau Plan,food,grandes-surfaces,"WH2G+3WM aventure du sucre, Pamplemousses",+230 260 7788,,"-20,0997977","57,5772935",https://maps.google.com/?cid=2522409281135106190&g_mp=Cidnb29nbGUubWFwcy5wbGFjZXMudjEuUGxhY2VzLlNlYXJjaFRleHQQAhgEIAA,12/07/2026,,ChIJDQUAOUZVfCERjtg0fOBlASM
Lolo Hypermarket,food,grandes-surfaces,"WHC7+PQM, B11, Morcellement St Andre",+230 261 6999,http://www.lolohyper.mu/,"-20,0781622","57,5644112",https://maps.google.com/?cid=11419539600817603368&g_mp=Cidnb29nbGUubWFwcy5wbGFjZXMudjEuUGxhY2VzLlNlYXJjaFRleHQQAhgEIAA,12/07/2026,,ChIJf2b6nZpUfCERKEM9fcNaep4
Lolo Hypermarket Valentina,food,grandes-surfaces,Vacoas-Phœnix,+230 660 6999,http://www.lolo.mu/,"-20,2802465","57,5059943",https://maps.google.com/?cid=11284519934946008169&g_mp=Cidnb29nbGUubWFwcy5wbGFjZXMudjEuUGxhY2VzLlNlYXJjaFRleHQQAhgEIAA,12/07/2026,,ChIJxXPCosRbfCERaVxFxxermpw
Intermart Montebello,food,grandes-surfaces,"RF5H+3MQ, Azie Lane, Port Louis",,,"-20,1926949","57,4787616",https://maps.google.com/?cid=11853816699753253833&g_mp=Cidnb29nbGUubWFwcy5wbGFjZXMudjEuUGxhY2VzLlNlYXJjaFRleHQQAhgEIAA,12/07/2026,,ChIJYf7yEwBRfCERycti9Xs3gaQ
Mauritius Duty Free Paradise Co Ltd.,food,grandes-surfaces,"SSR International Airport Plaine Magnien MU, Plaine Magnien 51520",+230 603 6400,,"-20,4332976","57,6789002",https://maps.google.com/?cid=4573085907253940935&g_mp=Cidnb29nbGUubWFwcy5wbGFjZXMudjEuUGxhY2VzLlNlYXJjaFRleHQQAhgEIAA,12/07/2026,,ChIJ5w61k-mKfCERx1I3RWfddj8
"Intermart, Partenaire Intermarché - Curepipe",food,grandes-surfaces,"Botanical Garden Curepipe, Curepipe 74213",+230 670 5110,http://intermartmauritius.com/,"-20,3231411","57,5184236",https://maps.google.com/?cid=17436653468813632178&g_mp=Cidnb29nbGUubWFwcy5wbGFjZXMudjEuUGxhY2VzLlNlYXJjaFRleHQQAhgEIAA,12/07/2026,,ChIJq6paD1BcfCERsiI4UPJv-_E
L'Embrazure Store,food,epiceries-specialisees,"G8MV+35X, B9, Le Morne",,,"-20,467262","57,3429898",https://maps.google.com/?cid=9722287242576370154&g_mp=Cidnb29nbGUubWFwcy5wbGFjZXMudjEuUGxhY2VzLlNlYXJjaFRleHQQAhgEIAA,12/07/2026,,ChIJqdG2GGptfCER6pkTeryA7IY
Euro Market,food,epiceries-specialisees,"Royal Road Le Morne Village, G8JV+X75, Le Morne",+230 5855 7418,,"-20,4676233","57,3432265",https://maps.google.com/?cid=623324939823690159&g_mp=Cidnb29nbGUubWFwcy5wbGFjZXMudjEuUGxhY2VzLlNlYXJjaFRleHQQAhgEIAA,12/07/2026,,ChIJKfn_bMxtfCERrzHV8bp-pgg
SamBilla Vanille | Vanilla House,food,epiceries-specialisees,"MU, 25 royale road dilo pouri, Le Morne 91201",+230 5732 0399,https://www.facebook.com/share/18WPBDWUqg/?mibextid=wwXIfr,"-20,4773952","57,349026",https://maps.google.com/?cid=1323517702608964486&g_mp=Cidnb29nbGUubWFwcy5wbGFjZXMudjEuUGxhY2VzLlNlYXJjaFRleHQQAhgEIAA,12/07/2026,,ChIJI2b_amVbfCERhsvylVYUXhI
La Maison du Gourmet,food,epiceries-specialisees,"Business Centre, Montagne Ory Road, 80813, Moka",+230 433 5652,https://www.lamaisondugourmet.shop/,"-20,2250377","57,5060374",https://maps.google.com/?cid=18080755012198366233&g_mp=Cidnb29nbGUubWFwcy5wbGFjZXMudjEuUGxhY2VzLlNlYXJjaFRleHQQAhgEIAA,12/07/2026,,ChIJ1diKz4pafCERGXzyPOO-6_o
Chez Robert,food,epiceries-specialisees,"H9C5+9FW, Route Royale, La Gaulette",+230 451 5235,,"-20,4290109","57,3587004",https://maps.google.com/?cid=3690323259243704473&g_mp=Cidnb29nbGUubWFwcy5wbGFjZXMudjEuUGxhY2VzLlNlYXJjaFRleHQQAhgEIAA,12/07/2026,,ChIJG6W7J5NtfCERmTCVvXOpNjM
Tabagie Brabant,food,epiceries-specialisees,"G8HW+488, Le Morne",+230 5750 2306,,"-20,4722103","57,3458323",https://maps.google.com/?cid=1677977100090256454&g_mp=Cidnb29nbGUubWFwcy5wbGFjZXMudjEuUGxhY2VzLlNlYXJjaFRleHQQAhgEIAA,12/07/2026,,ChIJkzltk7ZtfCERRqweQEhfSRc
KYÔ Mart,food,epiceries-specialisees,"Le Corner Est 35 Rue Beau Climat, Av. d'Helvétia, Moka",+230 5255 8996,,"-20,2285648","57,5241044",https://maps.google.com/?cid=6487298052047505741&g_mp=Cidnb29nbGUubWFwcy5wbGFjZXMudjEuUGxhY2VzLlNlYXJjaFRleHQQAhgEIAA,12/07/2026,,ChIJA9uSgkpbfCERTQlgCDWDB1o
Fruits and Vegetables Markets ( Chez Vinod ) La gaulette Mauritius 🇲🇺,food,epiceries-specialisees,"B9, La Gaulette",+230 5764 3004,,"-20,4312921","57,3575102",https://maps.google.com/?cid=1213037724574494889&g_mp=Cidnb29nbGUubWFwcy5wbGFjZXMudjEuUGxhY2VzLlNlYXJjaFRleHQQAhgEIAA,12/07/2026,,ChIJYUUNLQlsfCERqTBpMGKT1RA
Food Lover's Market,food,epiceries-specialisees,"42 market Street, Bagatelle",+230 5495 0711,https://foodloversmarket.mu/,"-20,2232262","57,496278",https://maps.google.com/?cid=5772378403961227498&g_mp=Cidnb29nbGUubWFwcy5wbGFjZXMudjEuUGxhY2VzLlNlYXJjaFRleHQQAhgEIAA,12/07/2026,,ChIJxS8mvPJafCER6sg-NZObG1A
Shein Dhaka Product & Foodstuff Ltd,food,epiceries-specialisees,"One Way ST, St Pierre",+230 5837 5101,,"-20,2238438","57,5364166",https://maps.google.com/?cid=16617045378845331265&g_mp=Cidnb29nbGUubWFwcy5wbGFjZXMudjEuUGxhY2VzLlNlYXJjaFRleHQQAhgEIAA,12/07/2026,,ChIJo5KzTwBbfCERQU-fLruam-Y
Bienvenue Boutik,food,epiceries-specialisees,"QGJP+9JP, Makoon Lane Lagrement, St Pierre",,,"-20,2190299","57,5365837",https://maps.google.com/?cid=3218095106804380337&g_mp=Cidnb29nbGUubWFwcy5wbGFjZXMudjEuUGxhY2VzLlNlYXJjaFRleHQQAhgEIAA,12/07/2026,,ChIJmcfvt6VbfCERsXJ_DnP4qCw
Tabagie El Shaddai,food,epiceries-specialisees,"H9H7+98, Case Noyale",,,"-20,4216334","57,3633317",https://maps.google.com/?cid=10420164007605550844&g_mp=Cidnb29nbGUubWFwcy5wbGFjZXMudjEuUGxhY2VzLlNlYXJjaFRleHQQAhgEIAA,12/07/2026,,ChIJST19GgBrfCER_L6j3vTbm5A
Score2000 super market,food,epiceries-specialisees,"QGHR+6HW, St Pierre",+230 433 1062,,"-20,2218989","57,5414538",https://maps.google.com/?cid=9232609342300072590&g_mp=Cidnb29nbGUubWFwcy5wbGFjZXMudjEuUGxhY2VzLlNlYXJjaFRleHQQAhgEIAA,12/07/2026,,ChIJc1yk-w9afCERjqq_xUfRIIA
Tulloo Store,food,epiceries-specialisees,"Route BOis Cherie Petit Verger Saint Pierre MU, St Pierre 00080",+230 433 4717,,"-20,215869","57,5275331",https://maps.google.com/?cid=6153772799043364773&g_mp=Cidnb29nbGUubWFwcy5wbGFjZXMudjEuUGxhY2VzLlNlYXJjaFRleHQQAhgEIAA,12/07/2026,,ChIJGSpnS2hbfCERpedws8GXZlU
Ventricosa Convenience Store,food,epiceries-specialisees,La Gaulette,+230 5257 7048,,"-20,4270796","57,3601084",https://maps.google.com/?cid=4940945405233014284&g_mp=Cidnb29nbGUubWFwcy5wbGFjZXMudjEuUGxhY2VzLlNlYXJjaFRleHQQAhgEIAA,12/07/2026,,ChIJYTxR7z9tfCERDCaD9arDkUQ
Votre Pote Agé,food,epiceries-specialisees,"J9RC+299, Grande Riviere Noire",,,"-20,3595889","57,3704512",https://maps.google.com/?cid=10567864214859801502&g_mp=Cidnb29nbGUubWFwcy5wbGFjZXMudjEuUGxhY2VzLlNlYXJjaFRleHQQAhgEIAA,12/07/2026,,ChIJuUC7FP9rfCERnuNHMYOYqJI
Alouette self service,food,epiceries-specialisees,"Royal road, L’Avenir 80402",+230 433 7614,,"-20,2164108","57,5522396",https://maps.google.com/?cid=2550028955831097450&g_mp=Cidnb29nbGUubWFwcy5wbGFjZXMudjEuUGxhY2VzLlNlYXJjaFRleHQQAhgEIAA,12/07/2026,,ChIJF9-uIWdbfCERathFH9OFYyM
Club Gourmand Ebene,food,epiceries-specialisees,"MU, IconEbene Rue de L'institut, Ebene 72201",+230 5447 2733,,"-20,2413881","57,4906571",https://maps.google.com/?cid=2260245836776267366&g_mp=Cidnb29nbGUubWFwcy5wbGFjZXMudjEuUGxhY2VzLlNlYXJjaFRleHQQAhgEIAA,12/07/2026,,ChIJW1VZjRhbfCERZt4a_pwBXh8
Maison Epifine,food,epiceries-specialisees,"MU, Moka 80829",+230 5429 7502,,"-20,2308578","57,5093843",https://maps.google.com/?cid=4244121022472493608&g_mp=Cidnb29nbGUubWFwcy5wbGFjZXMudjEuUGxhY2VzLlNlYXJjaFRleHQQAhgEIAA,12/07/2026,,ChIJpbNmWQBbfCERKJo9aJUl5jo
Nalla Store,food,epiceries-specialisees,"13 Nalla Ln, Beau Bassin-Rose Hill 742CU001",+230 464 8291,,"-20,2445974","57,4766704",https://maps.google.com/?cid=1557157831075252698&g_mp=Cidnb29nbGUubWFwcy5wbGFjZXMudjEuUGxhY2VzLlNlYXJjaFRleHQQAhgEIAA,12/07/2026,,ChIJC0UvYSZbfCER2kl1FMwinBU
Khoyrattee Self Service,food,epiceries-specialisees,"Royal road L'Avenir MU, St Pierre 81420",+230 5738 2988,,"-20,2184928","57,550182",https://maps.google.com/?cid=1438904167281125870&g_mp=Cidnb29nbGUubWFwcy5wbGFjZXMudjEuUGxhY2VzLlNlYXJjaFRleHQQAhgEIAA,12/07/2026,,ChIJTdIUrhtbfCER7umebLcD-BM
Gourmet & Co,food,epiceries-specialisees,"A122, Tribeca Mall",+230 5257 6689,https://gourmetco.mu/,"-20,246004","57,4981239",https://maps.google.com/?cid=13116169928682448183&g_mp=Cidnb29nbGUubWFwcy5wbGFjZXMudjEuUGxhY2VzLlNlYXJjaFRleHQQAhgEIAA,12/07/2026,,ChIJK6YE0TdbfCERNyXHxA7_BbY
Citizen store,food,epiceries-specialisees,"QH58+4F8, Dagotiere Branch Rd, Dagotiere",,,"-20,2422038","57,5661922",https://maps.google.com/?cid=11266950878017371938&g_mp=Cidnb29nbGUubWFwcy5wbGFjZXMudjEuUGxhY2VzLlNlYXJjaFRleHQQAhgEIAA,12/07/2026,,ChIJb1AdD2RZfCERIj8A8iBAXJw
Telfair Store,food,epiceries-specialisees,"8 MU, Résidence, Moka 80829",,,"-20,2297105","57,505306",https://maps.google.com/?cid=12277789893559182440&g_mp=Cidnb29nbGUubWFwcy5wbGFjZXMudjEuUGxhY2VzLlNlYXJjaFRleHQQAhgEIAA,12/07/2026,,ChIJCef1gLxbfCERaOR5kNt4Y6o
Dream Price Supermarket St Pierre,food,epiceries-specialisees,"Circonstance, St Pierre, 81402, St Pierre",+230 432 0760,http://www.dreamprice.mu/,"-20,222253","57,5411735",https://maps.google.com/?cid=7630604569739329837&g_mp=Cidnb29nbGUubWFwcy5wbGFjZXMudjEuUGxhY2VzLlNlYXJjaFRleHQQAhgEIAA,12/07/2026,,ChIJmdPN4g9afCERLQHJcG1a5Wk
Food paradise,food,epiceries-specialisees,"QGJV+47V, St Pierre",,,"-20,21957","57,543925",https://maps.google.com/?cid=1625731499184698880&g_mp=Cidnb29nbGUubWFwcy5wbGFjZXMudjEuUGxhY2VzLlNlYXJjaFRleHQQAhgEIAA,12/07/2026,,ChIJ9fdsawBbfCERADYRXS_CjxY
Supermarché Lala,food,epiceries-specialisees,"QFM7+GR4, Beau Bassin-Rose Hill",+230 5252 3663,,"-20,2162346","57,464574",https://maps.google.com/?cid=16609811663585312256&g_mp=Cidnb29nbGUubWFwcy5wbGFjZXMudjEuUGxhY2VzLlNlYXJjaFRleHQQAhgEIAA,12/07/2026,,ChIJpbw_b7VafCERAH4kmrTngeY
Saffers.mu,food,epiceries-specialisees,Rivière Noire,+230 5940 3466,https://saffers.mu/,"-20,3516253","57,3647608",https://maps.google.com/?cid=2873421424548472115&g_mp=Cidnb29nbGUubWFwcy5wbGFjZXMudjEuUGxhY2VzLlNlYXJjaFRleHQQAhgEIAA,12/07/2026,,ChIJMSHCYyBrfCERM2U1xI9x4Cc
Sunset Store,food,epiceries-specialisees,"Morc Chapman’s View Coromandel, 1 Neon Ave, Beau Bassin-Rose Hill",+230 5458 5763,,"-20,2033653","57,4639613",https://maps.google.com/?cid=16276206644454711400&g_mp=Cidnb29nbGUubWFwcy5wbGFjZXMudjEuUGxhY2VzLlNlYXJjaFRleHQQAhgEIAA,12/07/2026,,ChIJexzgdUtbfCERaGCTRbWz4OE
Island drink ltd,food,epiceries-specialisees,"Shivala road l'agrement, St Pierre",,,"-20,2165217","57,5396551",https://maps.google.com/?cid=2183504818869889691&g_mp=Cidnb29nbGUubWFwcy5wbGFjZXMudjEuUGxhY2VzLlNlYXJjaFRleHQQAhgEIAA,12/07/2026,,ChIJA6cGM5lbfCERm-oXZhBeTR4
La Vie Claire,food,epiceries-specialisees,"MU, Leclezio Ave, Moka 80815",+230 434 2705,https://magasins.lavieclaire.com/lavieclaire/fr/store/maurice/moka/moka/moka/19909d?utm_source=GMB&utm_campaign=Multidiffusion&utm_medium=local&utm_content=19909D&origin=GMB,"-20,2217739","57,5027797",https://maps.google.com/?cid=14236251957891894337&g_mp=Cidnb29nbGUubWFwcy5wbGFjZXMudjEuUGxhY2VzLlNlYXJjaFRleHQQAhgEIAA,12/07/2026,,ChIJS0HndSpbfCERQQwbk7pTkcU
Boutique Ocean Bleu,food,epiceries-specialisees,"G94H+RJ5, Baie du Cap",,,"-20,4929261","57,3794343",https://maps.google.com/?cid=869692344378123382&g_mp=Cidnb29nbGUubWFwcy5wbGFjZXMudjEuUGxhY2VzLlNlYXJjaFRleHQQAhgEIAA,12/07/2026,,ChIJTYboCwBvfCERduSIUpTEEQw
La Boutique Samy,food,epiceries-specialisees,"QJ28+P2H, Providence",,,"-20,2481937","57,6150995",https://maps.google.com/?cid=13107905885768453590&g_mp=Cidnb29nbGUubWFwcy5wbGFjZXMudjEuUGxhY2VzLlNlYXJjaFRleHQQAhgEIAA,12/07/2026,,ChIJJcq5mz9ZfCER1g17VvSi6LU
Winner's Chemin Grenier,food,epiceries-specialisees,"Royal Road Chemin Grenier, Chemin Grenier 60403",+230 622 7398,https://winners.mu/,"-20,4915578","57,4669434",https://maps.google.com/?cid=5616502971192646476&g_mp=Cidnb29nbGUubWFwcy5wbGFjZXMudjEuUGxhY2VzLlNlYXJjaFRleHQQAhgEIAA,12/07/2026,,ChIJ1_pi0jVlfCERTBvd3bHT8U0
Mini-Markt,food,epiceries-specialisees,"Route Coastale, Imm. Chand, G95H+92M, Baie du Cap",,,"-20,4915422","57,3775328",https://maps.google.com/?cid=2043160289747336781&g_mp=Cidnb29nbGUubWFwcy5wbGFjZXMudjEuUGxhY2VzLlNlYXJjaFRleHQQAhgEIAA,12/07/2026,,ChIJZxv5XwBvfCERTf6SWXXDWhw
Épicerie Coteau Raffin,food,epiceries-specialisees,"H962+RG7 Rue (sans nom, La Gaulette",,,"-20,4379702","57,3512925",https://maps.google.com/?cid=11366873394932503223&g_mp=Cidnb29nbGUubWFwcy5wbGFjZXMudjEuUGxhY2VzLlNlYXJjaFRleHQQAhgEIAA,12/07/2026,,ChIJA-9sbgBtfCERt1LK3yA_v50
National Store,food,epiceries-specialisees,"Route Royale, Montaigne, Moka",,,"-20,2258988","57,5085139",https://maps.google.com/?cid=9011793339163907830&g_mp=Cidnb29nbGUubWFwcy5wbGFjZXMudjEuUGxhY2VzLlNlYXJjaFRleHQQAhgEIAA,12/07/2026,,ChIJP9r_BmBafCER9pYYoktSEH0
Rhum De L'ouest,food,epiceries-specialisees,"La Gaulette MU, Black-River 91101",+230 5732 2850,,"-20,4157638","57,3437759",https://maps.google.com/?cid=8758814069166845832&g_mp=Cidnb29nbGUubWFwcy5wbGFjZXMudjEuUGxhY2VzLlNlYXJjaFRleHQQAhgEIAA,12/07/2026,,ChIJA--5A7prfCERiC9iXv2OjXk
La Vie Claire,food,epiceries-specialisees,"20 avenue des Pélicans MU, Sodnac Ave, Quatre Bornes 72256",+230 428 3443,https://magasins.lavieclaire.com/lavieclaire/fr/store/maurice/quatre-bornes/quatre-bornes/sodnac/19909e?utm_source=GMB&utm_campaign=Multidiffusion&utm_medium=local&utm_content=19909E&origin=GMB,"-20,2696434","57,4885141",https://maps.google.com/?cid=3351543960439552114&g_mp=Cidnb29nbGUubWFwcy5wbGFjZXMudjEuUGxhY2VzLlNlYXJjaFRleHQQAhgEIAA,12/07/2026,,ChIJoZIIZgBbfCERcvgai3kTgy4
Charcuterie Isle de France,food,boucheries,"Route Cocoterie, Roche Bois, Port Louis",+230 242 0530,http://www.charcuterie.mu/,"-20,1423736","57,5111962",https://maps.google.com/?cid=5709848439435428036&g_mp=Cidnb29nbGUubWFwcy5wbGFjZXMudjEuUGxhY2VzLlNlYXJjaFRleHQQAhgEIAA,12/07/2026,,ChIJM6OgwgxRfCERxADeUed0PU8
Khaleel Butcher shop,food,boucheries,"MU, 9th mile Royal Rd, Triolet 21504",+230 5905 6597,https://www.facebook.com/share/15vTgw4nha/?mibextid=wwXIfr,"-20,0536107","57,5533357",https://maps.google.com/?cid=7764728678446781334&g_mp=Cidnb29nbGUubWFwcy5wbGFjZXMudjEuUGxhY2VzLlNlYXJjaFRleHQQAhgEIAA,12/07/2026,,ChIJedEUNbZTfCERltMbAJjbwWs
Fish N seafood,food,poissonneries,"Le Morne village Portlouis MU, Le Morne Brabant 91203",,,"-20,4742867","57,347159",https://maps.google.com/?cid=9820160912597898151&g_mp=Cidnb29nbGUubWFwcy5wbGFjZXMudjEuUGxhY2VzLlNlYXJjaFRleHQQAhgEIAA,12/07/2026,,ChIJ-6WbLWhtfCERp9OSEFI4SIg
Delivoo,food,livraisons,"MU, 1st Floor, Phoenix Central, Block B, Vacoas-Phoenix 73417",+230 5942 3058,https://www.delivoo.mu/,"-20,2722497","57,4958935",https://maps.google.com/?cid=11075669190110510113&g_mp=Cidnb29nbGUubWFwcy5wbGFjZXMudjEuUGxhY2VzLlNlYXJjaFRleHQQAhgEIAA,12/07/2026,,ChIJzUz-xUVbfCERIXxGbnKutJk
Alisson pizza,food,livraisons,"Riambel Surinam MU, FGJ4+XC5, Riambel 60905",+230 5937 0030,https://www.facebook.com/alissonpizza/,"-20,5180617","57,5080288",https://maps.google.com/?cid=12514668578658876701&g_mp=Cidnb29nbGUubWFwcy5wbGFjZXMudjEuUGxhY2VzLlNlYXJjaFRleHQQAhgEIAA,12/07/2026,,ChIJURrN32RlfCERHX20SMQIra0
Bongéni Delivery & Moving,food,livraisons,"MU, 4 Diego Garcia St, Port Louis 11502",+230 5936 1280,https://bongeni.mu/,"-20,1633889","57,5180541",https://maps.google.com/?cid=5159158823739837888&g_mp=Cidnb29nbGUubWFwcy5wbGFjZXMudjEuUGxhY2VzLlNlYXJjaFRleHQQAhgEIAA,12/07/2026,,ChIJOX42SrVRfCERwM3VpJ0DmUc
Cozy Burger,food,livraisons,"QF99+5HJ, Royal Road, Beau Bassin-Rose Hill",+230 5774 0598,https://www.facebook.com/cozyburgermauritius,"-20,232001","57,4689104",https://maps.google.com/?cid=3814510652556787186&g_mp=Cidnb29nbGUubWFwcy5wbGFjZXMudjEuUGxhY2VzLlNlYXJjaFRleHQQAhgEIAA,12/07/2026,,ChIJ-5bVEABbfCER8j2XdTrd7zQ
Bongéni Delivery & Moving,food,livraisons,"Royal road, Haute Rive MU, Rivière du Rempart 31201",+230 5936 1280,https://bongeni.mu/,"-20,0994136","57,7041085",https://maps.google.com/?cid=1366680509177958700&g_mp=Cidnb29nbGUubWFwcy5wbGFjZXMudjEuUGxhY2VzLlNlYXJjaFRleHQQAhgEIAA,12/07/2026,,ChIJNa3ZFbP_fCERLJEAn65s9xI
Kebab chez Lucie,food,livraisons,"MU, Royal road, Le Morne 91201",+230 5931 5957,,"-20,4671856","57,3429504",https://maps.google.com/?cid=17629994412690737450&g_mp=Cidnb29nbGUubWFwcy5wbGFjZXMudjEuUGxhY2VzLlNlYXJjaFRleHQQAhgEIAA,12/07/2026,,ChIJ_1KKW15tfCERKomNuIJSqvQ
Indian Express Restaurant - Curepipe,food,livraisons,"242 Ram Tulsidas Building, A 10, Curepipe",+230 5758 9619,https://indianexpresfood.com/,"-20,3167877","57,5234644",https://maps.google.com/?cid=14756513541021927436&g_mp=Cidnb29nbGUubWFwcy5wbGFjZXMudjEuUGxhY2VzLlNlYXJjaFRleHQQAhgEIAA,12/07/2026,,ChIJU0z9hwZdfCERDIja1-Gqycw
Vatel Bleu Boulangerie & Patisserie,food,boulangeries,"Daruty De Grandpre Ave, Curepipe",+230 676 1190,,"-20,3205824","57,5148683",https://maps.google.com/?cid=5559184289535682948&g_mp=Cidnb29nbGUubWFwcy5wbGFjZXMudjEuUGxhY2VzLlNlYXJjaFRleHQQAhgEIAA,12/07/2026,,ChIJjWbkAs1dfCERhOm0UqgwJk0
Boulangerie l’Amiral,food,boulangeries,"Royal Road 7th Mile Triolet MU, Triolet 21506",+230 261 7552,,"-20,074342","57,5473956",https://maps.google.com/?cid=12863756173951048497&g_mp=Cidnb29nbGUubWFwcy5wbGFjZXMudjEuUGxhY2VzLlNlYXJjaFRleHQQAhgEIAA,12/07/2026,,ChIJFxkX_WNTfCERMRuXyRU-hbI
Patisserie Corps De Garde,food,boulangeries,"QF24+4G5, Cretin Ave, Beau Bassin-Rose Hill",+230 466 4049,,"-20,2497441","57,4563443",https://maps.google.com/?cid=8726962243350821977&g_mp=Cidnb29nbGUubWFwcy5wbGFjZXMudjEuUGxhY2VzLlNlYXJjaFRleHQQAhgEIAA,12/07/2026,,ChIJGxVXcohFfCERWfwrQ-xlHHk
Baker's Delice,food,boulangeries,"Royal Road, Terre Rouge",+230 249 7897,http://www.bakersdelice.com/,"-20,1299046","57,5302412",https://maps.google.com/?cid=17000888870962594563&g_mp=Cidnb29nbGUubWFwcy5wbGFjZXMudjEuUGxhY2VzLlNlYXJjaFRleHQQAhgEIAA,12/07/2026,,ChIJZeiCeoZRfCERAwOeg1pK7-s
Pains et Moulins,food,boulangeries,Tamarin,+230 5801 9595,https://grubmates.io/locations/tamarinblackriver/painetmoulins.php,"-20,3274568","57,3834284",https://maps.google.com/?cid=5750618736629114765&g_mp=Cidnb29nbGUubWFwcy5wbGFjZXMudjEuUGxhY2VzLlNlYXJjaFRleHQQAhgEIAA,12/07/2026,,ChIJnxZzxjJDfCERjed720VNzk8
Chaudlepain,food,boulangeries,"Chebel Branch Rd, Beau Bassin-Rose Hill",+230 465 8529,,"-20,2144997","57,4679918",https://maps.google.com/?cid=4834283971732294288&g_mp=Cidnb29nbGUubWFwcy5wbGFjZXMudjEuUGxhY2VzLlNlYXJjaFRleHQQAhgEIAA,12/07/2026,,ChIJaaODWiJbfCERkMp3vqjTFkM
Pains & Moulins,food,boulangeries,"Cascavelle Mall, Cascavelle",+230 5800 1199,,"-20,2796512","57,4020641",https://maps.google.com/?cid=15820582752210686532&g_mp=Cidnb29nbGUubWFwcy5wbGFjZXMudjEuUGxhY2VzLlNlYXJjaFRleHQQAhgEIAA,12/07/2026,,ChIJb_cFqyNDfCERRJIwLTEAjts
Boulangerie Isle De France,food,boulangeries,"278 Route Royale, Grand Port District, Beau Bassin-Rose Hill",+230 464 4588,,"-20,2372875","57,4718171",https://maps.google.com/?cid=719337679257905930&g_mp=Cidnb29nbGUubWFwcy5wbGFjZXMudjEuUGxhY2VzLlNlYXJjaFRleHQQAhgEIAA,12/07/2026,,ChIJZVxFvtdafCERCqu43c6Z-wk
Pains et Moulins,food,boulangeries,"Bagatelle, Home and Leisure, Moka",+230 5754 0807,http://painsetmoulins.mu/,"-20,2263689","57,4988701",https://maps.google.com/?cid=13459363433601593910&g_mp=Cidnb29nbGUubWFwcy5wbGFjZXMudjEuUGxhY2VzLlNlYXJjaFRleHQQAhgEIAA,12/07/2026,,ChIJNavhd3tbfCERNnK0artDybo
Patisserie Eclair,food,boulangeries,"Près de la pompe à essence D'Entrecasteaux St, Port Louis",+230 212 5809,,"-20,1661727","57,4945107",https://maps.google.com/?cid=1605266514984768909&g_mp=Cidnb29nbGUubWFwcy5wbGFjZXMudjEuUGxhY2VzLlNlYXJjaFRleHQQAhgEIAA,12/07/2026,,ChIJdR9-ZU5QfCERjRV_62MNRxY
Le Comptoir Constance,food,boulangeries,"MU, Constance Estate, Central Flacq 40609",+230 5800 0370,,"-20,1837521","57,714277",https://maps.google.com/?cid=3876868895832199633&g_mp=Cidnb29nbGUubWFwcy5wbGFjZXMudjEuUGxhY2VzLlNlYXJjaFRleHQQAhgEIAA,12/07/2026,,ChIJ5bhtuMb5fCER0dHWYLhnzTU
Patisserie du Quartier,food,boulangeries,"PFJ9+G44, Rajcoomar Ave, Quatre Bornes",+230 425 0773,https://www.facebook.com/tcmtpatisserie/,"-20,2687494","57,4678334",https://maps.google.com/?cid=17666598669675135036&g_mp=Cidnb29nbGUubWFwcy5wbGFjZXMudjEuUGxhY2VzLlNlYXJjaFRleHQQAhgEIAA,12/07/2026,,ChIJH-P_201bfCERPABgb-NdLPU
Boulangerie Loul,food,boulangeries,"PG74+RRV, Vacoas-Phœnix",,,"-20,2853795","57,5070459",https://maps.google.com/?cid=15024675224073845554&g_mp=Cidnb29nbGUubWFwcy5wbGFjZXMudjEuUGxhY2VzLlNlYXJjaFRleHQQAhgEIAA,12/07/2026,,ChIJPxe7b39bfCERMruIHINegtA
Spot veil rouge,food,boulangeries,"G855+8H, Le Morne",,,"-20,4916284","57,3089854",https://maps.google.com/?cid=16766493407077938167&g_mp=Cidnb29nbGUubWFwcy5wbGFjZXMudjEuUGxhY2VzLlNlYXJjaFRleHQQAhgEIAA,12/07/2026,,ChIJb49iVgBtfCER9zPPyeuMrug
Chamarel CHC,utiles,cliniques-privees,Chamarel,+230 483 4397,,"-20,4310759","57,3898856",https://maps.google.com/?cid=8053265497791713561&g_mp=Cidnb29nbGUubWFwcy5wbGFjZXMudjEuUGxhY2VzLlNlYXJjaFRleHQQAhgEIAA,12/07/2026,,ChIJv_V7ZUtpfCERGdHIXU3ywm8
Nouvelle Clinique Ferrière,utiles,cliniques-privees,"College Ln, Curepipe",+230 676 3332,https://cliniqueferriere.com/,"-20,3179821","57,5222136",https://maps.google.com/?cid=9353615805592641898&g_mp=Cidnb29nbGUubWFwcy5wbGFjZXMudjEuUGxhY2VzLlNlYXJjaFRleHQQAhgEIAA,12/07/2026,,ChIJOW8PeENcfCERaiHUgQS4zoE
Police Station Saint Pierre,utiles,postes-police,"A7, St-Pierre Police Station, St Pierre",+230 433 4211,,"-20,2246054","57,5362849",https://maps.google.com/?cid=12567282767036208236&g_mp=Cidnb29nbGUubWFwcy5wbGFjZXMudjEuUGxhY2VzLlNlYXJjaFRleHQQAhgEIAA,12/07/2026,,ChIJiW4I2BNafCERbNQUoRf1Z64
Line Barracks Police station,utiles,postes-police,"RFPX+743, Brabant St, Port Louis",+230 208 1212,http://police.govmu.org/,"-20,1643681","57,4977993",https://maps.google.com/?cid=13278943830513737564&g_mp=Cidnb29nbGUubWFwcy5wbGFjZXMudjEuUGxhY2VzLlNlYXJjaFRleHQQAhgEIAA,12/07/2026,,ChIJj6fCa1JQfCERXN8iGg9JSLg
Bambous Police Station,utiles,postes-police,Cascavelle,+230 452 0870,http://brdc.mu/police-stations-in-the-district-of-black-river/,"-20,2573583","57,4153974",https://maps.google.com/?cid=2297639954620339418&g_mp=Cidnb29nbGUubWFwcy5wbGFjZXMudjEuUGxhY2VzLlNlYXJjaFRleHQQAhgEIAA,12/07/2026,,ChIJYT1XjGJEfCER2tTjhF3b4h8
Post Office Chamarel,utiles,postes-police,"H99Q+HXG, Chamarel",,,"-20,4310687","57,3899442",https://maps.google.com/?cid=925597469572623704&g_mp=Cidnb29nbGUubWFwcy5wbGFjZXMudjEuUGxhY2VzLlNlYXJjaFRleHQQAhgEIAA,12/07/2026,,ChIJqf1TV6dpfCERWG3gmv5h2Aw
Police Station Rose Belle,utiles,postes-police,"POLICE STATION, Rose Belle",+230 627 9341,,"-20,4013635","57,6004747",https://maps.google.com/?cid=15157231666960641833&g_mp=Cidnb29nbGUubWFwcy5wbGFjZXMudjEuUGxhY2VzLlNlYXJjaFRleHQQAhgEIAA,12/07/2026,,ChIJU1U9EX1gfCERKa99B-VNWdI
Moka Police Station,utiles,postes-police,"QGG3+WJW, Mt. Ory Road, Moka",+230 433 6512,,"-20,2226426","57,5040831",https://maps.google.com/?cid=14462203667228132461&g_mp=Cidnb29nbGUubWFwcy5wbGFjZXMudjEuUGxhY2VzLlNlYXJjaFRleHQQAhgEIAA,12/07/2026,,ChIJR47rCotafCERbQR8fpwRtMg
Chemin Grenier Police Station,utiles,postes-police,"GF59+955, B10 Royal road, Chemin Grenier",+230 622 6536,,"-20,4916143","57,4679985",https://maps.google.com/?cid=9672910204697509391&g_mp=Cidnb29nbGUubWFwcy5wbGFjZXMudjEuUGxhY2VzLlNlYXJjaFRleHQQAhgEIAA,12/07/2026,,ChIJmzAtVH9lfCERD_4-95QUPYY
Police Station Trou D'eau Douce,utiles,postes-police,"QQ6Q+988, Trou d'Eau Douce",+230 480 2439,http://police.govmu.org/,"-20,2390829","57,7883285",https://maps.google.com/?cid=4558272123867525906&g_mp=Cidnb29nbGUubWFwcy5wbGFjZXMudjEuUGxhY2VzLlNlYXJjaFRleHQQAhgEIAA,12/07/2026,,ChIJX1kKAfP6fCEREnOwjFg8Qj8
Eau Coulee Police Station,utiles,postes-police,"MGVG+88X, Curepipe",+230 676 3321,http://police.govmu.org/,"-20,3066474","57,5258463",https://maps.google.com/?cid=2383936636970765517&g_mp=Cidnb29nbGUubWFwcy5wbGFjZXMudjEuUGxhY2VzLlNlYXJjaFRleHQQAhgEIAA,12/07/2026,,ChIJPYUuOmxcfCERzYyunb1xFSE
Bel Air Police Station,utiles,postes-police,"PQV4+CQV, Bel Air",+230 419 2421,,"-20,2563803","57,7569314",https://maps.google.com/?cid=13726647421810525375&g_mp=Cidnb29nbGUubWFwcy5wbGFjZXMudjEuUGxhY2VzLlNlYXJjaFRleHQQAhgEIAA,12/07/2026,,ChIJEzFKAaDwfCERv0QMbhrZfr4
Poste de Police,utiles,postes-police,"J9QC+2QW, Grande Riviere Noire",+230 483 6536,http://police.govmu.org/,"-20,362381","57,3719627",https://maps.google.com/?cid=18071964014058236713&g_mp=Cidnb29nbGUubWFwcy5wbGFjZXMudjEuUGxhY2VzLlNlYXJjaFRleHQQAhgEIAA,12/07/2026,,ChIJLadUIB5qfCERKWuVe4WDzPo
ASZA CO LTD,utiles,assurances,"PG49+958, B74, Vacoas-Phœnix",+230 698 5994,,"-20,2940987","57,5179683",https://maps.google.com/?cid=5259721736098009321&g_mp=Cidnb29nbGUubWFwcy5wbGFjZXMudjEuUGxhY2VzLlNlYXJjaFRleHQQAhgEIAA,12/07/2026,,ChIJAeT7tXlcfCER6dCFQQ1J_kg
Indian Ocean General Assurance (IOGA) Ltd,utiles,assurances,"12 La Rue Madame, Port Louis",+230 208 9000,,"-20,1677297","57,4995051",https://maps.google.com/?cid=8686175721508735572&g_mp=Cidnb29nbGUubWFwcy5wbGFjZXMudjEuUGxhY2VzLlNlYXJjaFRleHQQAhgEIAA,12/07/2026,,ChIJG177m1FQfCERVIomIcx-i3g
The New India Assurance Co. Ltd.,utiles,assurances,"5th Floor, BOB Bldg, Sir William Newton St, Port Louis",+230 208 1442,https://niamauritius.com/,"-20,1621497","57,5037885",https://maps.google.com/?cid=5941937322607977078&g_mp=Cidnb29nbGUubWFwcy5wbGFjZXMudjEuUGxhY2VzLlNlYXJjaFRleHQQAhgEIAA,12/07/2026,,ChIJl4oVrlRQfCERdiKvX4MAdlI
GOS Ramsahye Agency Ltd,utiles,assurances,"10 Prosper D'Epinay Street, Curepipe",+230 675 7527,,"-20,3127256","57,5225271",https://maps.google.com/?cid=7822089451834960622&g_mp=Cidnb29nbGUubWFwcy5wbGFjZXMudjEuUGxhY2VzLlNlYXJjaFRleHQQAhgEIAA,12/07/2026,,ChIJ83JJhsZcfCER7urzyemkjWw
State Insurance Company Of Mauritius Ltd,utiles,assurances,"SICOM Building, Sir Célicourt Antelme St, Port Louis",+230 203 8400,http://www.sicom.mu/,"-20,164202","57,5015161",https://maps.google.com/?cid=8947269845368134575&g_mp=Cidnb29nbGUubWFwcy5wbGFjZXMudjEuUGxhY2VzLlNlYXJjaFRleHQQAhgEIAA,12/07/2026,,ChIJacH1nlNQfCERr1u7CoUWK3w
UPDATE SYSTEM TECH. LTD,utiles,depannages,"La Caverne no 1 Vacoas MU, Vacoas-Phoenix 73325",+230 660 7330,,"-20,3005655","57,4755521",https://maps.google.com/?cid=16235918654168247136&g_mp=Cidnb29nbGUubWFwcy5wbGFjZXMudjEuUGxhY2VzLlNlYXJjaFRleHQQAhgEIAA,12/07/2026,,ChIJx3sGRGldfCERYCvWj_6RUeE
RB PLUMBING CONTRACTING LTD,utiles,depannages,"Chatoo lane MU, Grand Bois 60502",+230 5256 8623,,"-20,422046","57,5380267",https://maps.google.com/?cid=16604549521385745213&g_mp=Cidnb29nbGUubWFwcy5wbGFjZXMudjEuUGxhY2VzLlNlYXJjaFRleHQQAhgEIAA,12/07/2026,,ChIJrdwKmo1nfCERPWuUpdA1b-Y
Taxi Service - Le Morne and La Gaulette,utiles,taxis,"G8Q6+F4, Le Morne",,,"-20,4518707","57,313764",https://maps.google.com/?cid=1807829276275806074&g_mp=Cidnb29nbGUubWFwcy5wbGFjZXMudjEuUGxhY2VzLlNlYXJjaFRleHQQAhgEIAA,12/07/2026,,ChIJjR7rQABtfCEReo_4AiazFhk
TOP JAY TAXI SERVICE,utiles,taxis,Le Morne Brabant,+230 5753 9570,https://www.facebook.com/share/1KEkxeGjFf/,"-20,4527924","57,3134161",https://maps.google.com/?cid=6103229697312840072&g_mp=Cidnb29nbGUubWFwcy5wbGFjZXMudjEuUGxhY2VzLlNlYXJjaFRleHQQAhgEIAA,12/07/2026,,ChIJgWevUABtfCERiFnyyhIHs1Q
Taxi in le morne,utiles,taxis,"Bazen Road Baie Du Cap MU, Port Louis 60101",+230 5794 6859,,"-20,4916501","57,3775903",https://maps.google.com/?cid=15469616991286890147&g_mp=Cidnb29nbGUubWFwcy5wbGFjZXMudjEuUGxhY2VzLlNlYXJjaFRleHQQAhgEIAA,12/07/2026,,ChIJ81uwnFZtfCERo44AKbEer9Y
Sunil Taxi Service Mauritius,utiles,taxis,"MU, Remy Ollier, La Gaulette 91102",+230 5910 9260,,"-20,4179451","57,3646535",https://maps.google.com/?cid=3092724443373402503&g_mp=Cidnb29nbGUubWFwcy5wbGFjZXMudjEuUGxhY2VzLlNlYXJjaFRleHQQAhgEIAA,12/07/2026,,ChIJw8NrOvtrfCERh3lwy36Q6yo
Desiré Taxi Service Mauritius,utiles,taxis,"H9C6+G4J, La Gaulette",+230 5970 1729 ext. 57665508,,"-20,4286559","57,3602703",https://maps.google.com/?cid=7168922544851403700&g_mp=Cidnb29nbGUubWFwcy5wbGFjZXMudjEuUGxhY2VzLlNlYXJjaFRleHQQAhgEIAA,12/07/2026,,ChIJuWYoPP5tfCERtEMobBIhfWM
Mauritius Taxi 🇲🇺,utiles,taxis,"MU, Ssr International Airport, Plaine Magnien 73242",+230 5902 1400,https://mauritiustaxihub.com/calculator.html,"-20,4326587","57,6758807",https://maps.google.com/?cid=11462626658753259896&g_mp=Cidnb29nbGUubWFwcy5wbGFjZXMudjEuUGxhY2VzLlNlYXJjaFRleHQQAhgEIAA,12/07/2026,,ChIJ2SGXbpJBfCEReCnp6zZuE58
Taxi Services Mauritius Paradise 🇲🇺,utiles,taxis,"Coastal Rd, Plaine Magnien",+230 5845 1548,https://taxiservicesmauritiusparadise.com/,"-20,4211805","57,7074101",https://maps.google.com/?cid=3428590310054319084&g_mp=Cidnb29nbGUubWFwcy5wbGFjZXMudjEuUGxhY2VzLlNlYXJjaFRleHQQAhgEIAA,12/07/2026,,ChIJjaGH3beLfCER7FMit7jMlC8
Taxi La Gaulette Jean Maurice,utiles,taxis,"H9H7+PHC, La Gaulette",+230 5747 6202,,"-20,4206955","57,3638887",https://maps.google.com/?cid=18124043597402970442&g_mp=Cidnb29nbGUubWFwcy5wbGFjZXMudjEuUGxhY2VzLlNlYXJjaFRleHQQAhgEIAA,12/07/2026,,ChIJ-Z5Dg05rfCERSpnlZKCJhfs
Taxi Transfer Mauritius Paradise,utiles,taxis,"Royal Road, Plaine Magnien",+230 5258 1029,https://taxiservicesmauritiusparadise.com/,"-20,4327063","57,6748862",https://maps.google.com/?cid=17351218008561623396&g_mp=Cidnb29nbGUubWFwcy5wbGFjZXMudjEuUGxhY2VzLlNlYXJjaFRleHQQAhgEIAA,12/07/2026,,ChIJD07ZsquLfCERZCGtHNnoy_A
La Gaulette Taxi Service,utiles,taxis,La Gaulette,+230 5970 1729,,"-20,4172038","57,3654953",https://maps.google.com/?cid=14737820547817654518&g_mp=Cidnb29nbGUubWFwcy5wbGFjZXMudjEuUGxhY2VzLlNlYXJjaFRleHQQAhgEIAA,12/07/2026,,ChIJoxMqUgZrfCER9sgfNLRBh8w
Holidays Taxi Service Mauritius,utiles,taxis,"Dhurmeeah lane, Mare D Albert",+230 5253 2214,https://holidaystaximauritius.com/,"-20,4204494","57,627226",https://maps.google.com/?cid=15136936387175233673&g_mp=Cidnb29nbGUubWFwcy5wbGFjZXMudjEuUGxhY2VzLlNlYXJjaFRleHQQAhgEIAA,12/07/2026,,ChIJgabPm1JhfCERibhD-XEzEdI
Rouben Taxi Service Mauritius and Rental Car,utiles,taxis,Ecroignard,+230 5251 6589,https://roubentaxi.businesshub.mu/,"-20,2288141","57,7429585",https://maps.google.com/?cid=9654427000685073333&g_mp=Cidnb29nbGUubWFwcy5wbGFjZXMudjEuUGxhY2VzLlNlYXJjaFRleHQQAhgEIAA,12/07/2026,,ChIJe_rYniwuk0wRtRPGrTRq-4U
Shiva Tours / Taxi Service,utiles,taxis,"MU, Morcellement Jhuboo, Trou aux Biches 22308",+230 5825 3493,,"-20,0302581","57,5495695",https://maps.google.com/?cid=5693519889160803002&g_mp=Cidnb29nbGUubWFwcy5wbGFjZXMudjEuUGxhY2VzLlNlYXJjaFRleHQQAhgEIAA,12/07/2026,,ChIJuddk_y-tfSERuhINcyxyA08
Island Ride Taxi Services & Tours Mauritius,utiles,taxis,"MU, Plaine Magnien 51504",+230 5753 4251,https://islandridemauritius.com/,"-20,4317297","57,6750764",https://maps.google.com/?cid=1421443635138526301&g_mp=Cidnb29nbGUubWFwcy5wbGFjZXMudjEuUGxhY2VzLlNlYXJjaFRleHQQAhgEIAA,12/07/2026,,ChIJNchfJzeLfCERXfyrfHT7uRM
Tropical Taxi Mauritius ( lady driver available ),utiles,taxis,"Route bassin MU, Quatre Bornes 72501",+230 5823 7695,,"-20,2891877","57,4608519",https://maps.google.com/?cid=14982960938617191221&g_mp=Cidnb29nbGUubWFwcy5wbGFjZXMudjEuUGxhY2VzLlNlYXJjaFRleHQQAhgEIAA,12/07/2026,,ChIJLXTPc7lDfCERNbvULZcr7s8
Zip Line Adventure,utiles,taxis,"G9WF+W9P, La Gaulette",,,"-20,452658","57,373467",https://maps.google.com/?cid=7963382533472646540&g_mp=Cidnb29nbGUubWFwcy5wbGFjZXMudjEuUGxhY2VzLlNlYXJjaFRleHQQAhgEIAA,12/07/2026,,ChIJO7eDrdxvfCERjPUv7jieg24
Mauritius Taxi Service,utiles,taxis,"Hanuman Road, Ctre de Flacq",+230 5255 2773,https://mauritiustaxi-service.com/,"-20,1975277","57,7262223",https://maps.google.com/?cid=13989672757125626848&g_mp=Cidnb29nbGUubWFwcy5wbGFjZXMudjEuUGxhY2VzLlNlYXJjaFRleHQQAhgEIAA,12/07/2026,,ChIJa6yblgH5fCER4LtujEBNJcI
Sabriyyah Tours - Taxi In Mauritius,utiles,taxis,"Royal Road Terre Rouge, Pamplemousse 21416",+230 5976 0800,http://www.taxi-inmauritius.com/,"-20,1264611","57,5335349",https://maps.google.com/?cid=12699045924181094552&g_mp=Cidnb29nbGUubWFwcy5wbGFjZXMudjEuUGxhY2VzLlNlYXJjaFRleHQQAhgEIAA,12/07/2026,,ChIJ8Ym9d19RfCERmLAvUfwSPLA
Mauritius destination (Taxi & Tours ),utiles,taxis,"Rue La Hausse De La Louvriere, Curepipe",+230 5815 3169,,"-20,3143765","57,5134027",https://maps.google.com/?cid=7614414248680531304&g_mp=Cidnb29nbGUubWFwcy5wbGFjZXMudjEuUGxhY2VzLlNlYXJjaFRleHQQAhgEIAA,12/07/2026,,ChIJ_zClbwtdfCERaKVGkWrVq2k
Barefoot Transfers Mauritius,utiles,taxis,"MU, Aéroport Sir Seewoosagur Ramgoolam, A10 Royal Road, Plaine Magnien 51520",+230 5492 8500,http://barefoottransfersmauritius.com/,"-20,4317297","57,6750764",https://maps.google.com/?cid=10947043978982653148&g_mp=Cidnb29nbGUubWFwcy5wbGFjZXMudjEuUGxhY2VzLlNlYXJjaFRleHQQAhgEIAA,12/07/2026,,ChIJy-RJeaiLfCER3PzWu3-265c
Mountain View,utiles,taxis,"Lot No1, Morcellement La Fleche, La Gaulette",+230 5726 6071,,"-20,424747","57,3638343",https://maps.google.com/?cid=2673862250450644751&g_mp=Cidnb29nbGUubWFwcy5wbGFjZXMudjEuUGxhY2VzLlNlYXJjaFRleHQQAhgEIAA,12/07/2026,,ChIJXQ5sAPlrfCERD-9v0Ix3GyU
Brocante dépôt vente,seconde-main,equipement-maison,"81 Rue Pasteur, 24700 Montpon-Ménestérol, France",+33 5 53 81 26 38,,"45,005352","0,142185",https://maps.google.com/?cid=15268957185434298166&g_mp=Cidnb29nbGUubWFwcy5wbGFjZXMudjEuUGxhY2VzLlNlYXJjaFRleHQQAhgEIAA,12/07/2026,,ChIJyTxZ5fr5_0cRNqd1aKk75tM
IZAA FURNITURE,seconde-main,equipement-maison,"Royal Road, Terre Rouge",+230 5862 2707,,"-20,1265061","57,5342071",https://maps.google.com/?cid=1139229195982481692&g_mp=Cidnb29nbGUubWFwcy5wbGFjZXMudjEuUGxhY2VzLlNlYXJjaFRleHQQAhgEIAA,12/07/2026,,ChIJ98CvcFVRfCERHClK-Opazw8
Le Morne - Dodo Contract Cars Ltd,seconde-main,voitures-2-roues,"Le Morne Peninsula, Le Morne",+230 5759 5808,,"-20,4433352","57,3235352",https://maps.google.com/?cid=2965681618342740677&g_mp=Cidnb29nbGUubWFwcy5wbGFjZXMudjEuUGxhY2VzLlNlYXJjaFRleHQQAhgEIAA,12/07/2026,,ChIJTTvqLkpbfCERxYI5Erg3KCk
Salim Auto Co.Ltd,seconde-main,voitures-2-roues,"QFVJ+GRF, Moka",+230 418 2063,http://salimauto.co/,"-20,2061802","57,4820553",https://maps.google.com/?cid=4724808970123753765&g_mp=Cidnb29nbGUubWFwcy5wbGFjZXMudjEuUGxhY2VzLlNlYXJjaFRleHQQAhgEIAA,12/07/2026,,ChIJLbo7tqNafCERJTnOp7nkkUE
CarClub Ltd,seconde-main,voitures-2-roues,"A7, St Pierre",+230 5942 3870,https://www.carclub.mu/,"-20,2242841","57,5275881",https://maps.google.com/?cid=13099448035110477110&g_mp=Cidnb29nbGUubWFwcy5wbGFjZXMudjEuUGxhY2VzLlNlYXJjaFRleHQQAhgEIAA,12/07/2026,,ChIJq0RkfGxafCERNt1yhpWWyrU
Lumiere Auto Ltd,seconde-main,voitures-2-roues,Vacoas-Phœnix,+230 696 7020,https://www.facebook.com/LumiereAutoLtd,"-20,2862753","57,5254048",https://maps.google.com/?cid=14914179613081589313&g_mp=Cidnb29nbGUubWFwcy5wbGFjZXMudjEuUGxhY2VzLlNlYXJjaFRleHQQAhgEIAA,12/07/2026,,ChIJP97jGIxbfCERQdYZ4lbP-c4
Autogarant Co Ltd,seconde-main,voitures-2-roues,"74-76, Royal Road, Vacoas-Phoenix",,https://www.autogarantmu.com/,"-20,2822922","57,5032671",https://maps.google.com/?cid=16614663626310380822&g_mp=Cidnb29nbGUubWFwcy5wbGFjZXMudjEuUGxhY2VzLlNlYXJjaFRleHQQAhgEIAA,12/07/2026,,ChIJL3Z-85JbfCERFm3VNIokk-Y
Express Auto,seconde-main,voitures-2-roues,"Valentina Motorway, Lot 35, Highlands Rose Avenue, MU, Vacoas-Phoenix 73553",+230 606 1800,http://www.expressauto.mu/,"-20,2671085","57,5171331",https://maps.google.com/?cid=9321349421818756788&g_mp=Cidnb29nbGUubWFwcy5wbGFjZXMudjEuUGxhY2VzLlNlYXJjaFRleHQQAhgEIAA,12/07/2026,,ChIJVVVVVfT4fCERtL7MmukVXIE
Heritage Resorts & Golf,activites,golf,"Bel Ombre Territory MU, Bel Ombre 61002",+230 260 5101,https://heritageresorts.mu/,"-20,5054624","57,4124237",https://maps.google.com/?cid=12604460668234039046&g_mp=Cidnb29nbGUubWFwcy5wbGFjZXMudjEuUGxhY2VzLlNlYXJjaFRleHQQAhgEIAA,12/07/2026,,ChIJUZScNnVvfCERBv94SzIK7K4
Heritage Golf Club Short Course,activites,golf,"GC24+4VP, Bel Ombre",,,"-20,4996726","57,4071962",https://maps.google.com/?cid=14042538883529068167&g_mp=Cidnb29nbGUubWFwcy5wbGFjZXMudjEuUGxhY2VzLlNlYXJjaFRleHQQAhgEIAA,12/07/2026,,ChIJN6R_4_tvfCERh05cybYe4cI
Rolo Boat Trips - Bel Ombre,activites,excursions,"MU, B9, Bel Ombre 61006",+230 5256 6771,https://tantulika1.wixsite.com/tour/mauritius,"-20,5042214","57,3981115",https://maps.google.com/?cid=13862027067497452179&g_mp=Cidnb29nbGUubWFwcy5wbGFjZXMudjEuUGxhY2VzLlNlYXJjaFRleHQQAhgEIAA,12/07/2026,,ChIJ1cPhyR1vfCERkxIJeSzQX8A
Sud Tropical,activites,excursions,Mahébourg,+230 5479 2013,https://sudtropicalmaurice.com/,"-20,4247673","57,7234972",https://maps.google.com/?cid=628021702608186078&g_mp=Cidnb29nbGUubWFwcy5wbGFjZXMudjEuUGxhY2VzLlNlYXJjaFRleHQQAhgEIAA,12/07/2026,,ChIJU98AYIE6cUAR3moyP2kutwg
GRAND BLEU EXCURSION île Maurice îlot Bernache-île d'Ambre,activites,excursions,"Rue Debardcadere Poudre d'Or Village MU, Poudre d'Or 00099",+230 5903 1609,https://www.grandbleuexcursionilemaurice.com/,"-20,0636135","57,6875631",https://maps.google.com/?cid=315632929516529403&g_mp=Cidnb29nbGUubWFwcy5wbGFjZXMudjEuUGxhY2VzLlNlYXJjaFRleHQQAhgEIAA,12/07/2026,,ChIJO4wMEy0AfSER-6Y_I3paYQQ
Samuel & Monica Excursion,activites,excursions,"Belle Mare Palmar, Road, Trou d'Eau Douce",+230 5918 1779,https://samuelandmonicaexcursion.com/,"-20,1716994","57,7711966",https://maps.google.com/?cid=9148621361975790395&g_mp=Cidnb29nbGUubWFwcy5wbGFjZXMudjEuUGxhY2VzLlNlYXJjaFRleHQQAhgEIAA,12/07/2026,,ChIJcTM41d79fCEROwseQahu9n4
Cascade mamzelle,activites,excursions,"FGQP+2WJ, Souillac",,,"-20,512421","57,5372602",https://maps.google.com/?cid=216306288964041080&g_mp=Cidnb29nbGUubWFwcy5wbGFjZXMudjEuUGxhY2VzLlNlYXJjaFRleHQQAhgEIAA,12/07/2026,,ChIJUSs0dSplfCEReHlifGx5AAM
Roche Qui Pleure,activites,excursions,"FGGP+8MX, Souillac",,,"-20,5241419","57,5367402",https://maps.google.com/?cid=9424769034296816690&g_mp=Cidnb29nbGUubWFwcy5wbGFjZXMudjEuUGxhY2VzLlNlYXJjaFRleHQQAhgEIAA,12/07/2026,,ChIJlWpoh5ZkfCERMvRci4CBy4I
Bel Ombre,activites,excursions,"B9, Royal Road MU, Bel Ombre 61002",+230 260 5101,https://belombre.com/,"-20,504386","57,4127016",https://maps.google.com/?cid=245628814286631366&g_mp=Cidnb29nbGUubWFwcy5wbGFjZXMudjEuUGxhY2VzLlNlYXJjaFRleHQQAhgEIAA,12/07/2026,,ChIJ9c3Cu8pvfCERxrEn7hqmaAM
Acroroc Parc Aventure,activites,parcs-aventures,"9 Chem. Bass. Plat, Saint-Pierre 97410, La Réunion",+262 692 45 71 37,https://www.acroroc974.fr/,"-21,3252965","55,4895669",https://maps.google.com/?cid=15669269905478368751&g_mp=Cidnb29nbGUubWFwcy5wbGFjZXMudjEuUGxhY2VzLlNlYXJjaFRleHQQAhgEIAA,12/07/2026,,ChIJMyHaZJ6ggiER773BrfVtdNk
Bel ombre,activites,complexes-sportifs,"FCXG+H9W, Coastal Rd, Bel Ombre",,,"-20,5010095","57,4259624",https://maps.google.com/?cid=1368112832029051473&g_mp=Cidnb29nbGUubWFwcy5wbGFjZXMudjEuUGxhY2VzLlNlYXJjaFRleHQQAhgEIAA,12/07/2026,,ChIJX8-WfgBvfCERUcq-RV-D_BI
KiteGlobing,activites,sports-nautiques,"MU MU, B9, Bel Ombre 61002",+230 5717 5348,https://kiteglobing.com/,"-20,5059001","57,4076951",https://maps.google.com/?cid=7888466500257472771&g_mp=Cidnb29nbGUubWFwcy5wbGFjZXMudjEuUGxhY2VzLlNlYXJjaFRleHQQAhgEIAA,12/07/2026,,ChIJ80YYn1JvfCERA2Fqsnx2eW0
Sunset Diving Mauritius,activites,sports-nautiques,"Sunset Boulevard, Grand Baie",+230 263 7508,https://tantulika1.wixsite.com/tour/mauritius,"-20,0141067","57,5837083",https://maps.google.com/?cid=13422831364948280212&g_mp=Cidnb29nbGUubWFwcy5wbGFjZXMudjEuUGxhY2VzLlNlYXJjaFRleHQQAhgEIAA,12/07/2026,,ChIJYdBDOwmrfSERlMO2WwJ6R7o
Centre Equestre De RIAMBEL,activites,sports-nautiques,"MU, montocchio lane, Riambel 60915",+230 5729 4572,https://beachhorseridingmauritius.com/,"-20,5133037","57,4976027",https://maps.google.com/?cid=13874460044798466964&g_mp=Cidnb29nbGUubWFwcy5wbGFjZXMudjEuUGxhY2VzLlNlYXJjaFRleHQQAhgEIAA,12/07/2026,,ChIJm02XHRplfCERlBuQlOb7i8A
C Beach Club,activites,sports-nautiques,"MU, B9, Bel Ombre 61002",+230 605 5400,https://cbeachclub.mu/,"-20,5057933","57,4079315",https://maps.google.com/?cid=5334626302167518454&g_mp=Cidnb29nbGUubWFwcy5wbGFjZXMudjEuUGxhY2VzLlNlYXJjaFRleHQQAhgEIAA,12/07/2026,,ChIJASEN2jBufCER9owmlltmCEo
OUTRIGGER Mauritius Beach Resort,activites,sports-nautiques,"MU, Allee des Cocotiers, Bel Ombre 61001",+230 623 5000,https://www.outrigger.com/mauritius/outrigger-mauritius-beach-resort,"-20,5108919","57,4170566",https://maps.google.com/?cid=14577400985154654386&g_mp=Cidnb29nbGUubWFwcy5wbGFjZXMudjEuUGxhY2VzLlNlYXJjaFRleHQQAhgEIAA,12/07/2026,,ChIJuc8FQc1vfCERspCSLPZUTco
lagoonFLIGHT,activites,sports-nautiques,"Plage de La Prairie, Le Morne",+230 5975 2424,http://www.lagoonflight.com/,"-20,4842519","57,3536194",https://maps.google.com/?cid=11392060829766863479&g_mp=Cidnb29nbGUubWFwcy5wbGFjZXMudjEuUGxhY2VzLlNlYXJjaFRleHQQAhgEIAA,12/07/2026,,ChIJP13edoFtfCERd0rlife6GJ4
Heritage Awali Golf and Spa Resort,activites,sports-nautiques,"MU, Coastal Rd, Bel Ombre 61002",+230 601 1500,https://heritageresorts.mu/hotels-mauritius/awali-all-inclusive,"-20,5080444","57,4126582",https://maps.google.com/?cid=7977145332172372494&g_mp=Cidnb29nbGUubWFwcy5wbGFjZXMudjEuUGxhY2VzLlNlYXJjaFRleHQQAhgEIAA,12/07/2026,,ChIJVVUF6TVufCERDrrMNWqDtG4
Le Château de Bel Ombre,activites,sports-nautiques,"FCX7+64P, Bel Ombre",+230 5511 5888,https://www.lechateaudebelombre.com/,"-20,5020439","57,4127738",https://maps.google.com/?cid=2387496215101094574&g_mp=Cidnb29nbGUubWFwcy5wbGFjZXMudjEuUGxhY2VzLlNlYXJjaFRleHQQAhgEIAA,12/07/2026,,ChIJ3bam6TVufCERrrqweygXIiE
Heritage Le Telfair Golf & Wellness Resort,activites,sports-nautiques,"B9 Coastal Road, Bel Ombre",+230 601 5500,https://heritageresorts.mu/hotels-mauritius/le-telfair,"-20,5064401","57,4097372",https://maps.google.com/?cid=1583180043788479159&g_mp=Cidnb29nbGUubWFwcy5wbGFjZXMudjEuUGxhY2VzLlNlYXJjaFRleHQQAhgEIAA,12/07/2026,,ChIJdcz92DBufCERt-p_ndyV-BU
Route du Thé,activites,sports-nautiques,"Saint Aubin, Route Royale, Pres de Souillace, Rivière des Anguilles",+230 676 3089,https://groupe-saintaubin.com/saint-aubin-loisirs/domaine-de-saint-aubin/la-route-du-the-du-rhum-et-de-la-vanille/,"-20,5015491","57,5443909",https://maps.google.com/?cid=10801883596028035330&g_mp=Cidnb29nbGUubWFwcy5wbGFjZXMudjEuUGxhY2VzLlNlYXJjaFRleHQQAhgEIAA,12/07/2026,,ChIJHeHqxPBjfCERAsFeVub_55U
Heritage The Villas,activites,sports-nautiques,"B9, Bel Ombre",+230 605 5000,https://heritageresorts.mu/hotels-mauritius/heritage-the-villas,"-20,4989882","57,414824",https://maps.google.com/?cid=12168380582944631859&g_mp=Cidnb29nbGUubWFwcy5wbGFjZXMudjEuUGxhY2VzLlNlYXJjaFRleHQQAhgEIAA,12/07/2026,,ChIJVVUF6TVufCERM-wsWqvF3qg
Gris Gris Beach,activites,randonnee-trail,"Gris Gris, Souillac",,,"-20,5243899","57,5322158",https://maps.google.com/?cid=7008834189898105557&g_mp=Cidnb29nbGUubWFwcy5wbGFjZXMudjEuUGxhY2VzLlNlYXJjaFRleHQQAhgEIAA,12/07/2026,,ChIJ7QuRmVdlfCER1UJ9so9hRGE
Cascade Rochester,activites,randonnee-trail,A9,+230 5903 4289,https://www.facebook.com/Yassirhike,"-20,5026742","57,5168429",https://maps.google.com/?cid=10117162151483258519&g_mp=Cidnb29nbGUubWFwcy5wbGFjZXMudjEuUGxhY2VzLlNlYXJjaFRleHQQAhgEIAA,12/07/2026,,ChIJU-0KXvhkfCERl7Yvrl9hZ4w
GRSE Waterfall,activites,randonnee-trail,"PQ9F+RW6, Grand River South East",,,"-20,2804648","57,7747597",https://maps.google.com/?cid=8297853944772720950&g_mp=Cidnb29nbGUubWFwcy5wbGFjZXMudjEuUGxhY2VzLlNlYXJjaFRleHQQAhgEIAA,12/07/2026,,ChIJ6RJCUYvwfCERNnlA6DLmJ3M
Gris Gris Public beach parking,activites,randonnee-trail,"FGGJ+54Q, Souillac",+230 5452 7286,,"-20,5245451","57,5303605",https://maps.google.com/?cid=11352111291268169268&g_mp=Cidnb29nbGUubWFwcy5wbGFjZXMudjEuUGxhY2VzLlNlYXJjaFRleHQQAhgEIAA,12/07/2026,,ChIJU13ts-pkfCERNH69xhLNip0
Baie du Jacotet,activites,randonnee-trail,"FCXW+HFC, Bel Ombre",,,"-20,5010625","57,4461422",https://maps.google.com/?cid=371396553297542256&g_mp=Cidnb29nbGUubWFwcy5wbGFjZXMudjEuUGxhY2VzLlNlYXJjaFRleHQQAhgEIAA,12/07/2026,,ChIJ936ZNpFvfCERcLwajjJ3JwU
La Cambuse Beach,activites,randonnee-trail,"GMVX+XRM, Plaine Magnien",,,"-20,455025","57,6995352",https://maps.google.com/?cid=13287811304313231758&g_mp=Cidnb29nbGUubWFwcy5wbGFjZXMudjEuUGxhY2VzLlNlYXJjaFRleHQQAhgEIAA,12/07/2026,,ChIJldawfnCLfCERjpkCvPrJZ7g
Montagne des signaux,activites,randonnee-trail,"Signal Mountain Relay Station, Signal Mountain Road",,,"-20,1744131","57,4921706",https://maps.google.com/?cid=18118268377170824484&g_mp=Cidnb29nbGUubWFwcy5wbGFjZXMudjEuUGxhY2VzLlNlYXJjaFRleHQQAhgEIAA,12/07/2026,,ChIJYVt2J11RfCERJM11JhgFcfs
Domaine de Saint Aubin / Le Saint Aubin Restaurant,activites,randonnee-trail,"Saint Aubin, A9, St Aubin",+230 626 1819,https://groupe-saintaubin.com/saint-aubin-loisirs/domaine-de-saint-aubin/auberge-de-saint-aubin/,"-20,5012019","57,5435746",https://maps.google.com/?cid=2533630118055846895&g_mp=Cidnb29nbGUubWFwcy5wbGFjZXMudjEuUGxhY2VzLlNlYXJjaFRleHQQAhgEIAA,12/07/2026,,ChIJ5w0mZ3tkfCER7yPzKitDKSM
Royal Big Game Fishing (original),activites,peche,Bel Air,+230 5924 9622,https://wallascorp.com/,"-20,2550349","57,7965825",https://maps.google.com/?cid=353917678161593870&g_mp=Cidnb29nbGUubWFwcy5wbGFjZXMudjEuUGxhY2VzLlNlYXJjaFRleHQQAhgEIAA,12/07/2026,,ChIJSTohOJf6fCERDoaNzkBe6QQ
Jardin Telfair,activites,parcs-botaniques,"FGHF+H52, B9, Souillac",,,"-20,5211015","57,5228872",https://maps.google.com/?cid=13749643832751343092&g_mp=Cidnb29nbGUubWFwcy5wbGFjZXMudjEuUGxhY2VzLlNlYXJjaFRleHQQAhgEIAA,12/07/2026,,ChIJN5aFCOlkfCER9MVIlzeM0L4
Robert Edward Hart Memorial Museum,activites,culture-patrimoine,"FGGF+PRM, Souillac",,,"-20,5231633","57,5245474",https://maps.google.com/?cid=3870444048495655036&g_mp=Cidnb29nbGUubWFwcy5wbGFjZXMudjEuUGxhY2VzLlNlYXJjaFRleHQQAhgEIAA,12/07/2026,,ChIJ27LGVqplfCERfLibCVuUtjU
Musee Coquillage,activites,culture-patrimoine,"FCX7+64P, Bel Ombre",,,"-20,5019079","57,4128295",https://maps.google.com/?cid=8804812069452286160&g_mp=Cidnb29nbGUubWFwcy5wbGFjZXMudjEuUGxhY2VzLlNlYXJjaFRleHQQAhgEIAA,12/07/2026,,ChIJi-xJ6TVufCER0IjGYe35MHo
Sookdeo Bissoondoyal Memorial Museum,activites,culture-patrimoine,"GH85+F2G, A9 - Savanne Road, Riviere des Anguilles",+230 5759 5886,,"-20,4838175","57,557589",https://maps.google.com/?cid=17389779233481424919&g_mp=Cidnb29nbGUubWFwcy5wbGFjZXMudjEuUGxhY2VzLlNlYXJjaFRleHQQAhgEIAA,12/07/2026,,ChIJw4PpH_RjfCERFwAg7hPoVPE
Musée de la Petite Collection,activites,culture-patrimoine,"HJV4+MH9, Miss Groom Ln, Rose Belle",+230 627 4486,https://www.facebook.com/museedelapetitecollection/,"-20,4058378","57,6064727",https://maps.google.com/?cid=6566723352958775114&g_mp=Cidnb29nbGUubWFwcy5wbGFjZXMudjEuUGxhY2VzLlNlYXJjaFRleHQQAhgEIAA,12/07/2026,,ChIJO1815mRgfCERSq9e9xiwIVs
Mahogany Shopping Promenade,activites,malls-shopping,"Beau Plan Pamplemousses MU, Pamplemousses 21001",+230 260 2121,https://mahogany.mu/,"-20,099693","57,5767875",https://maps.google.com/?cid=18269175744069976463&g_mp=Cidnb29nbGUubWFwcy5wbGFjZXMudjEuUGxhY2VzLlNlYXJjaFRleHQQAhgEIAA,12/07/2026,,ChIJp8DsebZVfCERj0F5hIsmif0
Le Valentina Shopping Mall,activites,malls-shopping,"PGC4+2CG, Vacoas-Phœnix",+230 660 6999,,"-20,279949","57,5060906",https://maps.google.com/?cid=12682561746351549854&g_mp=Cidnb29nbGUubWFwcy5wbGFjZXMudjEuUGxhY2VzLlNlYXJjaFRleHQQAhgEIAA,12/07/2026,,ChIJd0JNzOlbfCERnu09lbaCAbA
Souillac Square,activites,malls-shopping,Souillac,+230 5805 4465,http://dreamprice.mu/,"-20,5175564","57,5285353",https://maps.google.com/?cid=15198626874101053576&g_mp=Cidnb29nbGUubWFwcy5wbGFjZXMudjEuUGxhY2VzLlNlYXJjaFRleHQQAhgEIAA,12/07/2026,,ChIJ97Su5OxkfCERiLh_wJ1e7NI
Exohome Space,activites,malls-shopping,"RHXC+5PW, Montagne Longue",+230 5912 0415,,"-20,1520175","57,5718296",https://maps.google.com/?cid=9930965626066577622&g_mp=Cidnb29nbGUubWFwcy5wbGFjZXMudjEuUGxhY2VzLlNlYXJjaFRleHQQAhgEIAA,12/07/2026,,ChIJ94hIJiBXfCER1ihQ0p7g0Yk
Les Allees by Ascencia,activites,malls-shopping,"MU, Royal Road, Moka 80839",+230 433 8667,https://www.ascenciamalls.com/les-allees,"-20,2247198","57,5255483",https://maps.google.com/?cid=3658810355481405633&g_mp=Cidnb29nbGUubWFwcy5wbGFjZXMudjEuUGxhY2VzLlNlYXJjaFRleHQQAhgEIAA,12/07/2026,,ChIJm5Au005bfCERwWj9EqK0xjI
Domaine De L'Etoile,activites,activites-enfants-famille,"Sebastopol, B27",+230 402 8989,https://www.anahitamauritius.com/en/experiences/#domaindeetoile,"-20,3162817","57,6900929",https://maps.google.com/?cid=7846397778362588748&g_mp=Cidnb29nbGUubWFwcy5wbGFjZXMudjEuUGxhY2VzLlNlYXJjaFRleHQQAhgEIAA,12/07/2026,,ChIJJVKpjYf2fCERTF63GTUB5Gw
TRAVELHUB Mauritius - Tour Operator,activites,activites-enfants-famille,"MU, 14B Berthaud Ln, Quatre Bornes 00230",+230 5955 0305,https://travelhub-mu.com/,"-20,2697988","57,4726632",https://maps.google.com/?cid=6571533736655873031&g_mp=Cidnb29nbGUubWFwcy5wbGFjZXMudjEuUGxhY2VzLlNlYXJjaFRleHQQAhgEIAA,12/07/2026,,ChIJCQEeb9pbfCERB2Tesh3HMls
Plage de La Prairie,activites,activites-enfants-famille,"G983+PG6, B9, Le Morne",,,"-20,4832233","57,353759",https://maps.google.com/?cid=14114207308385665674&g_mp=Cidnb29nbGUubWFwcy5wbGFjZXMudjEuUGxhY2VzLlNlYXJjaFRleHQQAhgEIAA,12/07/2026,,ChIJ8-BFwt5tfCERisKMRsS838M
Tamassa,activites,activites-enfants-famille,"Coastal Road, Bel Ombre",+230 603 7300,https://www.tamassaresorts.com/,"-20,5087846","57,4160253",https://maps.google.com/?cid=6244188607519248627&g_mp=Cidnb29nbGUubWFwcy5wbGFjZXMudjEuUGxhY2VzLlNlYXJjaFRleHQQAhgEIAA,12/07/2026,,ChIJ8dOQYc5vfCER89C5lXTQp1Y
Blue Bay Beach,activites,activites-enfants-famille,"Blue Bay Beach, Blue Bay NCG Rd, Blue Bay",+230 5252 6567,,"-20,4441928","57,7164692",https://maps.google.com/?cid=11287047452636957070&g_mp=Cidnb29nbGUubWFwcy5wbGFjZXMudjEuUGxhY2VzLlNlYXJjaFRleHQQAhgEIAA,12/07/2026,,ChIJyaetahOLfCERjklnWdulo5w
Ile Des Deux Cocos,activites,activites-enfants-famille,"Ile Des Deux Cocos, Blue Bay 00230",+230 698 2727,https://www.iledesdeuxcocos.com/,"-20,4487075","57,7109832",https://maps.google.com/?cid=8775098224810893164&g_mp=Cidnb29nbGUubWFwcy5wbGFjZXMudjEuUGxhY2VzLlNlYXJjaFRleHQQAhgEIAA,12/07/2026,,ChIJjY9HHw2LfCERbJ8Dz1dpx3k
Kaz'alala Hosted B&B,activites,activites-enfants-famille,"MU, Heritage MU, Bel Ombre 61002",+230 623 7918,https://www.kazalala.com/,"-20,5035252","57,4126711",https://maps.google.com/?cid=9183979055670573818&g_mp=Cidnb29nbGUubWFwcy5wbGFjZXMudjEuUGxhY2VzLlNlYXJjaFRleHQQAhgEIAA,12/07/2026,,ChIJiR_moZpvfCER-jrf1UoMdH8
Agrïa Meat Shop,activites,activites-enfants-famille,Bel Ombre,+230 5479 1672,http://www.agria.mu/,"-20,5043408","57,4029839",https://maps.google.com/?cid=1084669723123536592&g_mp=Cidnb29nbGUubWFwcy5wbGFjZXMudjEuUGxhY2VzLlNlYXJjaFRleHQQAhgEIAA,12/07/2026,,ChIJH_j_AMpvfCER0FJmyV2FDQ8
Frolic,activites,activites-enfants-famille,"MU, Ave des Lauriers roses, Tamarin 90901",,https://frolic.mu/,"-20,3390135","57,3706033",https://maps.google.com/?cid=2826162410588625983&g_mp=Cidnb29nbGUubWFwcy5wbGFjZXMudjEuUGxhY2VzLlNlYXJjaFRleHQQAhgEIAA,12/07/2026,,ChIJQY3dIAlBfCERP1yyIL2LOCc
"Playa Restaurant, Tamassa Resort",activites,centres-loisirs-animations-enfants,"FCQ8+R4G Tamassa Resort, Coastal Rd, Bel Ombre",+230 603 7300,https://www.tamassaresorts.com/,"-20,510428","57,4153224",https://maps.google.com/?cid=17642380359485954270&g_mp=Cidnb29nbGUubWFwcy5wbGFjZXMudjEuUGxhY2VzLlNlYXJjaFRleHQQAhgEIAA,12/07/2026,,ChIJAZVfcTRvfCER3hh9r3ZT1vQ
Parc Loisir Gros Cailloux,activites,centres-loisirs-animations-enfants,"QCPM+VF8, Gros Cailloux",+230 238 5586,,"-20,2128493","57,433716",https://maps.google.com/?cid=5369222676441851659&g_mp=Cidnb29nbGUubWFwcy5wbGFjZXMudjEuUGxhY2VzLlNlYXJjaFRleHQQAhgEIAA,12/07/2026,,ChIJJyjFmxRFfCERC-dJrZNPg0o
Glow Atelier,activites,spa-bien-etre,"MU, Chapel Ln, L'Escalier 61401",+230 5538 2846,,"-20,4714243","57,6202303",https://maps.google.com/?cid=18277629922654710087&g_mp=Cidnb29nbGUubWFwcy5wbGFjZXMudjEuUGxhY2VzLlNlYXJjaFRleHQQAhgEIAA,12/07/2026,,ChIJZYME999hfCERR2niW5Mvp_0
Seven colours wellness pavilion,activites,spa-bien-etre,"FCV6+95R, Bel Ombre",,,"-20,5052041","57,4101302",https://maps.google.com/?cid=5433201683353504580&g_mp=Cidnb29nbGUubWFwcy5wbGFjZXMudjEuUGxhY2VzLlNlYXJjaFRleHQQAhgEIAA,12/07/2026,,ChIJ920AYA5vfCERRAtXCSWcZks
GLOW spa by Sunlife - Long Beach Mauritius,activites,spa-bien-etre,"Coastal Road, Poste de Flacq",+230 401 1933,https://www.longbeachmauritius.com/glow-spa-wellness-mauritius/,"-20,1721957","57,7686829",https://maps.google.com/?cid=5609761869172928619&g_mp=Cidnb29nbGUubWFwcy5wbGFjZXMudjEuUGxhY2VzLlNlYXJjaFRleHQQAhgEIAA,12/07/2026,,ChIJHfr0B279fCERa3CVvrLg2U0
white spa & salon,activites,spa-bien-etre,"Bissoondoyal Road, Cottage Riviere du Rempart MU, Cottage 30202",+230 5768 3138,,"-20,0652039","57,6365527",https://maps.google.com/?cid=15766246608828170796&g_mp=Cidnb29nbGUubWFwcy5wbGFjZXMudjEuUGxhY2VzLlNlYXJjaFRleHQQAhgEIAA,12/07/2026,,ChIJ9SwjbaBVfCERLAJp8MH1zNo
Belia Beauty & spa,activites,spa-bien-etre,"Royal Road, Calodyne",+230 5511 2024,,"-20,0072186","57,6443065",https://maps.google.com/?cid=180960806978695840&g_mp=Cidnb29nbGUubWFwcy5wbGFjZXMudjEuUGxhY2VzLlNlYXJjaFRleHQQAhgEIAA,12/07/2026,,ChIJaf5abgCrfSERoLI7KuXmggI
Pure natural spa,activites,spa-bien-etre,"MU, 7eme Mille, Royal Rd, Triolet 21507",+230 5961 6164,,"-20,073644","57,547846",https://maps.google.com/?cid=11385888069946100163&g_mp=Cidnb29nbGUubWFwcy5wbGFjZXMudjEuUGxhY2VzLlNlYXJjaFRleHQQAhgEIAA,12/07/2026,,ChIJqRxfTHVTfCERw8l-5d_MAp4
Massage & Beauty,activites,spa-bien-etre,"Costel road, Mahebourg",+230 5776 6139,https://www.facebook.com/MassagesCosmetic,"-20,4190465","57,7110314",https://maps.google.com/?cid=2039393761789126757&g_mp=Cidnb29nbGUubWFwcy5wbGFjZXMudjEuUGxhY2VzLlNlYXJjaFRleHQQAhgEIAA,12/07/2026,,ChIJ61VfBJWLfCERZaiWONJhTRw
Sanja Beauty Spa,activites,spa-bien-etre,"VGH4+R2W, Port Louis",+230 5811 8885,,"-20,1203982","57,5050838",https://maps.google.com/?cid=17029255705496943950&g_mp=Cidnb29nbGUubWFwcy5wbGFjZXMudjEuUGxhY2VzLlNlYXJjaFRleHQQAhgEIAA,12/07/2026,,ChIJ-QWwgIBRfCERTn1w29YRVOw
Luxury Escape,activites,spa-bien-etre,"9 Lees St, Curepipe",+230 5902 4693,,"-20,3185771","57,5297111",https://maps.google.com/?cid=1305001000860920264&g_mp=Cidnb29nbGUubWFwcy5wbGFjZXMudjEuUGxhY2VzLlNlYXJjaFRleHQQAhgEIAA,12/07/2026,,ChIJraslXABdfCERyCnY_35LHBI
Grace Secrets Spa,activites,spa-bien-etre,"Av. des Carpes, Albion",+230 5259 7057,,"-20,2175754","57,4026782",https://maps.google.com/?cid=157365071121398539&g_mp=Cidnb29nbGUubWFwcy5wbGFjZXMudjEuUGxhY2VzLlNlYXJjaFRleHQQAhgEIAA,12/07/2026,,ChIJZwfiZB5FfCERC7s-zLISLwI
Excellence Salon,activites,spa-bien-etre,Nouvelle France,+230 5806 2396,,"-20,3761919","57,5660161",https://maps.google.com/?cid=5592341466209883207&g_mp=Cidnb29nbGUubWFwcy5wbGFjZXMudjEuUGxhY2VzLlNlYXJjaFRleHQQAhgEIAA,12/07/2026,,ChIJbbIHofxlfCERR5QgHO_8m00
Sunset Restaurant,food,restaurants,"Savanne Coast Road, St Martin",+230 5831 4743,,"-20,503746","57,401757",https://maps.google.com/?cid=13420219242270322527&g_mp=Cidnb29nbGUubWFwcy5wbGFjZXMudjEuUGxhY2VzLlNlYXJjaFRleHQQAhgEIAA,12/07/2026,,ChIJzSvLV19vfCERX29iJ0wyPro
Gin Ja,food,restaurants,"FCV5+HH3 Le Telfair Bridge, Bel Ombre",+230 601 5529,https://heritageresorts.mu/hotels-mauritius/le-telfair/restaurants-bars/ginja,"-20,5064702","57,408778",https://maps.google.com/?cid=16432431322349814225&g_mp=Cidnb29nbGUubWFwcy5wbGFjZXMudjEuUGxhY2VzLlNlYXJjaFRleHQQAhgEIAA,12/07/2026,,ChIJ0fEvVTtvfCER0cGplDm5C-Q
Infinity Blue,food,restaurants,"FCR6+FVV, Unnamed Road, Bel Ombre",,https://heritageresorts.mu/hotels-mauritius/awali-all-inclusive/restaurants-bars/infinity-blue,"-20,5087696","57,4121633",https://maps.google.com/?cid=16353190683689383261&g_mp=Cidnb29nbGUubWFwcy5wbGFjZXMudjEuUGxhY2VzLlNlYXJjaFRleHQQAhgEIAA,12/07/2026,,ChIJh0KiqPpvfCERXXWIrUg08uI
Escale des Îles Restaurant and Inn,food,restaurants,Souillac,+230 625 7014,,"-20,5243294","57,5301117",https://maps.google.com/?cid=18299561983694984486&g_mp=Cidnb29nbGUubWFwcy5wbGFjZXMudjEuUGxhY2VzLlNlYXJjaFRleHQQAhgEIAA,12/07/2026,,ChIJB8h6yupkfCERJtVhP6sa9f0
AnnaBella’s,food,restaurants,"B9 Coastal Road, Bel Ombre",,,"-20,5062891","57,4101924",https://maps.google.com/?cid=542813321184492317&g_mp=Cidnb29nbGUubWFwcy5wbGFjZXMudjEuUGxhY2VzLlNlYXJjaFRleHQQAhgEIAA,12/07/2026,,ChIJ52CnKoxvfCERHTuN9NZ1iAc
Le Tropical,food,restaurants,Bel Ombre,+230 5712 8537,,"-20,5024899","57,4007548",https://maps.google.com/?cid=9356218675234947868&g_mp=Cidnb29nbGUubWFwcy5wbGFjZXMudjEuUGxhY2VzLlNlYXJjaFRleHQQAhgEIAA,12/07/2026,,ChIJczzMSzlufCERHENBUlD314E
La Roche Cari,food,restaurants,"FCW2+FQG, B9, Bel Ombre",+230 622 1206,,"-20,5038055","57,4019573",https://maps.google.com/?cid=2068923171484691315&g_mp=Cidnb29nbGUubWFwcy5wbGFjZXMudjEuUGxhY2VzLlNlYXJjaFRleHQQAhgEIAA,12/07/2026,,ChIJFVH7W0xvfCERc2vrr6lKthw
La Plage,food,restaurants,"MU, Beau Champs, Royal Road, Bel Ombre 61008",+230 605 5800,https://www.sofitel-so-mauritius.com/so-gourmet/,"-20,5102857","57,4333507",https://maps.google.com/?cid=10012269968605621273&g_mp=Cidnb29nbGUubWFwcy5wbGFjZXMudjEuUGxhY2VzLlNlYXJjaFRleHQQAhgEIAA,12/07/2026,,ChIJm7c8T8FvfCERGawMOn268oo
The Plantation Club,food,restaurants,"FCQ9+GWM, Allee des Cocotiers, Bel Ombre 61001",+230 623 5000,https://www.outrigger.com/hotels-resorts/island-of-mauritius/mauritius/outrigger-mauritius-beach-resort#dining,"-20,5111529","57,4198119",https://maps.google.com/?cid=12789963863540326328&g_mp=Cidnb29nbGUubWFwcy5wbGFjZXMudjEuUGxhY2VzLlNlYXJjaFRleHQQAhgEIAA,12/07/2026,,ChIJK1PwHzNufCERuF9nqF4Uf7E
FLAMBOYANT,food,restaurants,"MU, Beau Champs, Royal Road, Bel Ombre 61008",+230 605 5800,https://www.sofitel-so-mauritius.com/,"-20,509684","57,4356544",https://maps.google.com/?cid=12409075936994699200&g_mp=Cidnb29nbGUubWFwcy5wbGFjZXMudjEuUGxhY2VzLlNlYXJjaFRleHQQAhgEIAA,12/07/2026,,ChIJm7c8T8FvfCERwKdqj9HkNaw
Zafarani,food,restaurants,"FCR7+J53, Unnamed Road, Bel Ombre",,,"-20,5084794","57,4129135",https://maps.google.com/?cid=14628742155119835984&g_mp=Cidnb29nbGUubWFwcy5wbGFjZXMudjEuUGxhY2VzLlNlYXJjaFRleHQQAhgEIAA,12/07/2026,,ChIJBYgUmDVvfCERUDuz0nu7A8s
Chez Rosy,food,restaurants,"Gris Gris, Souillac",+230 625 4179,http://chez-rosy-le-gris-gris.restaurant.mu/,"-20,5243462","57,5299125",https://maps.google.com/?cid=14958201922434367131&g_mp=Cidnb29nbGUubWFwcy5wbGFjZXMudjEuUGxhY2VzLlNlYXJjaFRleHQQAhgEIAA,12/07/2026,,ChIJ1V9zbOxkfCERm_5DgWU1ls8
Savana Restaurant,food,restaurants,"FCR7+97, Bel Ombre",,https://www.heritageresorts.mu/mauritius-hotels/awali-all-inclusive-resort/dining?_ga=1.202593553.18730459.1479449538,"-20,5090541","57,4131252",https://maps.google.com/?cid=7961992776747012432&g_mp=Cidnb29nbGUubWFwcy5wbGFjZXMudjEuUGxhY2VzLlNlYXJjaFRleHQQAhgEIAA,12/07/2026,,ChIJyTa7-GBvfCERUFE7-j6ufm4
Le Rochester,food,restaurants,"FGP8+WCQ, Surinam",+230 625 4180,https://www.facebook.com/RLRochester/,"-20,5126725","57,5161063",https://maps.google.com/?cid=608457634755452095&g_mp=Cidnb29nbGUubWFwcy5wbGFjZXMudjEuUGxhY2VzLlNlYXJjaFRleHQQAhgEIAA,12/07/2026,,ChIJoe5_KOxkfCERvxx5vP6scQg
restaurant bistro anvers bel ombre mauritius,food,restaurants,"FCW2+CRM, B9, Bel Ombre",+230 622 1399,,"-20,5039068","57,4020514",https://maps.google.com/?cid=6059870267584822514&g_mp=Cidnb29nbGUubWFwcy5wbGFjZXMudjEuUGxhY2VzLlNlYXJjaFRleHQQAhgEIAA,12/07/2026,,ChIJy88jYMxvfCER8jxY3Ob7GFQ
La Glace Italiana Souillac,food,restaurants,"MU, Royal Road, Souillac 60810",+230 625 6102,,"-20,5171068","57,5284577",https://maps.google.com/?cid=14275334423100467879&g_mp=Cidnb29nbGUubWFwcy5wbGFjZXMudjEuUGxhY2VzLlNlYXJjaFRleHQQAhgEIAA,12/07/2026,,ChIJ8ykHM-lkfCERpyrPGgYtHMY
La Plage Restaurant,food,restaurants,"Ambre Resort & Spa, Coastal Road, Palmar, Flacq 41604",+230 401 8188,https://www.yoursunlife.com/ambremauritius/dining/?utm_source=google&utm_medium=organic&utm_campaign=google_local_la_plage_restaurant,"-20,2052356","57,7875894",https://maps.google.com/?cid=3941402230137629492&g_mp=Cidnb29nbGUubWFwcy5wbGFjZXMudjEuUGxhY2VzLlNlYXJjaFRleHQQAhgEIAA,12/07/2026,,ChIJBZHCiQ77fCERNCtJJHKssjY
Bois Chéri,food,restaurants,"Le Domaine de, Bois Cheri",+230 5252 1892,https://groupe-saintaubin.com/saint-aubin-loisirs/domaine-de-bois-cheri/,"-20,4281954","57,522337",https://maps.google.com/?cid=14686915427705840401&g_mp=Cidnb29nbGUubWFwcy5wbGFjZXMudjEuUGxhY2VzLlNlYXJjaFRleHQQAhgEIAA,12/07/2026,,ChIJhSXTd-VmfCEREWOcUsRn0ss
Saveurs Otentik Restaurant,food,restaurants,"Senneville Road, Riviere des Anguilles",+230 5979 3107,,"-20,497237","57,5571769",https://maps.google.com/?cid=9599073578516212796&g_mp=Cidnb29nbGUubWFwcy5wbGFjZXMudjEuUGxhY2VzLlNlYXJjaFRleHQQAhgEIAA,12/07/2026,,ChIJhSsuoehjfCERPOxLxI_CNoU
Rum Shed Bar & Grill Restaurant at Shanti Maurice Resort & Spa,food,restaurants,"Shanti Maurice Resort & Spa Coastal Road Saint Félix MU, 60422",+230 603 7200,https://www.shantimaurice.com/culinary-experiences/restaurants/,"-20,5129218","57,4733841",https://maps.google.com/?cid=12417379946863028935&g_mp=Cidnb29nbGUubWFwcy5wbGFjZXMudjEuUGxhY2VzLlNlYXJjaFRleHQQAhgEIAA,12/07/2026,,ChIJZcEnoBRlfCERx2rUhUVlU6w
Kwizine Mama-Manzé Lakaz,food,restaurants,"MU, No 23, avenue Perdrix, Mahébourg 01234",+230 5817 8082,,"-20,4231186","57,7085353",https://maps.google.com/?cid=8367212615911064736&g_mp=Cidnb29nbGUubWFwcy5wbGFjZXMudjEuUGxhY2VzLlNlYXJjaFRleHQQAhgEIAA,12/07/2026,,ChIJUdhRHYqLfCERoMSL84pPHnQ
Le Batelage,food,restaurants,Surinam,+230 625 6083,,"-20,5162546","57,5190763",https://maps.google.com/?cid=1970850778103283679&g_mp=Cidnb29nbGUubWFwcy5wbGFjZXMudjEuUGxhY2VzLlNlYXJjaFRleHQQAhgEIAA,12/07/2026,,ChIJJaLFi-VkfCER3_8lNlfeWRs
Sunset Snack,food,restaurants,"Rue Dr wiehe, Souillac",+230 625 5290,https://www.facebook.com/SunsetSnackSouillac,"-20,5205862","57,523404",https://maps.google.com/?cid=345501315266491709&g_mp=Cidnb29nbGUubWFwcy5wbGFjZXMudjEuUGxhY2VzLlNlYXJjaFRleHQQAhgEIAA,12/07/2026,,ChIJnTXfbOlkfCERPbXjnZ13ywQ
Amafrooty,food,restaurants,"FCR7+952, Bel Ombre",,,"-20,5091247","57,4128804",https://maps.google.com/?cid=14817269669849061231&g_mp=Cidnb29nbGUubWFwcy5wbGFjZXMudjEuUGxhY2VzLlNlYXJjaFRleHQQAhgEIAA,12/07/2026,,ChIJB5SVLABvfCERb9eFbEKEoc0
Les Robinsons Restaurant & Bar,food,restaurants,"Av. Des Dauphins, Albion",+230 5789 8730,https://www.facebook.com/lesrobinsons/,"-20,2139358","57,4080123",https://maps.google.com/?cid=15472986303225287475&g_mp=Cidnb29nbGUubWFwcy5wbGFjZXMudjEuUGxhY2VzLlNlYXJjaFRleHQQAhgEIAA,12/07/2026,,ChIJfz4eAlxFfCERM1M6OhAXu9Y
Le Fangourin,food,restaurants,"Sugar Factory, Pamplemousses",+230 243 7900,https://aventuredusucre.com/fr/le-musee/#le-restaurant-le-fangourin,"-20,0983974","57,5742361",https://maps.google.com/?cid=12410275668794887955&g_mp=Cidnb29nbGUubWFwcy5wbGFjZXMudjEuUGxhY2VzLlNlYXJjaFRleHQQAhgEIAA,12/07/2026,,ChIJ3zorOWdUfCERE08x4_cnOqw
Mo Filaos Restaurant,food,restaurants,"G94H+RHX, royal rd, Baie du Cap",+230 5796 6160,https://en.tripadvisor.com.hk/ShowUserReviews-g293816-d6621910-r486713197-MO_Filaos-Mauritius.html,"-20,4928768","57,3789877",https://maps.google.com/?cid=9811625914062314678&g_mp=Cidnb29nbGUubWFwcy5wbGFjZXMudjEuUGxhY2VzLlNlYXJjaFRleHQQAhgEIAA,12/07/2026,,ChIJS7DfQ3NufCERtpyz3MjlKYg
Le gris gris food van,food,restaurants,"FGGJ+65W, Souillac",+230 5765 7780,,"-20,5243978","57,5304475",https://maps.google.com/?cid=12149635690825128832&g_mp=Cidnb29nbGUubWFwcy5wbGFjZXMudjEuUGxhY2VzLlNlYXJjaFRleHQQAhgEIAA,12/07/2026,,ChIJz6m7tcdlfCERgBsKDkotnKg
Marilyn Monroe Restaurant,food,restaurants,"FCW2+FP5 Savanne Coast Road, Coastal Rd, St Martin",+230 5773 0508,,"-20,5038613","57,4018726",https://maps.google.com/?cid=2361450675867208547&g_mp=Cidnb29nbGUubWFwcy5wbGFjZXMudjEuUGxhY2VzLlNlYXJjaFRleHQQAhgEIAA,12/07/2026,,ChIJq8lPXzlufCERY8ur0eCOxSA
Le Crocodile Affamé,food,restaurants,"GH27+3C3, Rivière des Anguilles 60602",+230 626 2503,http://lavanille-naturepark.com/,"-20,4998681","57,5635449",https://maps.google.com/?cid=1055166941538463636&g_mp=Cidnb29nbGUubWFwcy5wbGFjZXMudjEuUGxhY2VzLlNlYXJjaFRleHQQAhgEIAA,12/07/2026,,ChIJDwun7o9jfCERlK8iKb60pA4
Pearl Fisher,food,restaurants,"MU, Riviere Des Galets, Royal Road, Riviere Des Galets 60421",+230 5532 2619,http://thepearlcruisedolphin.ch/,"-20,503238","57,4562078",https://maps.google.com/?cid=669409155141320467&g_mp=Cidnb29nbGUubWFwcy5wbGFjZXMudjEuUGxhY2VzLlNlYXJjaFRleHQQAhgEIAA,12/07/2026,,ChIJiTBeh0VvfCERE7-XdRQ4Sgk
Auberge de Saint-Aubin,food,restaurants,"Saint Aubin, Riviere des Anguilles",+230 626 1513,http://www.saintaubin.mu/fr/auberge_st_aubin.aspx,"-20,5024735","57,5441102",https://maps.google.com/?cid=12075490089315343997&g_mp=Cidnb29nbGUubWFwcy5wbGFjZXMudjEuUGxhY2VzLlNlYXJjaFRleHQQAhgEIAA,12/07/2026,,ChIJ7SVYHftjfCERfR5k7kHClKc
Andrea Lodges,food,restaurants,St Aubin,+230 5727 8744,http://www.andrea-lodges.com/,"-20,5177441","57,5530581",https://maps.google.com/?cid=1171677285085813046&g_mp=Cidnb29nbGUubWFwcy5wbGFjZXMudjEuUGxhY2VzLlNlYXJjaFRleHQQAhgEIAA,12/07/2026,,ChIJHdO5j4JkfCERNhnvcEiiQhA
Château Mon Desir,food,restaurants,"B41, Balaclava",+230 204 1000,http://www.chateaumondesir.mu/,"-20,0851383","57,5216269",https://maps.google.com/?cid=10631170581492485082&g_mp=Cidnb29nbGUubWFwcy5wbGFjZXMudjEuUGxhY2VzLlNlYXJjaFRleHQQAhgEIAA,12/07/2026,,ChIJpZPUXqZTfCER2ktxSFGBiZM
SO Sofitel Mauritius,food,restaurants,"MU, Beau Champs, Royal Road, Bel Ombre 61008",+230 605 5800,http://sofitel.accor.com/hotels/6707?merchantid=seo-maps-MU-6707&sourceid=aw-cen&utm_source=google+Maps&utm_medium=seo+maps&utm_campaign=seo+maps&utm_term=Sofitel-Launch,"-20,5093527","57,4357638",https://maps.google.com/?cid=3514937622748465639&g_mp=Cidnb29nbGUubWFwcy5wbGFjZXMudjEuUGxhY2VzLlNlYXJjaFRleHQQAhgEIAA,12/07/2026,,ChIJV22f3zBufCER5wmUGyWRxzA
Maconde Viewpoint,food,restaurants,B9,+230 5797 7450,,"-20,4911109","57,371133",https://maps.google.com/?cid=8880419420183328100&g_mp=Cidnb29nbGUubWFwcy5wbGFjZXMudjEuUGxhY2VzLlNlYXJjaFRleHQQAhgEIAA,12/07/2026,,ChIJDW5NAZ5tfCERZPWBhGmWPXs
Blue bar,food,bars,"FCQ8+CC2, Allee des Cocotiers, Bel Ombre 61001",,,"-20,5114824","57,4160183",https://maps.google.com/?cid=5771609139627903032&g_mp=Cidnb29nbGUubWFwcy5wbGFjZXMudjEuUGxhY2VzLlNlYXJjaFRleHQQAhgEIAA,12/07/2026,,ChIJsYnDYT9vfCEROEjr5e7fGFA
TAKAMAKA,food,bars,"FCRP+55, Bel Ombre",,,"-20,5095766","57,4354053",https://maps.google.com/?cid=1658614973355525673&g_mp=Cidnb29nbGUubWFwcy5wbGFjZXMudjEuUGxhY2VzLlNlYXJjaFRleHQQAhgEIAA,12/07/2026,,ChIJmxlpFk1vfCERKQYA0oeVBBc
The Sports Bar & Restaurant,food,bars,"11 Boundary Road, Beau Bassin-Rose Hill",+230 5766 6600,http://www.thesportsbar.mu/,"-20,2458311","57,4781573",https://maps.google.com/?cid=9788508799995921917&g_mp=Cidnb29nbGUubWFwcy5wbGFjZXMudjEuUGxhY2VzLlNlYXJjaFRleHQQAhgEIAA,12/07/2026,,ChIJx4pN8tlbfCER_cWKUOTE14c
La Plaz Beach Grill,food,bars,"MU, Coastal Road, Beau Champ 71501",+230 402 3100,https://www.fourseasons.com/mauritius/dining/restaurants/la-plaz-beach-grill/?utm_source=google&utm_medium=organicsearch&utm_campaign=tor-mas-fab-mid-seo-na&utm_content=na-na&utm_term=na,"-20,2707909","57,806158",https://maps.google.com/?cid=1212930130392508598&g_mp=Cidnb29nbGUubWFwcy5wbGFjZXMudjEuUGxhY2VzLlNlYXJjaFRleHQQAhgEIAA,12/07/2026,,ChIJI_WJ2w_xfCERtuhp94Yx1RA
Venici Resto Pub,food,bars,"MGMF+R8J, Curepipe",+230 5440 2933,http://www.lexpress.mu/,"-20,3154138","57,5232544",https://maps.google.com/?cid=3340614762606022247&g_mp=Cidnb29nbGUubWFwcy5wbGFjZXMudjEuUGxhY2VzLlNlYXJjaFRleHQQAhgEIAA,12/07/2026,,ChIJeWiPYGVdfCERZ86OYG0_XC4
Texas bar,food,bars,"GF4H+3JM, Royal road, Chemin Grenier",+230 5901 1082,,"-20,4947967","57,4790485",https://maps.google.com/?cid=10378191756807927122&g_mp=Cidnb29nbGUubWFwcy5wbGFjZXMudjEuUGxhY2VzLlNlYXJjaFRleHQQAhgEIAA,12/07/2026,,ChIJnTacqgtlfCERUnVss2q-BpA
Ramdonee Store (Bar),food,bars,"Awatar lane, Plaine Magnien",+230 5902 4492,,"-20,4286249","57,6685442",https://maps.google.com/?cid=6592367289365442564&g_mp=Cidnb29nbGUubWFwcy5wbGFjZXMudjEuUGxhY2VzLlNlYXJjaFRleHQQAhgEIAA,12/07/2026,,ChIJoU5cluqKfCERBDCILx_LfFs
Beach Rouge - LUX* Grand Gaube,food,bars,"Coastal Road, Grand Gaube",+230 5919 2456,https://www.luxresorts.com/en/mauritius/hotel/luxgrandgaube/restaurants-bars/beach-rouge,"-20,0022891","57,6599459",https://maps.google.com/?cid=1643932316044374831&g_mp=Cidnb29nbGUubWFwcy5wbGFjZXMudjEuUGxhY2VzLlNlYXJjaFRleHQQAhgEIAA,12/07/2026,,ChIJd2T4Kx4BfSERLzOcRLtr0BY
The Spot Café,food,bars,"Route cotière, Pointe d'Esny",+230 630 1711,,"-20,4446226","57,7181144",https://maps.google.com/?cid=11778359444529093872&g_mp=Cidnb29nbGUubWFwcy5wbGFjZXMudjEuUGxhY2VzLlNlYXJjaFRleHQQAhgEIAA,12/07/2026,,ChIJg_7B3MGLfCER8BwGqIIjdaM
Bel Ombre Public Beach,food,snacks-plage,"F9WX+8WV, St Martin",,,"-20,504593","57,399579",https://maps.google.com/?cid=9691104728444070345&g_mp=Cidnb29nbGUubWFwcy5wbGFjZXMudjEuUGxhY2VzLlNlYXJjaFRleHQQAhgEIAA,12/07/2026,,ChIJ1-SfPyNvfCERyWkEpGe4fYY
Chez Francois,food,snacks-plage,"F9WX+8WV, St Martin",+230 5936 7146,,"-20,5041442","57,3998",https://maps.google.com/?cid=12707773701026243931&g_mp=Cidnb29nbGUubWFwcy5wbGFjZXMudjEuUGxhY2VzLlNlYXJjaFRleHQQAhgEIAA,12/07/2026,,ChIJIZ-YCgBvfCERW2W4N9oUW7A
Telfair Plage Publique,food,snacks-plage,"Telfair Plage Publique, Souillac",,,"-20,5215282","57,522102",https://maps.google.com/?cid=3764984874816985918&g_mp=Cidnb29nbGUubWFwcy5wbGFjZXMudjEuUGxhY2VzLlNlYXJjaFRleHQQAhgEIAA,12/07/2026,,ChIJVe1IU-hkfCERPlsvwMvpPzQ
Bus Snack,food,snacks-plage,"B9, St Martin",+230 5823 0293,,"-20,4996255","57,3967466",https://maps.google.com/?cid=3699968098407956521&g_mp=Cidnb29nbGUubWFwcy5wbGFjZXMudjEuUGxhY2VzLlNlYXJjaFRleHQQAhgEIAA,12/07/2026,,ChIJA9yHgjxvfCERKUDi2WHtWDM
LA MAISON DE LA PLAGE Guest house,food,tables-hotes,"28 Av. St Géran, Albion",+230 5257 8234,http://www.oceylanltd.com/,"-20,2049717","57,4050336",https://maps.google.com/?cid=12610308477607131042&g_mp=Cidnb29nbGUubWFwcy5wbGFjZXMudjEuUGxhY2VzLlNlYXJjaFRleHQQAhgEIAA,12/07/2026,,ChIJjUPJYb1FfCERorfeg7_QAK8
Domaine de la falaise,food,tables-hotes,"FGGH+24J, Souillac",+248 2 814 743,https://mauritius-direct.com/fr/properties/domaine-de-la-falaise/,"-20,5249223","57,5277536",https://maps.google.com/?cid=15958586703429632066&g_mp=Cidnb29nbGUubWFwcy5wbGFjZXMudjEuUGxhY2VzLlNlYXJjaFRleHQQAhgEIAA,12/07/2026,,ChIJlzB3A89lfCERQgAy9w1KeN0
Aurélia Lodge (with comfortable bedrooms. Letting individually bedroom Privately to Families. No Sharing,food,tables-hotes,"MU, 64 Arthur Dennis, Horne 60808",+230 5743 2462,,"-20,5198437","57,5289187",https://maps.google.com/?cid=4410897504591383268&g_mp=Cidnb29nbGUubWFwcy5wbGFjZXMudjEuUGxhY2VzLlNlYXJjaFRleHQQAhgEIAA,12/07/2026,,ChIJg1vn7d1lfCER5IrTFemnNj0
Souillac-Guest House,food,tables-hotes,"Souillac, Maurice",,,"-20,5175132","57,5262794",https://maps.google.com/?cid=15494721892752533266&g_mp=Cidnb29nbGUubWFwcy5wbGFjZXMudjEuUGxhY2VzLlNlYXJjaFRleHQQAhgEIAA,12/07/2026,,ChIJf25DOOxkfCEREqf7hndPCNc
Le Gite du bonheur,food,tables-hotes,"8 Ave de la montagne Morc Blackrock, Tamarin",+230 483 5409,https://sites.google.com/view/le-gite-du-bonheur/,"-20,3378185","57,376437",https://maps.google.com/?cid=5944434598465717425&g_mp=Cidnb29nbGUubWFwcy5wbGFjZXMudjEuUGxhY2VzLlNlYXJjaFRleHQQAhgEIAA,12/07/2026,,ChIJzeJDCwNCfCERsUQXuMXfflI
Green Cottage - Chamarel,food,tables-hotes,"7 colored earth, Chamarel",+230 5252 2797,https://www.green-cottagechamarel.com/,"-20,4393705","57,3849044",https://maps.google.com/?cid=12628001446792096408&g_mp=Cidnb29nbGUubWFwcy5wbGFjZXMudjEuUGxhY2VzLlNlYXJjaFRleHQQAhgEIAA,12/07/2026,,ChIJLfOumgVvfCERmGop62isP68
Veranda Resorts,food,tables-hotes,"C/O Rogers Hospitality Village Labourdonnais Mapou MU, Mapou 31803",+230 266 9700,https://www.veranda-resorts.com/,"-20,0718906","57,6155858",https://maps.google.com/?cid=4550221392837993741&g_mp=Cidnb29nbGUubWFwcy5wbGFjZXMudjEuUGxhY2VzLlNlYXJjaFRleHQQAhgEIAA,12/07/2026,,ChIJKcyv2b1VfCERDeV9qT-iJT8
Aurelia Lodge - Apartment with Terrace,food,tables-hotes,"Souillac, Maurice",,,"-20,5198555","57,5290985",https://maps.google.com/?cid=17978729929381045886&g_mp=Cidnb29nbGUubWFwcy5wbGFjZXMudjEuUGxhY2VzLlNlYXJjaFRleHQQAhgEIAA,12/07/2026,,ChIJhWy5n-xkfCERfuZwiZ1Hgfk
Villa des sens Mauritius,food,tables-hotes,"MU, Anbalaba, Royal road, Baie du Cap 61006",+971 56 148 9915,http://villadessens.com/,"-20,4864752","57,3786132",https://maps.google.com/?cid=14784281535838484695&g_mp=Cidnb29nbGUubWFwcy5wbGFjZXMudjEuUGxhY2VzLlNlYXJjaFRleHQQAhgEIAA,12/07/2026,,ChIJJ7sl5g9vfCER1_gE87lRLM0
Easy Stay Residence,food,tables-hotes,"public beach, Trou-aux-Biches",+230 5795 8532,,"-20,0356315","57,5449195",https://maps.google.com/?cid=8622635454222567301&g_mp=Cidnb29nbGUubWFwcy5wbGFjZXMudjEuUGxhY2VzLlNlYXJjaFRleHQQAhgEIAA,12/07/2026,,ChIJ40VPeqasfSERhQegzELBqXc
Veranda Palmar Beach Hotel,food,tables-hotes,"Coastal Road Belle Mare MU, Quatre Cocos 42210",+230 402 3500,https://veranda-resorts.com/en/mauritius-hotel-veranda-palmar-beach,"-20,2007446","57,7833938",https://maps.google.com/?cid=355621579530271195&g_mp=Cidnb29nbGUubWFwcy5wbGFjZXMudjEuUGxhY2VzLlNlYXJjaFRleHQQAhgEIAA,12/07/2026,,ChIJw7r1rAv7fCER23ldQvFr7wQ
Desmarais Experience,food,chefs-domicile,"Route cotière, Pointe d'Esny",+230 5930 9255,https://desmaraisexperience.com/,"-20,4265171","57,7258962",https://maps.google.com/?cid=16885297123673041025&g_mp=Cidnb29nbGUubWFwcy5wbGFjZXMudjEuUGxhY2VzLlNlYXJjaFRleHQQAhgEIAA,12/07/2026,,ChIJmQRVdf-LfCERgeh0l0WgVOo
Dream Price Supermarket Souillac,food,grandes-surfaces,"A9, Souillac",+230 5727 7741,http://www.dreamprice.mu/,"-20,5173334","57,5284692",https://maps.google.com/?cid=8686710274014884048&g_mp=Cidnb29nbGUubWFwcy5wbGFjZXMudjEuUGxhY2VzLlNlYXJjaFRleHQQAhgEIAA,12/07/2026,,ChIJ24W0BuxkfCER0LBkVfhkjXg
Super U Goodlands,food,grandes-surfaces,"XJ6X+8RW, Goodlands",+230 263 0502,https://superu.mu/,"-20,0430983","57,6550886",https://maps.google.com/?cid=515931566321490880&g_mp=Cidnb29nbGUubWFwcy5wbGFjZXMudjEuUGxhY2VzLlNlYXJjaFRleHQQAhgEIAA,12/07/2026,,ChIJvy7_WMwBfSERwNsAqwb1KAc
Low Cost Point,food,grandes-surfaces,"FGJH+X82 Souillac Square, Souillac",,,"-20,5176107","57,5282677",https://maps.google.com/?cid=17527856528965949261&g_mp=Cidnb29nbGUubWFwcy5wbGFjZXMudjEuUGxhY2VzLlNlYXJjaFRleHQQAhgEIAA,12/07/2026,,ChIJlbBFTwBlfCERTdcGg6V0P_M
Orchard Center,food,grandes-surfaces,"PFMH+57F, Quatre Bornes",+230 424 9435,,"-20,267074","57,4781694",https://maps.google.com/?cid=13099139230698618007&g_mp=Cidnb29nbGUubWFwcy5wbGFjZXMudjEuUGxhY2VzLlNlYXJjaFRleHQQAhgEIAA,12/07/2026,,ChIJ95haoEZbfCERl7wsZbp9ybU
Poissons Frais Ecaille Bleue (ex-noulamer Poissons),food,poissonneries,"1, Royal Road, Tribeca 2, Royal Road, La City, Trianon 3, Royal Road, Cascavelle 4, Royal Road, Riv Du Rempart 5, Royal Road, Victoria, Beau Bassin-Rose Hill",+230 5949 2610,http://www.noulamer.com/,"-20,2449231","57,4990104",https://maps.google.com/?cid=17578369040409063285&g_mp=Cidnb29nbGUubWFwcy5wbGFjZXMudjEuUGxhY2VzLlNlYXJjaFRleHQQAhgEIAA,12/07/2026,,ChIJmYbK1KhDfCERdW9OEILp8vM
Poissonerie Alain,food,poissonneries,B23,+230 5757 6132,,"-20,2052696","57,6756169",https://maps.google.com/?cid=12969297308361744892&g_mp=Cidnb29nbGUubWFwcy5wbGFjZXMudjEuUGxhY2VzLlNlYXJjaFRleHQQAhgEIAA,12/07/2026,,ChIJzxkpOg75fCER_OFUCzAz_LM
Aquaholic fish shop,food,poissonneries,"MU, Rue de La Place, Mahébourg 50810",,https://www.facebook.com/share/18R69gFocf/?mibextid=wwXIfr,"-20,4086434","57,709105",https://maps.google.com/?cid=480873985731915312&g_mp=Cidnb29nbGUubWFwcy5wbGFjZXMudjEuUGxhY2VzLlNlYXJjaFRleHQQAhgEIAA,12/07/2026,,ChIJ8b1b--H1fCERMO5GnVdorAY
Dayanand Boholah Seafoods Co Ltd,food,poissonneries,Poste de Flacq,+230 413 9068,,"-20,1703186","57,7376438",https://maps.google.com/?cid=14783736976207070348&g_mp=Cidnb29nbGUubWFwcy5wbGFjZXMudjEuUGxhY2VzLlNlYXJjaFRleHQQAhgEIAA,12/07/2026,,ChIJo40wXAj8fCERjEShx3NiKs0
NS Poisson Frais,food,poissonneries,Curepipe,+230 5823 0841,,"-20,3033596","57,5224356",https://maps.google.com/?cid=17635211170425719629&g_mp=Cidnb29nbGUubWFwcy5wbGFjZXMudjEuUGxhY2VzLlNlYXJjaFRleHQQAhgEIAA,12/07/2026,,ChIJpWhtKuxdfCERTcs5yB_bvPQ
Vacoas Market,food,poissonneries,"PF3V+7H3, Greenville Ave, Vacoas-Phoenix",,http://www.vacoasphoenix.org/health4.php,"-20,2968568","57,4939334",https://maps.google.com/?cid=2210147390410679882&g_mp=Cidnb29nbGUubWFwcy5wbGFjZXMudjEuUGxhY2VzLlNlYXJjaFRleHQQAhgEIAA,12/07/2026,,ChIJr3S4f5BcfCERSmavelcFrB4
Ocean Finest,food,poissonneries,Vacoas-Phœnix,+230 5889 9997,,"-20,3181875","57,4846875",https://maps.google.com/?cid=1562386507798690849&g_mp=Cidnb29nbGUubWFwcy5wbGFjZXMudjEuUGxhY2VzLlNlYXJjaFRleHQQAhgEIAA,12/07/2026,,ChIJGZF-AlddfCERITw0P0C2rhU
GSR Trou Aux Biches,food,poissonneries,"Route cotière, B38, Trou-aux-Biches",+230 265 5463,,"-20,0393516","57,5435728",https://maps.google.com/?cid=3547517224417683623&g_mp=Cidnb29nbGUubWFwcy5wbGFjZXMudjEuUGxhY2VzLlNlYXJjaFRleHQQAhgEIAA,12/07/2026,,ChIJI2_fd66sfSERp-j-ux5QOzE
Restaurant Rêve d'R. Member of Bella Amigo Group,food,poissonneries,"Mont Mascal, Petit Raffray 30704",+230 283 6113,http://www.restaurantreve.com/,"-20,0099296","57,6175575",https://maps.google.com/?cid=5279002083477667734&g_mp=Cidnb29nbGUubWFwcy5wbGFjZXMudjEuUGxhY2VzLlNlYXJjaFRleHQQAhgEIAA,12/07/2026,,ChIJxUsuRFyqfSERlr878mzIQkk
Bel Air Market fair,food,marches,"PQR6+R25, Bel Air",,,"-20,2571055","57,7608582",https://maps.google.com/?cid=15469559425293479698&g_mp=Cidnb29nbGUubWFwcy5wbGFjZXMudjEuUGxhY2VzLlNlYXJjaFRleHQQAhgEIAA,12/07/2026,,ChIJdVBh-PfxfCEREu9pCFbqrtY
Zoza Pastry And Coffee Shop,food,boulangeries,"Lady barkly street, Souillac",+230 625 1393,,"-20,516609","57,5204652",https://maps.google.com/?cid=14780019692864640833&g_mp=Cidnb29nbGUubWFwcy5wbGFjZXMudjEuUGxhY2VzLlNlYXJjaFRleHQQAhgEIAA,12/07/2026,,ChIJix2yxa1lfCERQZd5TpotHc0
cakelover Mauritius,food,boulangeries,"Avenue Samy, Moka 80806",+230 5976 5151,,"-20,2214967","57,5048813",https://maps.google.com/?cid=12694715119706901288&g_mp=Cidnb29nbGUubWFwcy5wbGFjZXMudjEuUGxhY2VzLlNlYXJjaFRleHQQAhgEIAA,12/07/2026,,ChIJSeQaBCZbfCERKAvpUiSwLLA
Patisserie Al-Jumeira,food,boulangeries,"RF5R+GWF, Port Louis",+230 286 5000,,"-20,191183","57,4922919",https://maps.google.com/?cid=12926250373606057139&g_mp=Cidnb29nbGUubWFwcy5wbGFjZXMudjEuUGxhY2VzLlNlYXJjaFRleHQQAhgEIAA,12/07/2026,,ChIJlY0w4HFQfCERs6SMhDpEY7M
R & B Cake Studio (Blekcreations),food,boulangeries,"B23, Lalmatie",+230 5448 4448,http://www.blekcreations.com/,"-20,1922101","57,6682898",https://maps.google.com/?cid=6663468698827730576&g_mp=Cidnb29nbGUubWFwcy5wbGFjZXMudjEuUGxhY2VzLlNlYXJjaFRleHQQAhgEIAA,12/07/2026,,ChIJY4kK6fT4fCERkK6PHXpleVw
Boulangerie de Pamplemousses Ltee,food,boulangeries,"VHQF+PH9, A2, Pamplemousses",+230 243 8888,,"-20,1107189","57,5739834",https://maps.google.com/?cid=2685340160453254454&g_mp=Cidnb29nbGUubWFwcy5wbGFjZXMudjEuUGxhY2VzLlNlYXJjaFRleHQQAhgEIAA,12/07/2026,,ChIJobOs92pUfCERNh3o_KU-RCU
Modern Cake Shop,food,boulangeries,"382, Royal Road Modern Square, Vacoas, Vacoas-Phoenix 00000",+230 5493 6065,https://www.facebook.com/ModernCakeShopCorner/,"-20,2964994","57,4834262",https://maps.google.com/?cid=4372883712292901537&g_mp=Cidnb29nbGUubWFwcy5wbGFjZXMudjEuUGxhY2VzLlNlYXJjaFRleHQQAhgEIAA,12/07/2026,,ChIJVdHNIpBcfCERoVJPW5Garzw
Maison Escoffier,food,boulangeries,"MU, FLC Centre, Bon-Air 80805",+230 5855 6568,http://www.escoffier-maison.com/,"-20,2218487","57,5020219",https://maps.google.com/?cid=1188676467439136413&g_mp=Cidnb29nbGUubWFwcy5wbGFjZXMudjEuUGxhY2VzLlNlYXJjaFRleHQQAhgEIAA,12/07/2026,,ChIJPTl7NypbfCERnW6TAvMGfxA
Brioche D'or Patisserie,food,boulangeries,"VMG7+CC8, B21, Belle Vue Maurel",+230 412 8117,,"-20,1239525","57,6635775",https://maps.google.com/?cid=14497986223702956652&g_mp=Cidnb29nbGUubWFwcy5wbGFjZXMudjEuUGxhY2VzLlNlYXJjaFRleHQQAhgEIAA,12/07/2026,,ChIJE-PRVWz_fCERbFpSJqgxM8k
YoviCooks,food,boulangeries,"MU, Le Pavillon, Cap Malheureux 31722",+230 5250 0656,,"-19,9934716","57,6139921",https://maps.google.com/?cid=16542030914793722206&g_mp=Cidnb29nbGUubWFwcy5wbGFjZXMudjEuUGxhY2VzLlNlYXJjaFRleHQQAhgEIAA,12/07/2026,,ChIJRTWdfu2rfSERXlHPO3kZkeU
Patisserie Maingard,food,boulangeries,"QFH9+99R, Beau Bassin-Rose Hill",+230 454 3144,,"-20,2215065","57,4684026",https://maps.google.com/?cid=3955698872640528792&g_mp=Cidnb29nbGUubWFwcy5wbGFjZXMudjEuUGxhY2VzLlNlYXJjaFRleHQQAhgEIAA,12/07/2026,,ChIJaZ_jqelbfCERmOEmnip35TY
Atelier de la Patisserie et Boulangerie,food,boulangeries,"PG74+Q9, Vacoas-Phœnix",+230 5494 0906,,"-20,2855145","57,5059469",https://maps.google.com/?cid=16045468193542755819&g_mp=Cidnb29nbGUubWFwcy5wbGFjZXMudjEuUGxhY2VzLlNlYXJjaFRleHQQAhgEIAA,12/07/2026,,ChIJ8YZVhTVbfCER69XxOk_0rN4
Bel Air Mediclinic,utiles,cliniques-privees,"PQR6+MJ3, Bel Air",,,"-20,2583598","57,7615602",https://maps.google.com/?cid=6443329846565079590&g_mp=Cidnb29nbGUubWFwcy5wbGFjZXMudjEuUGxhY2VzLlNlYXJjaFRleHQQAhgEIAA,12/07/2026,,ChIJf6RiTQDxfCERJgovc1tOa1k
Lady Sushil Ramgoolam (Belvedere) Medi Clinic,utiles,cliniques-privees,"RMC6+JRV, B23, Belveder",+230 418 1364,,"-20,1783854","57,6620418",https://maps.google.com/?cid=16309083512664424209&g_mp=Cidnb29nbGUubWFwcy5wbGFjZXMudjEuUGxhY2VzLlNlYXJjaFRleHQQAhgEIAA,12/07/2026,,ChIJkc9pCZT4fCEREf-KqAuBVeI
Premium Care Clinic phoenix,utiles,cliniques-privees,"Beaux-Songes Link Road, Vacoas-Phoenix",+230 490 8128,https://premiumcareclinic.mu/,"-20,2798059","57,4888466",https://maps.google.com/?cid=15318582374856763829&g_mp=Cidnb29nbGUubWFwcy5wbGFjZXMudjEuUGxhY2VzLlNlYXJjaFRleHQQAhgEIAA,12/07/2026,,ChIJnTTYnXlbfCERtanlM4KJltQ
Stella Maris Clinic,utiles,cliniques-privees,"Upper Mahatma Gandhi Road, Mootia Lane, Triolet",+230 261 0792,http://www.stellamaris.mu/,"-20,0551234","57,5562917",https://maps.google.com/?cid=2760056351567774652&g_mp=Cidnb29nbGUubWFwcy5wbGFjZXMudjEuUGxhY2VzLlNlYXJjaFRleHQQAhgEIAA,12/07/2026,,ChIJH7iCAqlUfCERvANC26CwTSY
Aegle Clinic,utiles,cliniques-privees,"Francois Mitterand Road, Central Flacq",+230 460 5500,http://www.aegleclinic.mu/,"-20,1907192","57,7221512",https://maps.google.com/?cid=6450592168129724614&g_mp=Cidnb29nbGUubWFwcy5wbGFjZXMudjEuUGxhY2VzLlNlYXJjaFRleHQQAhgEIAA,12/07/2026,,ChIJ_VhTRm_5fCERxgBKdGYbhVk
C-Care Wellkin,utiles,cliniques-privees,"Royal Road, Moka 80829",+230 605 1000,https://c-care.com/mu/business_unit/c-care-wellkin/,"-20,2330351","57,5039966",https://maps.google.com/?cid=6571102499386001784&g_mp=Cidnb29nbGUubWFwcy5wbGFjZXMudjEuUGxhY2VzLlNlYXJjaFRleHQQAhgEIAA,12/07/2026,,ChIJRxZiL_dafCEReImVcug-MVs
Aegle Cancer Hospital,utiles,cliniques-privees,"Business Park, Rose Belle",+230 660 6000,https://www.aeglecancerhospital.com/,"-20,4207092","57,6043391",https://maps.google.com/?cid=3918622659415706851&g_mp=Cidnb29nbGUubWFwcy5wbGFjZXMudjEuUGxhY2VzLlNlYXJjaFRleHQQAhgEIAA,12/07/2026,,ChIJNaw2TYlhfCER4wxFB4y-YTY
Fortis Clinique Darné,utiles,cliniques-privees,"Georges Guibert St, Curepipe 74111",+230 601 2300,https://c-care.com/mu/business_unit/c-care-darne/,"-20,3128705","57,5169105",https://maps.google.com/?cid=7251802006363650947&g_mp=Cidnb29nbGUubWFwcy5wbGFjZXMudjEuUGxhY2VzLlNlYXJjaFRleHQQAhgEIAA,12/07/2026,,ChIJJflQcl1cfCERgzvFyoCTo2Q
Clinique Muller (Ex-Lorette),utiles,cliniques-privees,"MGMJ+736, Higginson Street, Curepipe",+230 670 2911,https://clinicmuller.com/,"-20,3168315","57,5301425",https://maps.google.com/?cid=3493477691637062983&g_mp=Cidnb29nbGUubWFwcy5wbGFjZXMudjEuUGxhY2VzLlNlYXJjaFRleHQQAhgEIAA,12/07/2026,,ChIJ3077ekBcfCERR13HiHNTezA
City Clinic,utiles,cliniques-privees,"Sir Edgar Laurent St, Port Louis",+230 206 1600,https://cityclinic.mu/,"-20,162777","57,514945",https://maps.google.com/?cid=9570769091931284457&g_mp=Cidnb29nbGUubWFwcy5wbGFjZXMudjEuUGxhY2VzLlNlYXJjaFRleHQQAhgEIAA,12/07/2026,,ChIJ4TSkPwJRfCER6SPa78cz0oQ
La Clinique Mauricienne,utiles,cliniques-privees,"QF9W+478, Moka",+230 454 3061,,"-20,2323454","57,4954073",https://maps.google.com/?cid=3444009279583241970&g_mp=Cidnb29nbGUubWFwcy5wbGFjZXMudjEuUGxhY2VzLlNlYXJjaFRleHQQAhgEIAA,12/07/2026,,ChIJ7ysSKgBbfCER8ka1UDGUyy8
Police Station Bel Ombre,utiles,postes-police,"F9XX+399, B9, Bel Ombre",+230 622 5303,,"-20,5023484","57,3984844",https://maps.google.com/?cid=13839851615299400566&g_mp=Cidnb29nbGUubWFwcy5wbGFjZXMudjEuUGxhY2VzLlNlYXJjaFRleHQQAhgEIAA,12/07/2026,,ChIJfUMC2jtufCERdnMJqrcHEcA
MUA (Head Office & General Insurance),utiles,assurances,"Level 2, Le Caudan Waterfront, Barkly Wharf, Port Louis",+230 207 5500,http://www.mua.mu/,"-20,1613703","57,498351",https://maps.google.com/?cid=11631448374997799728&g_mp=Cidnb29nbGUubWFwcy5wbGFjZXMudjEuUGxhY2VzLlNlYXJjaFRleHQQAhgEIAA,12/07/2026,,ChIJZVkSz1RQfCERMNMJx6s0a6E
Eagle Insurance Limited,utiles,assurances,"15, A5 Wall St, Quatre Bornes",+230 460 9200,http://www.eagle.mu/,"-20,2453967","57,4944987",https://maps.google.com/?cid=6984120376397914300&g_mp=Cidnb29nbGUubWFwcy5wbGFjZXMudjEuUGxhY2VzLlNlYXJjaFRleHQQAhgEIAA,12/07/2026,,ChIJkSROtFJQfCERvODDl3qU7GA
Phoenix Insurance (Mauritius) Limited,utiles,assurances,"36 Sir William Newton St, Port Louis",+230 405 5080,http://www.phoenixins.mu/,"-20,1627516","57,503995",https://maps.google.com/?cid=9071252912690268791&g_mp=Cidnb29nbGUubWFwcy5wbGFjZXMudjEuUGxhY2VzLlNlYXJjaFRleHQQAhgEIAA,12/07/2026,,ChIJvcpGxlRQfCERd4qhaHaQ430
Phoenix insurance Mauritius ltd (Coromandel Branch),utiles,assurances,"RF2C+M2H, A1, Beau Bassin-Rose Hill",+230 212 3939,,"-20,1983089","57,4701007",https://maps.google.com/?cid=5083530434063333635&g_mp=Cidnb29nbGUubWFwcy5wbGFjZXMudjEuUGxhY2VzLlNlYXJjaFRleHQQAhgEIAA,12/07/2026,,ChIJBRqElMFbfCERA3k7__5TjEY
Golden One Agency Ltd - SICOM Insurance,utiles,assurances,"Dispensary Rd, Triolet",+230 5252 2139,,"-20,0579031","57,5489331",https://maps.google.com/?cid=143119302405913742&g_mp=Cidnb29nbGUubWFwcy5wbGFjZXMudjEuUGxhY2VzLlNlYXJjaFRleHQQAhgEIAA,12/07/2026,,ChIJq89KIJNTfCERjvxnTD92_AE
A-Brokers Ltd,utiles,assurances,"Lavoquer Street, Port Louis",+230 213 9528,http://xenial.mu/,"-20,165843","57,5037507",https://maps.google.com/?cid=16446560582310952582&g_mp=Cidnb29nbGUubWFwcy5wbGFjZXMudjEuUGxhY2VzLlNlYXJjaFRleHQQAhgEIAA,12/07/2026,,ChIJjVgf22lRfCERhv6VRbbrPeQ
Coveraxis,utiles,assurances,"MU, 3 Emerald Park, Trianon, Quatre Bornes 72257",+230 460 0888,https://www.coveraxis.com/,"-20,2539948","57,4923796",https://maps.google.com/?cid=2833884940583201752&g_mp=Cidnb29nbGUubWFwcy5wbGFjZXMudjEuUGxhY2VzLlNlYXJjaFRleHQQAhgEIAA,12/07/2026,,ChIJg_prQEdbfCER2GvKwVb7Uyc
Brokers & Consultants Ltd.,utiles,assurances,"P.O. Box 766 Route Old Moka, Sorez, Port Louis",+230 286 4449,,"-20,1786361","57,4812231",https://maps.google.com/?cid=17051688867760668403&g_mp=Cidnb29nbGUubWFwcy5wbGFjZXMudjEuUGxhY2VzLlNlYXJjaFRleHQQAhgEIAA,12/07/2026,,ChIJD1y3ID5QfCER835bd67Eo-w
MIB Ltd.,utiles,assurances,"Route parellele qui descend la rue Royale, 29 Rue David Rte Royale, Port Louis",+230 217 8888,,"-20,1568195","57,5075654",https://maps.google.com/?cid=16978511137538715936&g_mp=Cidnb29nbGUubWFwcy5wbGFjZXMudjEuUGxhY2VzLlNlYXJjaFRleHQQAhgEIAA,12/07/2026,,ChIJb_9zb6tRfCERIDECcOzJn-s
SanlamAllianz General Insurance Ltd - Head Office,utiles,assurances,"2 St Georges St, Port Louis 11302",+230 213 4477,https://sanlam.co.mu/,"-20,1651893","57,4997508",https://maps.google.com/?cid=1558735215939820523&g_mp=Cidnb29nbGUubWFwcy5wbGFjZXMudjEuUGxhY2VzLlNlYXJjaFRleHQQAhgEIAA,12/07/2026,,ChIJg2RhqDZRfCER6xv8nGu9oRU
Phoenix Insurance (Mauritius) Limited,utiles,assurances,"XJJC+XR3, Royal Road, Petit Raffray",+230 212 3939,,"-20,0176231","57,622072",https://maps.google.com/?cid=14712505025146074050&g_mp=Cidnb29nbGUubWFwcy5wbGFjZXMudjEuUGxhY2VzLlNlYXJjaFRleHQQAhgEIAA,12/07/2026,,ChIJfTO0SQCrfSERwjP7w15RLcw
SWAN,utiles,assurances,"Swan Center, 10 Intendance St, Port Louis",+230 207 3500,http://www.swanforlife.com/en,"-20,1638416","57,5035495",https://maps.google.com/?cid=3564384602670023343&g_mp=Cidnb29nbGUubWFwcy5wbGFjZXMudjEuUGxhY2VzLlNlYXJjaFRleHQQAhgEIAA,12/07/2026,,ChIJYeigo1RQfCERr8IERek8dzE
Phoenix Insurance Limited(Flacq Branch),utiles,assurances,"RP4G+PGR, Royal Rd, Central Flacq",+230 212 3939,,"-20,1931305","57,726251",https://maps.google.com/?cid=6296196549152515775&g_mp=Cidnb29nbGUubWFwcy5wbGFjZXMudjEuUGxhY2VzLlNlYXJjaFRleHQQAhgEIAA,12/07/2026,,ChIJt7SYSIn5fCERv6ZGHGeVYFc
U cover ltd,utiles,assurances,"A8, Quatre Bornes",+230 427 5050,,"-20,2600291","57,4855834",https://maps.google.com/?cid=14646004849307446259&g_mp=Cidnb29nbGUubWFwcy5wbGFjZXMudjEuUGxhY2VzLlNlYXJjaFRleHQQAhgEIAA,12/07/2026,,ChIJo2fGRtNbfCER82ueBdAPQcs
NIC Mauritius,utiles,assurances,"217 A 10, Curepipe 74432",+230 602 3000,http://www.nicl.mu/,"-20,3207878","57,526498",https://maps.google.com/?cid=9708468851752419572&g_mp=Cidnb29nbGUubWFwcy5wbGFjZXMudjEuUGxhY2VzLlNlYXJjaFRleHQQAhgEIAA,12/07/2026,,ChIJ63E96UZcfCER9MClpftou4Y
Sanlam Allianz insurance Grand Bois,utiles,assurances,"Seewsagur lane, Grand Bois",+230 5509 8959,http://jubilee-allianz.com/mu,"-20,4207377","57,5474695",https://maps.google.com/?cid=11029978916229032151&g_mp=Cidnb29nbGUubWFwcy5wbGFjZXMudjEuUGxhY2VzLlNlYXJjaFRleHQQAhgEIAA,12/07/2026,,ChIJlWroIAFnfCER1yjhjWJbEpk
Ioga,utiles,assurances,"ioga, 6 Brown Sequard St, Curepipe",+230 670 3329,http://www.ioga.mu/,"-20,3226503","57,5250736",https://maps.google.com/?cid=1819709729453145139&g_mp=Cidnb29nbGUubWFwcy5wbGFjZXMudjEuUGxhY2VzLlNlYXJjaFRleHQQAhgEIAA,12/07/2026,,ChIJRaiNBT1dfCERM3xgklvoQBk
Four Sights Financial Planning Ltd,utiles,assurances,"St Vincent de Paul Ave, Pailles",+230 286 1616,,"-20,1900822","57,4819151",https://maps.google.com/?cid=12959765646695222786&g_mp=Cidnb29nbGUubWFwcy5wbGFjZXMudjEuUGxhY2VzLlNlYXJjaFRleHQQAhgEIAA,12/07/2026,,ChIJk94YOuNRfCERAk6UHzFW2rM
Quantum Insurance,utiles,assurances,"Lot 15A4, Hyvec Business Park, 72201 Wall St, Quatre Bornes",+230 659 0659,https://www.quantuminsurance.com/,"-20,2454973","57,4941524",https://maps.google.com/?cid=11321931405904972392&g_mp=Cidnb29nbGUubWFwcy5wbGFjZXMudjEuUGxhY2VzLlNlYXJjaFRleHQQAhgEIAA,12/07/2026,,ChIJYfcLD_tbfCERaApOpKCUH50
Afri Life Insurance,utiles,assurances,"MU, 4 Labourdonnais Ave, Quatre Bornes 72350",+230 403 5200,http://afrilifeinsurance.com/,"-20,2679613","57,4767803",https://maps.google.com/?cid=1423677135938333890&g_mp=Cidnb29nbGUubWFwcy5wbGFjZXMudjEuUGxhY2VzLlNlYXJjaFRleHQQAhgEIAA,12/07/2026,,ChIJ8VU7y0VbfCERwixz6s_qwRM
RPL Insurance Agency,utiles,assurances,"Suite 405, 4th Floor, Shehnaz Tower, 30 Louis Pasteur St, Port Louis",+230 216 5262,,"-20,1614781","57,5054683",https://maps.google.com/?cid=7988878574442625688&g_mp=Cidnb29nbGUubWFwcy5wbGFjZXMudjEuUGxhY2VzLlNlYXJjaFRleHQQAhgEIAA,12/07/2026,,ChIJf_iMfHRRfCERmLphj7wy3m4
Allianz Tower (Allianz Services Mauritius),utiles,assurances,"MU, Rue de L'institut, Quatre Bornes 72201",+230 465 4600,https://www.linkedin.com/company/allianz-services/,"-20,2413304","57,4926887",https://maps.google.com/?cid=18427110205031811446&g_mp=Cidnb29nbGUubWFwcy5wbGFjZXMudjEuUGxhY2VzLlNlYXJjaFRleHQQAhgEIAA,12/07/2026,,ChIJ0VaKxOFbfCERdonltxk_uv8
Advanta Global Services,utiles,assurances,"Level 3, Alexander House, 35 Cybercity, Alexander House, Quatre Bornes 72201",+230 402 6893,http://www.advantaglobal.com/,"-20,2423554","57,4930228",https://maps.google.com/?cid=4744077483152593637&g_mp=Cidnb29nbGUubWFwcy5wbGFjZXMudjEuUGxhY2VzLlNlYXJjaFRleHQQAhgEIAA,12/07/2026,,ChIJ7U8TQ-JafCER5VI98lVZ1kE
Good Harvest Ltd.,utiles,assurances,"Rue Eugene Laurent, Port Louis",+230 207 8888,https://www.goodharvest.mu/,"-20,1628046","57,5061536",https://maps.google.com/?cid=9317643728288959572&g_mp=Cidnb29nbGUubWFwcy5wbGFjZXMudjEuUGxhY2VzLlNlYXJjaFRleHQQAhgEIAA,12/07/2026,,ChIJ34aZhv9QfCERVExPmJrrToE
Mauritius Financial Investment Advisor,utiles,assurances,"Arsenal Branch Rd, Calebasses",+230 5718 8090,,"-20,1110621","57,5530394",https://maps.google.com/?cid=6883769807749894277&g_mp=Cidnb29nbGUubWFwcy5wbGFjZXMudjEuUGxhY2VzLlNlYXJjaFRleHQQAhgEIAA,12/07/2026,,ChIJ89NAFXJTfCERhdB9GisQiF8
City Brokers Ltd.,utiles,assurances,"John Kennedy St, Port Louis",+230 208 2522,http://www.citybrokers.mu/,"-20,1616099","57,5010748",https://maps.google.com/?cid=7933825820174452768&g_mp=Cidnb29nbGUubWFwcy5wbGFjZXMudjEuUGxhY2VzLlNlYXJjaFRleHQQAhgEIAA,12/07/2026,,ChIJ2X_Xj6xRfCERIAhSWYycGm4
NEOCOV LTD,utiles,assurances,"Marine Road MU, Fanfaron Quays, Caudan, Port Louis 11307",+230 214 2088,http://www.neocov.com/,"-20,1557883","57,5047159",https://maps.google.com/?cid=2126018601475584935&g_mp=Cidnb29nbGUubWFwcy5wbGFjZXMudjEuUGxhY2VzLlNlYXJjaFRleHQQAhgEIAA,12/07/2026,,ChIJeXFCsB9bfCERpzPTZqcigR0
Matco Insurance Agency,utiles,assurances,"Allee Brillant Castel,Near Vers Route Phoenix Mahebourg, Vacoas-Phœnix",+230 698 5994,,"-20,2938984","57,5174403",https://maps.google.com/?cid=3738479194958147630&g_mp=Cidnb29nbGUubWFwcy5wbGFjZXMudjEuUGxhY2VzLlNlYXJjaFRleHQQAhgEIAA,12/07/2026,,ChIJzdejs3lcfCERLjCrPwW_4TM
Heritage Villas Valriche Sales Office,utiles,banques,"MU, Château Gardens, Coastal Road, Bel Ombre 61002",+230 623 5620,http://www.villasvalriche.com/,"-20,5026662","57,4134127",https://maps.google.com/?cid=2363308673727397078&g_mp=Cidnb29nbGUubWFwcy5wbGFjZXMudjEuUGxhY2VzLlNlYXJjaFRleHQQAhgEIAA,12/07/2026,,ChIJHRscFDRufCER1vweqLcozCA
BARNES Mauritius - Moka,utiles,banques,"MU, QGGG+46F Les Allées, d'Helvétia, Moka 80840",+230 460 8213,https://www.barnes-mauritius.com/en/contact-us/barnes-ile-maurice-moka.html,"-20,224685","57,5255596",https://maps.google.com/?cid=5967303379227416063&g_mp=Cidnb29nbGUubWFwcy5wbGFjZXMudjEuUGxhY2VzLlNlYXJjaFRleHQQAhgEIAA,12/07/2026,,ChIJyREB8W1bfCER_5XWqc4e0FI
Warwyck Private Bank LTD,utiles,banques,"Warwyck House, Nalletamby Road, Phoenix 73538, Vacoas-Phoenix",+230 698 2700,,"-20,2762214","57,4969453",https://maps.google.com/?cid=1067811976224986234&g_mp=Cidnb29nbGUubWFwcy5wbGFjZXMudjEuUGxhY2VzLlNlYXJjaFRleHQQAhgEIAA,12/07/2026,,ChIJI09iAHBbfCERelTMuVWh0Q4
BARNES Belle Mare,utiles,banques,"MU, Plage, Coastal Road, Poste de Flacq 41602",+230 415 8574,https://www.barnes-mauritius.com/,"-20,1686488","57,766047",https://maps.google.com/?cid=8635528763033593545&g_mp=Cidnb29nbGUubWFwcy5wbGFjZXMudjEuUGxhY2VzLlNlYXJjaFRleHQQAhgEIAA,12/07/2026,,ChIJJ1aC-Ij9fCERySZJMKiP13c
Blitz electrical works,utiles,depannages,"MGXG+2CV, Curepipe",+230 5257 0242,,"-20,302396","57,5260415",https://maps.google.com/?cid=11338796162786600197&g_mp=Cidnb29nbGUubWFwcy5wbGFjZXMudjEuUGxhY2VzLlNlYXJjaFRleHQQAhgEIAA,12/07/2026,,ChIJc9auKrpdfCERBSV11wh_W50
Asl electrical pro,utiles,depannages,"MU, Cité Malherbes c34, road, Curepipe 71943",+230 5925 1246,https://labonneandriano3.wixsite.com/website,"-20,3099323","57,5314788",https://maps.google.com/?cid=16307373300765969586&g_mp=Cidnb29nbGUubWFwcy5wbGFjZXMudjEuUGxhY2VzLlNlYXJjaFRleHQQAhgEIAA,12/07/2026,,ChIJETuimEpdfCERskzY651tT-I
Cesar Enterprise Ltd,utiles,depannages,"XM76+QH8, Goodlands",+230 283 4178,,"-20,035591","57,6614389",https://maps.google.com/?cid=5320856583126537045&g_mp=Cidnb29nbGUubWFwcy5wbGFjZXMudjEuUGxhY2VzLlNlYXJjaFRleHQQAhgEIAA,12/07/2026,,ChIJm5KKY-kBfSERVVMOCt9610k
Sandeep Taxi service,utiles,taxis,"MU, Pointe aux Piments 21306",+230 5791 1606,,"-20,0571673","57,5259451",https://maps.google.com/?cid=17634267973945203812&g_mp=Cidnb29nbGUubWFwcy5wbGFjZXMudjEuUGxhY2VzLlNlYXJjaFRleHQQAhgEIAA,12/07/2026,,ChIJxWxflX5TfCERZBwNvUqBufQ
Taxi,utiles,taxis,"Temple Rd, Rivière du Rempart",+230 5800 8803,http://taxi1061.wordpress.com/,"-20,1044031","57,6913767",https://maps.google.com/?cid=7853793644334884032&g_mp=Cidnb29nbGUubWFwcy5wbGFjZXMudjEuUGxhY2VzLlNlYXJjaFRleHQQAhgEIAA,12/07/2026,,ChIJ-3AUE03-fCERwCTNVbVH_mw
Souillac Taxi Stand,utiles,taxis,"FGJC+2WP, B9, Souillac",+230 5905 9323,,"-20,519913","57,5223434",https://maps.google.com/?cid=7695150883202857741&g_mp=Cidnb29nbGUubWFwcy5wbGFjZXMudjEuUGxhY2VzLlNlYXJjaFRleHQQAhgEIAA,12/07/2026,,ChIJwdtwH-lkfCERDftWJvWqymo
Paco Taxi,utiles,taxis,"MU, J9W8+743, Black River 90601",,,"-20,3543559","57,3653071",https://maps.google.com/?cid=2107740796261308871&g_mp=Cidnb29nbGUubWFwcy5wbGFjZXMudjEuUGxhY2VzLlNlYXJjaFRleHQQAhgEIAA,12/07/2026,,ChIJMa75RC5rfCERxxnBPxYzQB0
Taksi Mauritius,utiles,transferts,"Quatre Bornes, Maurice",+230 5255 6255,https://www.taksimauritius.com/,"-20,2400278","57,4852315",https://maps.google.com/?cid=13104948470629949322&g_mp=Cidnb29nbGUubWFwcy5wbGFjZXMudjEuUGxhY2VzLlNlYXJjaFRleHQQAhgEIAA,12/07/2026,,ChIJ85acC8JbfCERil-ydzMh3rU
Elite Fitness Studio,coaching,sports-bien-etre,"Crossing B11 B12 MU, The Vale 31302",+230 5718 7224,,"-20,0275138","57,6019646",https://maps.google.com/?cid=9238381965922856548&g_mp=Cidnb29nbGUubWFwcy5wbGFjZXMudjEuUGxhY2VzLlNlYXJjaFRleHQQAhgEIAA,12/07/2026,,ChIJoVWE2cWrfSERZO40cnNTNYA
Fitness Formula,coaching,sports-bien-etre,"Avenue Des Loriots, Sodnac Ave, Quatre Bornes",+230 5708 7107,,"-20,2735573","57,4790462",https://maps.google.com/?cid=12655792312559932972&g_mp=Cidnb29nbGUubWFwcy5wbGFjZXMudjEuUGxhY2VzLlNlYXJjaFRleHQQAhgEIAA,12/07/2026,,ChIJn5RM_JBbfCERLBZBFQ5ooq8
MPRB,coaching,famille,"VG44+52J, Port Louis",+230 240 4148,,"-20,144691","57,505225",https://maps.google.com/?cid=17993273075506008454&g_mp=Cidnb29nbGUubWFwcy5wbGFjZXMudjEuUGxhY2VzLlNlYXJjaFRleHQQAhgEIAA,12/07/2026,,ChIJn6sVT5ZRfCERhtEinIfytPk
Centre Libellule,coaching,famille,"Rue du Persil, Quatre Bornes",+230 5940 2580,http://www.centre-libellule.com/,"-20,2425425","57,4815075",https://maps.google.com/?cid=4073534806412566102&g_mp=Cidnb29nbGUubWFwcy5wbGFjZXMudjEuUGxhY2VzLlNlYXJjaFRleHQQAhgEIAA,12/07/2026,,ChIJTT4n0KdbfCERVh5p7FIaiDg
YUVA Mauritius,coaching,famille,"MU, 204, Jade Court Jummah Mosque St, Port Louis 11602",+230 5252 5556,https://yuva.info/,"-20,1610518","57,5062669",https://maps.google.com/?cid=13944639202413126890&g_mp=Cidnb29nbGUubWFwcy5wbGFjZXMudjEuUGxhY2VzLlNlYXJjaFRleHQQAhgEIAA,12/07/2026,,ChIJ97KHwKpRfCER6iTSBHlPhcE
A.P.E.I.M.,coaching,famille,Quatre Bornes,+230 467 1398,https://apeim.org/,"-20,2529869","57,4949874",https://maps.google.com/?cid=15751348056935038768&g_mp=Cidnb29nbGUubWFwcy5wbGFjZXMudjEuUGxhY2VzLlNlYXJjaFRleHQQAhgEIAA,12/07/2026,,ChIJo7wMZBpbfCERMP8mg5oHmNo
Adolescent Non Formal Education Network (ANFEN),coaching,famille,"389 Royal Rd, Beau Bassin-Rose Hill",+230 465 1484,http://www.anfen.mu/,"-20,2381137","57,47182",https://maps.google.com/?cid=6972927916639481715&g_mp=Cidnb29nbGUubWFwcy5wbGFjZXMudjEuUGxhY2VzLlNlYXJjaFRleHQQAhgEIAA,12/07/2026,,ChIJGXDzCSxbfCERc2-z-_7QxGA
Atelier de formation Joie de Vivre,coaching,famille,"GF3G+86V, Chemin Grenier",+230 622 8819,,"-20,4966289","57,4755443",https://maps.google.com/?cid=10492874420518227613&g_mp=Cidnb29nbGUubWFwcy5wbGFjZXMudjEuUGxhY2VzLlNlYXJjaFRleHQQAhgEIAA,12/07/2026,,ChIJz3YKAi9lfCERnY7FG7EtnpE
César Tierz,coaching,famille,"indigo view No1 avenue des campeches Tamarin MU, Tamarin 90908",+230 5975 5970,http://cesaremdr.com/,"-20,3389672","57,3786901",https://maps.google.com/?cid=7947905875634440078&g_mp=Cidnb29nbGUubWFwcy5wbGFjZXMudjEuUGxhY2VzLlNlYXJjaFRleHQQAhgEIAA,12/07/2026,,ChIJqXJk8oxDfCERjkduuUiiTG4
Société des Professionnels en Psychologie,coaching,famille,"15 Coriolis Ave, Quatre Bornes",+230 5940 2580,https://spp-maurice.com/membres/annuaire-consultation-privee,"-20,2488629","57,4769216",https://maps.google.com/?cid=13363410876832380818&g_mp=Cidnb29nbGUubWFwcy5wbGFjZXMudjEuUGxhY2VzLlNlYXJjaFRleHQQAhgEIAA,12/07/2026,,ChIJAWju_SRbfCERkncv3WNfdLk
Belle Âme Brocante,seconde-main,equipement-maison,"Cité de Kerhuel, 29800 La Roche-Maurice, France",+33 6 95 12 64 43,,"48,4694496","-4,1953162",https://maps.google.com/?cid=6672887684373322678&g_mp=Cidnb29nbGUubWFwcy5wbGFjZXMudjEuUGxhY2VzLlNlYXJjaFRleHQQAhgEIAA,12/07/2026,,ChIJRblO8fxNEUgRtpsmlf7bmlw
Au Vide Grenier Saint Pierre,seconde-main,equipement-maison,"71 Rte de la Ligne Paradis, ST PIERRE 97410, La Réunion",+262 262 39 79 58,https://auvidegrenier.fr/magasins/au_vide_grenier_saint_pierre,"-21,3143636","55,4760794",https://maps.google.com/?cid=3447980551917671462&g_mp=Cidnb29nbGUubWFwcy5wbGFjZXMudjEuUGxhY2VzLlNlYXJjaFRleHQQAhgEIAA,12/07/2026,,ChIJt1PgFuqhgiERJhSCNQuw2S8
Auto Dream Ltd,seconde-main,voitures-2-roues,"Mayavaram Street Royal Road Souillac MU, Souillac 60810",+230 5763 1200,,"-20,5185632","57,523407",https://maps.google.com/?cid=9572529918279373138&g_mp=Cidnb29nbGUubWFwcy5wbGFjZXMudjEuUGxhY2VzLlNlYXJjaFRleHQQAhgEIAA,12/07/2026,,ChIJ8QzrNhZlfCERUlHXRD512IQ
Salim Auto Co.Ltd,seconde-main,voitures-2-roues,"A2, Brisee Verdiere",+230 5257 3389,http://www.salimauto.co/,"-20,1709117","57,656513",https://maps.google.com/?cid=10675344372398464738&g_mp=Cidnb29nbGUubWFwcy5wbGFjZXMudjEuUGxhY2VzLlNlYXJjaFRleHQQAhgEIAA,12/07/2026,,ChIJq6qqqqP4fCER4p7GcyVxJpQ
BS Motors Ltd,seconde-main,voitures-2-roues,"Royal Road Ecroignard Flacq, QPGR+2FR, Ecroignard",+230 5763 1253,,"-20,2248903","57,7411435",https://maps.google.com/?cid=5609846087954089230&g_mp=Cidnb29nbGUubWFwcy5wbGFjZXMudjEuUGxhY2VzLlNlYXJjaFRleHQQAhgEIAA,12/07/2026,,ChIJCYG5RCf7fCERDkUedUst2k0
AutoCloud.mu,seconde-main,voitures-2-roues,"Le Barachois, Tamarin",+230 5254 7567,https://autocloud.mu/,"-20,3241491","57,3808741",https://maps.google.com/?cid=8384584394327507722&g_mp=Cidnb29nbGUubWFwcy5wbGFjZXMudjEuUGxhY2VzLlNlYXJjaFRleHQQAhgEIAA,12/07/2026,,ChIJLR5mKVVDfCERCsMsTRUHXHQ
BM Bookcentre Co. Ltd,seconde-main,jeux-livres,"Royal Road, A10 Curepipe Road, Curepipe 74217",+230 670 0617,https://www.facebook.com/bmbookcentre/,"-20,3040575","57,5233215",https://maps.google.com/?cid=17848338246054769287&g_mp=Cidnb29nbGUubWFwcy5wbGFjZXMudjEuUGxhY2VzLlNlYXJjaFRleHQQAhgEIAA,12/07/2026,,ChIJfe8I62lcfCERh_Ic-xEJsvc
Éditions Le Printemps- Curepipe,seconde-main,jeux-livres,Curepipe,+230 674 0052,http://elpmauritius.com/,"-20,3223125","57,5264375",https://maps.google.com/?cid=3974247892972975812&g_mp=Cidnb29nbGUubWFwcy5wbGFjZXMudjEuUGxhY2VzLlNlYXJjaFRleHQQAhgEIAA,12/07/2026,,ChIJP4HhXUZcfCERxLb_9WZdJzc
Friends Bookshop ( Goodlands ),seconde-main,jeux-livres,"Arya Mandir Rd, Goodlands",+230 282 0885,,"-20,0379113","57,649871",https://maps.google.com/?cid=16738638397028343461&g_mp=Cidnb29nbGUubWFwcy5wbGFjZXMudjEuUGxhY2VzLlNlYXJjaFRleHQQAhgEIAA,12/07/2026,,ChIJeX30NXEAfSERpZ6W3u-WS-g
Librairie Des Mascareignes,seconde-main,jeux-livres,"5, S Soupramanien Street MU, S Soopramanien St, Beau Bassin-Rose Hill 71363",+230 464 2748,,"-20,243434","57,4750977",https://maps.google.com/?cid=16239143084645299171&g_mp=Cidnb29nbGUubWFwcy5wbGFjZXMudjEuUGxhY2VzLlNlYXJjaFRleHQQAhgEIAA,12/07/2026,,ChIJbaheOiZbfCER4zMGyZgGXeE
Librairie Le Trèfle,seconde-main,jeux-livres,"MGP9+PHH, Sauzier St, Curepipe",+230 676 3025,,"-20,3131681","57,5189769",https://maps.google.com/?cid=6981314217515083627&g_mp=Cidnb29nbGUubWFwcy5wbGFjZXMudjEuUGxhY2VzLlNlYXJjaFRleHQQAhgEIAA,12/07/2026,,ChIJe4-IMUZcfCERa-de0Eqc4mA
Librairie Bourbon,seconde-main,jeux-livres,"RGP4+P2V, Port Louis",+230 212 1467,,"-20,1631319","57,5050378",https://maps.google.com/?cid=8345281290942661645&g_mp=Cidnb29nbGUubWFwcy5wbGFjZXMudjEuUGxhY2VzLlNlYXJjaFRleHQQAhgEIAA,12/07/2026,,ChIJ-3LF2FRQfCERDcRZcR5l0HM
Legend Golf Course,activites,golf,"RQM7+V86, Poste de Flacq",+230 402 2738,,"-20,165329","57,7632805",https://maps.google.com/?cid=3797502390804044765&g_mp=Cidnb29nbGUubWFwcy5wbGFjZXMudjEuUGxhY2VzLlNlYXJjaFRleHQQAhgEIAA,12/07/2026,,ChIJB-rmfHH8fCER3VuS7U1wszQ
Constance Belle Mare Plage Mauritius,activites,golf,"MU, B59 Belle Mare, Poste de Flacq 41602",+230 402 2600,https://www.constancehotels.com/en/hotels-resorts/belle-mare-plage/,"-20,1672764","57,7661707",https://maps.google.com/?cid=3296589225165694097&g_mp=Cidnb29nbGUubWFwcy5wbGFjZXMudjEuUGxhY2VzLlNlYXJjaFRleHQQAhgEIAA,12/07/2026,,ChIJT3zlxHX8fCERkaRhKG_Wvy0
Domaine de Belle Mare,activites,golf,Poste de Flacq,,,"-20,1790625","57,7701875",https://maps.google.com/?cid=6650046946000434476&g_mp=Cidnb29nbGUubWFwcy5wbGFjZXMudjEuUGxhY2VzLlNlYXJjaFRleHQQAhgEIAA,12/07/2026,,ChIJr4WMcob7fCERLPUGxHa2SVw
Long Beach Mauritius,activites,golf,"MU, Coastal Road, Poste de Flacq 41601",+230 401 1919,https://www.yoursunlife.com/longbeachmauritius/?utm_source=google&utm_medium=organic&utm_campaign=google_local_long_beach_mauritius,"-20,1727242","57,7698265",https://maps.google.com/?cid=15042326377101928759&g_mp=Cidnb29nbGUubWFwcy5wbGFjZXMudjEuUGxhY2VzLlNlYXJjaFRleHQQAhgEIAA,12/07/2026,,ChIJq_6h5nn8fCERNymmbiQUwdA
Dodo Club,activites,golf,Curepipe,+230 670 4803,https://www.facebook.com/FutsalDodoMauritius/,"-20,32839","57,5101135",https://maps.google.com/?cid=2008357783541674003&g_mp=Cidnb29nbGUubWFwcy5wbGFjZXMudjEuUGxhY2VzLlNlYXJjaFRleHQQAhgEIAA,12/07/2026,,ChIJi8Y9pVVcfCERE3DkbcMe3xs
Jetty to Ile aux Cerfs the Golf Course and Ilot Mangénie,activites,golf,"PQWX+96R, Trou d'Eau Douce",,,"-20,2540003","57,7980309",https://maps.google.com/?cid=17231035222633310625&g_mp=Cidnb29nbGUubWFwcy5wbGFjZXMudjEuUGxhY2VzLlNlYXJjaFRleHQQAhgEIAA,12/07/2026,,ChIJm3ifWJf6fCERoWlNtT3vIO8
Constance Hotels & Resorts,activites,golf,"MU, Central Flacq 40609",+230 402 2777,https://www.constancehotels.com/,"-20,1848699","57,7127",https://maps.google.com/?cid=7670361181876494279&g_mp=Cidnb29nbGUubWFwcy5wbGFjZXMudjEuUGxhY2VzLlNlYXJjaFRleHQQAhgEIAA,12/07/2026,,ChIJxc_fIHH8fCERx5-xCNuYcmo
"Constance Prince Maurice, Mauritius",activites,golf,"Choisy Road MU, Poste de Flacq 742FL001",+230 402 3636,https://www.constancehotels.com/en/hotels-resorts/prince-maurice/,"-20,1496607","57,746158",https://maps.google.com/?cid=10507102149813328790&g_mp=Cidnb29nbGUubWFwcy5wbGFjZXMudjEuUGxhY2VzLlNlYXJjaFRleHQQAhgEIAA,12/07/2026,,ChIJx9Ln9xf8fCERlttdery50JE
Belle Mare Beach,activites,golf,"RQ4G+3M9, Quatre Cocos",,,"-20,1948426","57,7767335",https://maps.google.com/?cid=15497574960358871756&g_mp=Cidnb29nbGUubWFwcy5wbGFjZXMudjEuUGxhY2VzLlNlYXJjaFRleHQQAhgEIAA,12/07/2026,,ChIJ6Q4qh-37fCERzNItGFFyEtc
Le Swing,activites,golf,"RQJ3+298, B62, Poste de Flacq",,https://www.constancehotels.com/de/hotels-resorts/mauritius/belle-mare-plage/?slider=services&tab=restaurantsAndBars&subtab=leswing,"-20,1699742","57,7534415",https://maps.google.com/?cid=12440176049595216799&g_mp=Cidnb29nbGUubWFwcy5wbGFjZXMudjEuUGxhY2VzLlNlYXJjaFRleHQQAhgEIAA,12/07/2026,,ChIJfTqomPH9fCERn_NxyzRipKw
Anahita Golf & Spa Resort,activites,golf,"Beau Champ, Grande Riviere Sud Est",+230 402 2200,https://www.anahita.mu/,"-20,2786431","57,788894",https://maps.google.com/?cid=14007750591001597883&g_mp=Cidnb29nbGUubWFwcy5wbGFjZXMudjEuUGxhY2VzLlNlYXJjaFRleHQQAhgEIAA,12/07/2026,,ChIJHYkxeWbwfCERuxfrPvKGZcI
LUX Belle Mare,activites,golf,"Coastal Road, Quatre Cocos",+230 402 2000,https://www.luxresorts.com/en/mauritius/hotel/luxbellemare,"-20,1990171","57,7823498",https://maps.google.com/?cid=16032839327999600309&g_mp=Cidnb29nbGUubWFwcy5wbGFjZXMudjEuUGxhY2VzLlNlYXJjaFRleHQQAhgEIAA,12/07/2026,,ChIJifca5Ar7fCERtSZUVmwWgN4
4 Seasons Beach,activites,golf,"Beau Champ, Unnamed RoadPRH4+W7R",,,"-20,2701309","57,8056423",https://maps.google.com/?cid=6299815712369709552&g_mp=Cidnb29nbGUubWFwcy5wbGFjZXMudjEuUGxhY2VzLlNlYXJjaFRleHQQAhgEIAA,12/07/2026,,ChIJ6VAh79LxfCER8JE4NgNxbVc
One&Only Le Saint Géran,activites,golf,"Pointe de Flacq, Poste de Flacq 41518",+230 401 1688,https://www.oneandonlyresorts.com/le-saint-geran?utm_medium=organic-search&utm_source=gbp&utm_campaign=gbp_ao_y_oolsg_row_wt__ao__kz&utm_content=__&utm_term=one-and-only-le-saint-geran&utm_id=yifxhp,"-20,1605098","57,7562809",https://maps.google.com/?cid=1761096461926582573&g_mp=Cidnb29nbGUubWFwcy5wbGFjZXMudjEuUGxhY2VzLlNlYXJjaFRleHQQAhgEIAA,12/07/2026,,ChIJvWg2rBL8fCERLclUxOarcBg
Belle Mare Tours,activites,excursions,Quatre Cocos,+230 415 2742,https://getyourtoursmauritius.com/,"-20,1968224","57,7748606",https://maps.google.com/?cid=2271389619635672229&g_mp=Cidnb29nbGUubWFwcy5wbGFjZXMudjEuUGxhY2VzLlNlYXJjaFRleHQQAhgEIAA,12/07/2026,,ChIJU1VVVaD7fCERpdTkINOYhR8
Blue Alizé Catamaran Ile aux Cerfs,activites,excursions,Trou d'Eau Douce,+230 5794 8463,https://www.bluealize.com/,"-20,2438906","57,7873984",https://maps.google.com/?cid=6267767875632162293&g_mp=Cidnb29nbGUubWFwcy5wbGFjZXMudjEuUGxhY2VzLlNlYXJjaFRleHQQAhgEIAA,12/07/2026,,ChIJ-Sjm9Yz6fCER9eWowayV-1Y
Tino Boats 5 island tour & Catamaran Ile aux cerfs,activites,excursions,"Route Royale, Le Maho MU, Trou d'Eau Douce 42208",+230 5254 7586,https://tinoboats.com/,"-20,2386962","57,7889184",https://maps.google.com/?cid=13609275134588598264&g_mp=Cidnb29nbGUubWFwcy5wbGFjZXMudjEuUGxhY2VzLlNlYXJjaFRleHQQAhgEIAA,12/07/2026,,ChIJuexZnmz7fCER-Le1P6Hb3bw
Excursion Ile aux Cerfs | Catamaran Tour | Five Islands Speed boat Tour | BEST Mauritius,activites,excursions,"80 Millionaire Rd, La Pelouse MU, Trou d'Eau Douce 42207",,https://visit-mauritiusnow.com/,"-20,2391348","57,7923767",https://maps.google.com/?cid=9194954591865450600&g_mp=Cidnb29nbGUubWFwcy5wbGFjZXMudjEuUGxhY2VzLlNlYXJjaFRleHQQAhgEIAA,12/07/2026,,ChIJP22xALn7fCERaLD8_XsKm38
Sea Sensation - Sea Activities & Boat Tours,activites,excursions,"Veranda Palmar Beach Palmar MU, Quatre Cocos 41604",+230 5780 5035,,"-20,2008385","57,7836891",https://maps.google.com/?cid=10276506676214893568&g_mp=Cidnb29nbGUubWFwcy5wbGFjZXMudjEuUGxhY2VzLlNlYXJjaFRleHQQAhgEIAA,12/07/2026,,ChIJmwHMTl_7fCERAAy47198nY4
Papa‘s Dream Boat Trips,activites,excursions,Trou d'Eau Douce,+230 5769 8214,http://www.papazdreammauritius.com/,"-20,2440054","57,7877438",https://maps.google.com/?cid=10755017910201767200&g_mp=Cidnb29nbGUubWFwcy5wbGFjZXMudjEuUGxhY2VzLlNlYXJjaFRleHQQAhgEIAA,12/07/2026,,ChIJJbLiKgD7fCERIFWKis5_QZU
5 Islands tour | Ile aux Cerfs | Excursions & Activities - Catamaran | Speedboat,activites,excursions,"83 Millionaire Rd, La Pelouse, Trou d'eau douce MU, Ctre de Flacq 42207",+230 5746 4800,https://visit-mauritiusnow.com/excursion-5-islands-tour-mauritius-catamaran-ile-aux-cerfs,"-20,2523252","57,797264",https://maps.google.com/?cid=10182927411293964921&g_mp=Cidnb29nbGUubWFwcy5wbGFjZXMudjEuUGxhY2VzLlNlYXJjaFRleHQQAhgEIAA,12/07/2026,,ChIJvcs-4zr7fCERecrDc4cGUY0
Blueberry boat trips (southeast cruise),activites,excursions,"Rue Mahébourg MU, Mahébourg 50821",+230 5716 1589,https://tantulika1.wixsite.com/tour/mauritius,"-20,4047227","57,7092213",https://maps.google.com/?cid=17979543750862848085&g_mp=Cidnb29nbGUubWFwcy5wbGFjZXMudjEuUGxhY2VzLlNlYXJjaFRleHQQAhgEIAA,12/07/2026,,ChIJOd4feOv1fCERVUDGHcgrhPk
5 islands Excursions - Dolphins - Catamaran Private Speedboat,activites,excursions,"18 Pointe de Flacq, Poste de Flacq 41518 MU, Poste de Flacq 41518",+230 5746 4800,https://www.visit-mauritiusnow.com/,"-20,1671822","57,7671149",https://maps.google.com/?cid=14203834487329349928&g_mp=Cidnb29nbGUubWFwcy5wbGFjZXMudjEuUGxhY2VzLlNlYXJjaFRleHQQAhgEIAA,12/07/2026,,ChIJmfJKFer9fCERKGG1CTYoHsU
Johaness Catamaran & Speedboat Cruises,activites,excursions,"Royal Road La Pelouse, Trou D'eau Douce, Trou d'Eau Douce 42207",,,"-20,2386022","57,7926578",https://maps.google.com/?cid=5126795644956764038&g_mp=Cidnb29nbGUubWFwcy5wbGFjZXMudjEuUGxhY2VzLlNlYXJjaFRleHQQAhgEIAA,12/07/2026,,ChIJjUdvle36fCERhueq5XkJJkc
La Criee Excursion En Bateau,activites,excursions,"Coastal Rd, Blue Bay",+230 5495 5764,http://www.lacrieeilemaurice.com/,"-20,4442579","57,7167985",https://maps.google.com/?cid=15304329149332261094&g_mp=Cidnb29nbGUubWFwcy5wbGFjZXMudjEuUGxhY2VzLlNlYXJjaFRleHQQAhgEIAA,12/07/2026,,ChIJTa9IXnuLfCER5gibh0bmY9Q
FalconBoats,activites,excursions,"B59, Trou d'Eau Douce",+230 480 2680,http://www.falconboats.mu/,"-20,238972","57,79231",https://maps.google.com/?cid=10253115393182345262&g_mp=Cidnb29nbGUubWFwcy5wbGFjZXMudjEuUGxhY2VzLlNlYXJjaFRleHQQAhgEIAA,12/07/2026,,ChIJbxpzmu36fCERLii5cyBiSo4
Aquaventure Ltd.,activites,excursions,"MU, Coastal Road, Poste de Flacq 41601",+230 5729 3335,http://aquaventure.io/,"-20,176102","57,769972",https://maps.google.com/?cid=14710950148921267402&g_mp=Cidnb29nbGUubWFwcy5wbGFjZXMudjEuUGxhY2VzLlNlYXJjaFRleHQQAhgEIAA,12/07/2026,,ChIJ1SNfTXj8fCERypTu7jfLJ8w
Centre de Plongée Île Maurice - Dive Passion Mauritius,activites,excursions,"Coastal Road B 59 Belle Mare, Belle Mare",+230 5856 5527,http://www.divepassionmauritius.com/,"-20,195513","57,777629",https://maps.google.com/?cid=4728968468994187550&g_mp=Cidnb29nbGUubWFwcy5wbGFjZXMudjEuUGxhY2VzLlNlYXJjaFRleHQQAhgEIAA,12/07/2026,,ChIJd266o5_7fCERHuFrdMSroEE
Aqua Soleil Mauritius,activites,excursions,Blue Bay,,https://tantulika1.wixsite.com/tour/mauritius,"-20,4453788","57,702048",https://maps.google.com/?cid=9567869243168682125&g_mp=Cidnb29nbGUubWFwcy5wbGFjZXMudjEuUGxhY2VzLlNlYXJjaFRleHQQAhgEIAA,12/07/2026,,ChIJR3tjEViLfCERjXB0SGLmx4Q
SEAFAN DIVING ADVENTURES - BELLE MARE,activites,excursions,"MU, c/o Lux, Coastal Road, Belle Mare 21506",+230 5258 1356,http://www.mauritiusdiveadventures.com/,"-20,1992893","57,7830038",https://maps.google.com/?cid=12299698597871364794&g_mp=Cidnb29nbGUubWFwcy5wbGFjZXMudjEuUGxhY2VzLlNlYXJjaFRleHQQAhgEIAA,12/07/2026,,ChIJoRtPZ_H7fCERuip-SrVOsao
Robin De Mer,activites,excursions,"QQ6R+GV4, Trou d'Eau Douce",+230 5939 9461,https://www.atomleisure.mu/ile-aux-cerfs-robin-de-mer.html#/one,"-20,2387832","57,79217",https://maps.google.com/?cid=10562894190644264339&g_mp=Cidnb29nbGUubWFwcy5wbGFjZXMudjEuUGxhY2VzLlNlYXJjaFRleHQQAhgEIAA,12/07/2026,,ChIJIzdUVSf7fCERk31jQU3wlpI
Neptune Cruises,activites,excursions,"MU, Trou d'Eau Douce 42212",+230 5726 6514,,"-20,2437894","57,7873129",https://maps.google.com/?cid=1929327130167167718&g_mp=Cidnb29nbGUubWFwcy5wbGFjZXMudjEuUGxhY2VzLlNlYXJjaFRleHQQAhgEIAA,12/07/2026,,ChIJJbaQdWz7fCER5kojic1Yxho
Excursion 5 îles | Traversée Turquoise | île aux Cerfs ~ Belle Mare Tours,activites,excursions,"Royal Road, Quatre Cocos",+230 5772 9919,https://www.visitemaurice.com/tour-ile-aux-cerfs/traversee-turquoise-ile-aux-cerfs-visite-des-5-iles/,"-20,1995813","57,7771566",https://maps.google.com/?cid=16270040125930381788&g_mp=Cidnb29nbGUubWFwcy5wbGFjZXMudjEuUGxhY2VzLlNlYXJjaFRleHQQAhgEIAA,12/07/2026,,ChIJiQxiYtv7fCER3KFuy0rLyuE
Private Boat Trip - 5 Island Tour Mauritius & Ile aux Cerfs Excursion (Sortie 5 Îles),activites,excursions,"21 La Place Belgath, Beau Champ, 40902 MU, Beau Champ 40902",+230 5746 4800,https://visit-mauritiusnow.com/excursion-5-islands-tour-mauritius-catamaran-ile-aux-cerfs,"-20,2813455","57,7899409",https://maps.google.com/?cid=678930535433269907&g_mp=Cidnb29nbGUubWFwcy5wbGFjZXMudjEuUGxhY2VzLlNlYXJjaFRleHQQAhgEIAA,12/07/2026,,ChIJ-cJyVi_xfCERk3Kqj7kLbAk
PRESTIGE SCUBA ADVENTURES -BELLE MARE,activites,excursions,"MU, Coastal Road, Poste de Flacq 52010",+230 5253 2338,https://tantulika1.wixsite.com/tour/mauritius,"-20,1757359","57,7713634",https://maps.google.com/?cid=17974000607916238299&g_mp=Cidnb29nbGUubWFwcy5wbGFjZXMudjEuUGxhY2VzLlNlYXJjaFRleHQQAhgEIAA,12/07/2026,,ChIJL-N2n4f7fCER26WAk1J6cPk
Vicky Boats,activites,excursions,Trou d'Eau Douce,+230 5754 5597,http://www.bateauxvicky.com/,"-20,2386931","57,7924439",https://maps.google.com/?cid=14702173455182376894&g_mp=Cidnb29nbGUubWFwcy5wbGFjZXMudjEuUGxhY2VzLlNlYXJjaFRleHQQAhgEIAA,12/07/2026,,ChIJ-QYd8q77fCERvq9SrtycCMw
Turquoise Voyages / Samtours Mauritius,activites,excursions,"FLIC EN FLAC MAURITIUS flicenflac MU, Flic en Flac 74224",+230 5815 3169,http://www.turquoisevoyage.com/,"-20,279293","57,3688243",https://maps.google.com/?cid=18294132848019648904&g_mp=Cidnb29nbGUubWFwcy5wbGFjZXMudjEuUGxhY2VzLlNlYXJjaFRleHQQAhgEIAA,12/07/2026,,ChIJNwfn6TpBfCERiDEEGObQ4f0
Mauritius Bookings,activites,excursions,Trou d'Eau Douce,+230 5258 1708,https://www.mauritiusbookings.com/,"-20,2391394","57,7845785",https://maps.google.com/?cid=5285012849189848337&g_mp=Cidnb29nbGUubWFwcy5wbGFjZXMudjEuUGxhY2VzLlNlYXJjaFRleHQQAhgEIAA,12/07/2026,,ChIJj6OclvT6fCEREQVWZS8jWEk
Coco De Zil Mauritius,activites,excursions,"Pointe Jerome Mahebourg MU, 50817",+230 5770 7235,https://cocodezil.com/,"-20,424766","57,7233151",https://maps.google.com/?cid=16888500749114245885&g_mp=Cidnb29nbGUubWFwcy5wbGFjZXMudjEuUGxhY2VzLlNlYXJjaFRleHQQAhgEIAA,12/07/2026,,ChIJxZzFft2LfCER_YLfw_MBYOo
Le Val Nature Park,activites,parcs-animaliers,"JJPJ+69V, Unnamed Road, St Hubert",,,"-20,3643801","57,6309105",https://maps.google.com/?cid=2799014211001317031&g_mp=Cidnb29nbGUubWFwcy5wbGFjZXMudjEuUGxhY2VzLlNlYXJjaFRleHQQAhgEIAA,12/07/2026,,ChIJDXEEaYJffCERp_YAWJgY2CY
Aquacity Belle Mare Watersports,activites,parcs-aventures,"MU, Coastal Road, Quatre Cocos 41601",+230 5834 4620,http://www.aquacitymauritius.com/,"-20,1962179","57,7749207",https://maps.google.com/?cid=13901879147651689695&g_mp=Cidnb29nbGUubWFwcy5wbGFjZXMudjEuUGxhY2VzLlNlYXJjaFRleHQQAhgEIAA,12/07/2026,,ChIJnxPN5xT7fCER32ww8m1l7cA
Aquasea Watersports Belle Mare,activites,parcs-aventures,"RQFC+P5H, Coastal Road, Quatre Cocos",+230 5766 2614,,"-20,1756856","57,7704692",https://maps.google.com/?cid=3423019400742143510&g_mp=Cidnb29nbGUubWFwcy5wbGFjZXMudjEuUGxhY2VzLlNlYXJjaFRleHQQAhgEIAA,12/07/2026,,ChIJESWkpof7fCERFoaBUAICgS8
Belle île aventure,activites,parcs-aventures,"Kergoyet, 56360 Le Palais, France",+33 6 82 04 84 88,http://www.belleile-aventure.com/,"47,348041","-3,1915712",https://maps.google.com/?cid=9468128450590155966&g_mp=Cidnb29nbGUubWFwcy5wbGFjZXMudjEuUGxhY2VzLlNlYXJjaFRleHQQAhgEIAA,12/07/2026,,ChIJS1v1dzWDGkgRviQyWamMZYM
Blue Bay Marine Park,activites,parcs-aventures,Blue Bay,+230 5915 1351,https://tantulika125.wixsite.com/blue-bay-marine-park,"-20,4448478","57,709801",https://maps.google.com/?cid=7366073119097956327&g_mp=Cidnb29nbGUubWFwcy5wbGFjZXMudjEuUGxhY2VzLlNlYXJjaFRleHQQAhgEIAA,12/07/2026,,ChIJ16w1WRKLfCER5ydjhXmMOWY
Parc Aventure Accrobranche de Vero,activites,parcs-aventures,"Pian di Vero – D4, 20172 Vero, France",+33 4 95 21 89 01,https://revesdecimes.fr/accrobranche-de-vero/,"42,06856","8,928725",https://maps.google.com/?cid=14083028121739155414&g_mp=Cidnb29nbGUubWFwcy5wbGFjZXMudjEuUGxhY2VzLlNlYXJjaFRleHQQAhgEIAA,12/07/2026,,ChIJw9erYHQO2hIR1lcZLnb3cMM
Belle Mare Outdoor Centre,activites,complexes-sportifs,"RQ3G+JQW, Coastal Road, Quatre Cocos",,,"-20,1958933","57,776964",https://maps.google.com/?cid=16416532189236065396&g_mp=Cidnb29nbGUubWFwcy5wbGFjZXMudjEuUGxhY2VzLlNlYXJjaFRleHQQAhgEIAA,12/07/2026,,ChIJwUYsDAD7fCERdHQuLww90-M
Ile Aux Cerfs Watersports,activites,sports-nautiques,"Royal Road La Pelouse, Trou d'Eau Douce,, QQ6V+H38, Trou d'Eau Douce",+230 5255 2121,,"-20,2385926","57,7926919",https://maps.google.com/?cid=8914000426623453965&g_mp=Cidnb29nbGUubWFwcy5wbGFjZXMudjEuUGxhY2VzLlNlYXJjaFRleHQQAhgEIAA,12/07/2026,,ChIJF4tplu36fCERDUuS3CjktHs
Green Island Beach Restaurant,activites,randonnee-trail,"B59 Coastal Road la pelouse MU, Trou d'Eau Douce 42207",+230 480 0735,,"-20,2383984","57,7928153",https://maps.google.com/?cid=8560998064745417506&g_mp=Cidnb29nbGUubWFwcy5wbGFjZXMudjEuUGxhY2VzLlNlYXJjaFRleHQQAhgEIAA,12/07/2026,,ChIJ9UXrwO36fCERIgv1u2HGznY
Bras D'Eau Visitor's Center,activites,randonnee-trail,"VP3G+RJP, Poste Lafayette",,https://www.facebook.com/Yassirhike,"-20,1454122","57,7265865",https://maps.google.com/?cid=12275183729544578316&g_mp=Cidnb29nbGUubWFwcy5wbGFjZXMudjEuUGxhY2VzLlNlYXJjaFRleHQQAhgEIAA,12/07/2026,,ChIJX04lZKL-fCERDMUouJA2Wqo
La Cave Madame,activites,randonnee-trail,"VPQ9+F9G, Roches Noires",,,"-20,1113051","57,7184665",https://maps.google.com/?cid=18028474594421578445&g_mp=Cidnb29nbGUubWFwcy5wbGFjZXMudjEuUGxhY2VzLlNlYXJjaFRleHQQAhgEIAA,12/07/2026,,ChIJ8zaq92X-fCERzRqn6h8CMvo
Calypso Excursion Mauritius,activites,randonnee-trail,"MU, Blue Bay 50802",+230 5702 1962,https://itacalypso.com/,"-20,4440279","57,7166553",https://maps.google.com/?cid=16432801802986067173&g_mp=Cidnb29nbGUubWFwcy5wbGFjZXMudjEuUGxhY2VzLlNlYXJjaFRleHQQAhgEIAA,12/07/2026,,ChIJiX9cGt2LfCER5RRi0ywKDeQ
Trou d'Eau Douce,activites,randonnee-trail,Trou d'Eau Douce,,,"-20,2433824","57,7836139",https://maps.google.com/?cid=2089374159881972576&g_mp=Cidnb29nbGUubWFwcy5wbGFjZXMudjEuUGxhY2VzLlNlYXJjaFRleHQQAhgEIAA,12/07/2026,,ChIJr4OuP4v6fCERYCulerry_hw
Ile aux Cerfs beach,activites,randonnee-trail,"стров Серф о., PRM4+67V, Beau Champ",+7 916 603-69-44,,"-20,2668926","57,8056799",https://maps.google.com/?cid=7434272591009198434&g_mp=Cidnb29nbGUubWFwcy5wbGFjZXMudjEuUGxhY2VzLlNlYXJjaFRleHQQAhgEIAA,12/07/2026,,ChIJCSH5YgrwfCERYrGGdojXK2c
Vallée d'Osterlog Endemic Garden,activites,randonnee-trail,"MJ29+QF3, Cluny",+230 670 4088,https://osterlog.govmu.org/osterlog/,"-20,3481107","57,6186578",https://maps.google.com/?cid=15291903005455246471&g_mp=Cidnb29nbGUubWFwcy5wbGFjZXMudjEuUGxhY2VzLlNlYXJjaFRleHQQAhgEIAA,12/07/2026,,ChIJW3oNCgxffCERh2Tjc8PAN9Q
Escale Marine,activites,peche,"La Pelouse, Trou Deau Douce, Mauritius, B59, Trou d'Eau Douce",+230 5764 9691,,"-20,2389984","57,7924998",https://maps.google.com/?cid=16154694708280849584&g_mp=Cidnb29nbGUubWFwcy5wbGFjZXMudjEuUGxhY2VzLlNlYXJjaFRleHQQAhgEIAA,12/07/2026,,ChIJlXXHme36fCERsHT29T4BMeA
Seagull Big Game Fishing,activites,peche,"Royal coastal road MU, Trou d'Eau Douce 42213",+230 5988 5373,,"-20,2390185","57,7852097",https://maps.google.com/?cid=7240818250885862438&g_mp=Cidnb29nbGUubWFwcy5wbGFjZXMudjEuUGxhY2VzLlNlYXJjaFRleHQQAhgEIAA,12/07/2026,,ChIJX0il3UX7fCERJpQ379WNfGQ
Pêche Île Maurice - Lagon Découvertes,activites,peche,"Calodyne, Maurice",+230 5792 8504,,"-20,000365","57,642875",https://maps.google.com/?cid=1730446475126897270&g_mp=Cidnb29nbGUubWFwcy5wbGFjZXMudjEuUGxhY2VzLlNlYXJjaFRleHQQAhgEIAA,12/07/2026,,ChIJ1dy717yrfSERdvrDnObHAxg
Izumi Fishing and Outdoor Equipment - Trou aux Biches,activites,peche,"Trou aux biches Road, Triolet, Trou-aux-Biches",+230 5934 8450,https://www.facebook.com/izumisystems,"-20,0405568","57,5493281",https://maps.google.com/?cid=8357343560366634706&g_mp=Cidnb29nbGUubWFwcy5wbGFjZXMudjEuUGxhY2VzLlNlYXJjaFRleHQQAhgEIAA,12/07/2026,,ChIJx8woc0ytfSER0jaNZbA_-3M
Trou Aux Biches Fishing Charters,activites,peche,Pamplemousses,+230 5910 5929,,"-20,0406348","57,5417878",https://maps.google.com/?cid=11269920973631476781&g_mp=Cidnb29nbGUubWFwcy5wbGFjZXMudjEuUGxhY2VzLlNlYXJjaFRleHQQAhgEIAA,12/07/2026,,ChIJGT0gydOtfSERLVQHOGrNZpw
Coeur de lion fishing Charters,activites,peche,"MU, Royal Road, Trou aux Biches 22301",+230 5979 8204,,"-20,0415544","57,541146",https://maps.google.com/?cid=10537563835063735265&g_mp=Cidnb29nbGUubWFwcy5wbGFjZXMudjEuUGxhY2VzLlNlYXJjaFRleHQQAhgEIAA,12/07/2026,,ChIJMwRmpsutfSER4RP6QnryPJI
Pyramide Fishing Boat,activites,peche,"XG5R+CFX, Trou aux Biches",+230 5988 4268,,"-20,0413978","57,5412241",https://maps.google.com/?cid=10471842584346178731&g_mp=Cidnb29nbGUubWFwcy5wbGFjZXMudjEuUGxhY2VzLlNlYXJjaFRleHQQAhgEIAA,12/07/2026,,ChIJIZLg8metfSERqzTDJ1l1U5E
Belle Mare Ruins,activites,culture-patrimoine,"RQ3C+H77, Quatre Cocos",,,"-20,196095","57,7706711",https://maps.google.com/?cid=1378037923920531460&g_mp=Cidnb29nbGUubWFwcy5wbGFjZXMudjEuUGxhY2VzLlNlYXJjaFRleHQQAhgEIAA,12/07/2026,,ChIJMbdrX6L7fCERBNBMzjDGHxM
Mauritius Museums Council,activites,culture-patrimoine,"Immediate to Mauritius Council, Port Louis",+230 212 6912,,"-20,1631083","57,5025277",https://maps.google.com/?cid=11312410069229544716&g_mp=Cidnb29nbGUubWFwcy5wbGFjZXMudjEuUGxhY2VzLlNlYXJjaFRleHQQAhgEIAA,12/07/2026,,ChIJkfCpn1RQfCERDKX6sQXB_Zw
Monument Paul et Virginie,activites,culture-patrimoine,"WMPP+VVC, St Geran Street, Poudre d'Or",,https://www.ilemaurice.im/memorial-du-naufrage-du-saint-geran-paul-et-virginie/,"-20,0628081","57,687135",https://maps.google.com/?cid=14351213433535513141&g_mp=Cidnb29nbGUubWFwcy5wbGFjZXMudjEuUGxhY2VzLlNlYXJjaFRleHQQAhgEIAA,12/07/2026,,ChIJbdIuYy0AfSERNcKy8ZTAKcc
Coeur de Ville Flacq,activites,malls-shopping,"RP8F+3C9, Ctre de Flacq",+230 412 4343,http://coeurdeville.mu/,"-20,184828","57,7236239",https://maps.google.com/?cid=5497442666054945037&g_mp=Cidnb29nbGUubWFwcy5wbGFjZXMudjEuUGxhY2VzLlNlYXJjaFRleHQQAhgEIAA,12/07/2026,,ChIJ_1SHSV35fCERDQlIY_rWSkw
MyStore Rose-Belle,activites,malls-shopping,"HHXX+WC2, Rose Belle",,https://aldrex.mu/,"-20,400247","57,5985047",https://maps.google.com/?cid=17357204436759990669&g_mp=Cidnb29nbGUubWFwcy5wbGFjZXMudjEuUGxhY2VzLlNlYXJjaFRleHQQAhgEIAA,12/07/2026,,ChIJocn00X9hfCERjdHpCnkt4fA
Vieux Moulin Shopping Centre,activites,malls-shopping,"JH2X+C9R, Rose Belle",+230 627 2852,,"-20,3988787","57,5984037",https://maps.google.com/?cid=13640314980386519023&g_mp=Cidnb29nbGUubWFwcy5wbGFjZXMudjEuUGxhY2VzLlNlYXJjaFRleHQQAhgEIAA,12/07/2026,,ChIJ4aZZXodgfCER77dghjQiTL0
Sunrise Souvenir Shop,activites,malls-shopping,"RQ3G+CFJ, B59, Quatre Cocos",+230 5920 2031,,"-20,1962565","57,7759082",https://maps.google.com/?cid=7347728868055493489&g_mp=Cidnb29nbGUubWFwcy5wbGFjZXMudjEuUGxhY2VzLlNlYXJjaFRleHQQAhgEIAA,12/07/2026,,ChIJeeoQhLD7fCERcatUvnlg-GU
Home Delivery Service,activites,malls-shopping,"Plaisance Shopping Village Rosebelle Grand Port Mauritius Veux Moulin Shopping complex Rosebelle, Bo'Vallon Mall BeauVallon, Mahebourg",+230 5798 3526,,"-20,400411","57,598659",https://maps.google.com/?cid=2534381049940882134&g_mp=Cidnb29nbGUubWFwcy5wbGFjZXMudjEuUGxhY2VzLlNlYXJjaFRleHQQAhgEIAA,12/07/2026,,ChIJTxxoBqVhfCER1jI1HyPuKyM
Riverside Shopping Centre,activites,malls-shopping,"A6, Rivière du Rempart",+230 208 8538,,"-20,1098301","57,6891513",https://maps.google.com/?cid=10881687261063130612&g_mp=Cidnb29nbGUubWFwcy5wbGFjZXMudjEuUGxhY2VzLlNlYXJjaFRleHQQAhgEIAA,12/07/2026,,ChIJwy3dn6z_fCER9K2PCOmEA5c
VIP Commercial Centre,activites,malls-shopping,"RP5G+8CJ, Ctre de Flacq",+230 413 2245,http://www.facebook.com/VIPCentreFlacq,"-20,1916717","57,7260283",https://maps.google.com/?cid=5396495644415389331&g_mp=Cidnb29nbGUubWFwcy5wbGFjZXMudjEuUGxhY2VzLlNlYXJjaFRleHQQAhgEIAA,12/07/2026,,ChIJR4X3e2b5fCERk25SXTI05Eo
Duty Shop,activites,malls-shopping,"RQ2G+R2P, B58, Quatre Cocos",,,"-20,1979125","57,7750695",https://maps.google.com/?cid=5249706584773146368&g_mp=Cidnb29nbGUubWFwcy5wbGFjZXMudjEuUGxhY2VzLlNlYXJjaFRleHQQAhgEIAA,12/07/2026,,ChIJE_rJkqH7fCERALduIFO02kg
Port Louis Waterfront by Landscope Mauritius,activites,malls-shopping,"RGQ2+J7M, Quay St, Port Louis",+230 210 4151,http://www.portlouiswaterfront.com/,"-20,1609157","57,5007013",https://maps.google.com/?cid=15301267641175182528&g_mp=Cidnb29nbGUubWFwcy5wbGFjZXMudjEuUGxhY2VzLlNlYXJjaFRleHQQAhgEIAA,12/07/2026,,ChIJOXotjKxRfCERwAxtndkFWdQ
Poivre d'Or,activites,malls-shopping,"RQM8+7GF, Poste de Flacq",+230 415 5918,,"-20,1684156","57,7659135",https://maps.google.com/?cid=17905969580795792854&g_mp=Cidnb29nbGUubWFwcy5wbGFjZXMudjEuUGxhY2VzLlNlYXJjaFRleHQQAhgEIAA,12/07/2026,,ChIJ2a1vxN39fCER1o1IvnbIfvg
Happy World House,activites,malls-shopping,"Regus 8th floor, 37 Sir William Newton St, Port Louis 11328",+230 212 3838,,"-20,1633767","57,5049794",https://maps.google.com/?cid=6333409163948146600&g_mp=Cidnb29nbGUubWFwcy5wbGFjZXMudjEuUGxhY2VzLlNlYXJjaFRleHQQAhgEIAA,12/07/2026,,ChIJl8PK31RQfCERqD9VKhTK5Fc
Kaylash Pooja shop,activites,malls-shopping,"RQ2F+WFG, Quatre Cocos",+230 415 1489,,"-20,197683","57,7736966",https://maps.google.com/?cid=10117305480224146856&g_mp=Cidnb29nbGUubWFwcy5wbGFjZXMudjEuUGxhY2VzLlNlYXJjaFRleHQQAhgEIAA,12/07/2026,,ChIJc279U1b7fCERqIXfALvjZ4w
Flacq City Plaza,activites,malls-shopping,"RP5G+5FW, Ctre de Flacq",,,"-20,1920027","57,726199",https://maps.google.com/?cid=9318003776355353173&g_mp=Cidnb29nbGUubWFwcy5wbGFjZXMudjEuUGxhY2VzLlNlYXJjaFRleHQQAhgEIAA,12/07/2026,,ChIJpbMFwvn5fCERVcJo0RAzUIE
Les Galeries Evershine,activites,malls-shopping,"5 S Soopramanien St, Beau Bassin-Rose Hill",+230 5971 0340,https://m.facebook.com/pages/Galerie-Evershine-Rose-Hill/101872839964045,"-20,2412903","57,4742098",https://maps.google.com/?cid=629668443869449112&g_mp=Cidnb29nbGUubWFwcy5wbGFjZXMudjEuUGxhY2VzLlNlYXJjaFRleHQQAhgEIAA,12/07/2026,,ChIJYZu-4SdbfCERmIscEx0IvQg
Galerie Lafayette,activites,malls-shopping,"RQ3G+GMF, Quatre Cocos",,,"-20,1961976","57,7766805",https://maps.google.com/?cid=16002615678919836772&g_mp=Cidnb29nbGUubWFwcy5wbGFjZXMudjEuUGxhY2VzLlNlYXJjaFRleHQQAhgEIAA,12/07/2026,,ChIJZ9-EZcL7fCERZAQdqyy2FN4
Belle Mare Supermarket,activites,malls-shopping,"RQ3G+FJG, B59, Quatre Cocos",,,"-20,1963001","57,7765719",https://maps.google.com/?cid=18005815361645158338&g_mp=Cidnb29nbGUubWFwcy5wbGFjZXMudjEuUGxhY2VzLlNlYXJjaFRleHQQAhgEIAA,12/07/2026,,ChIJqQcqTAD7fCERwp8hKqyB4fk
Quatre coco libre service,activites,malls-shopping,"QQP9+QCP, Unnamed Road, Quatre Cocos",+230 415 1403,,"-20,2130322","57,7685755",https://maps.google.com/?cid=5562895140160901869&g_mp=Cidnb29nbGUubWFwcy5wbGFjZXMudjEuUGxhY2VzLlNlYXJjaFRleHQQAhgEIAA,12/07/2026,,ChIJRa_RkKP7fCER7ZIJEKhfM00
Xpress Supermarket,activites,malls-shopping,"MU, Coastal Road, Quatre Cocos 00230",+230 5722 4100,,"-20,1966821","57,7750527",https://maps.google.com/?cid=16112753678276714774&g_mp=Cidnb29nbGUubWFwcy5wbGFjZXMudjEuUGxhY2VzLlNlYXJjaFRleHQQAhgEIAA,12/07/2026,,ChIJwR30cIn7fCERFmEN8xkAnN8
GIFT & DECO - FLACQ,activites,malls-shopping,"30, Arcade Virginie Royal Road, Central Flacq",+230 5250 1672,https://m.facebook.com/GiftNDecoLtd/,"-20,192684","57,7257821",https://maps.google.com/?cid=17460868811416304575&g_mp=Cidnb29nbGUubWFwcy5wbGFjZXMudjEuUGxhY2VzLlNlYXJjaFRleHQQAhgEIAA,12/07/2026,,ChIJO7qJlC75fCERv3sqHqx3UfI
RnS Designer Palace,activites,malls-shopping,"RP5C+HMQ, Ctre de Flacq",,,"-20,1910398","57,7217371",https://maps.google.com/?cid=2363258727451829907&g_mp=Cidnb29nbGUubWFwcy5wbGFjZXMudjEuUGxhY2VzLlNlYXJjaFRleHQQAhgEIAA,12/07/2026,,ChIJOdzI8Kf5fCERk6Ybokr7yyA
ASB Store LTD,activites,malls-shopping,"Royal Road,Bramsthan FLACQ, QPPP+JVP, Branch Rd, Bramsthan",,,"-20,213623","57,7371998",https://maps.google.com/?cid=17074934636153538897&g_mp=Cidnb29nbGUubWFwcy5wbGFjZXMudjEuUGxhY2VzLlNlYXJjaFRleHQQAhgEIAA,12/07/2026,,ChIJB3Kq5Vn7fCERUQnyrpVa9uw
Oasis Bistro,activites,malls-shopping,"Royal Road, Poste de Flacq",+230 5788 5104,,"-20,1676461","57,7340553",https://maps.google.com/?cid=14587339254345402899&g_mp=Cidnb29nbGUubWFwcy5wbGFjZXMudjEuUGxhY2VzLlNlYXJjaFRleHQQAhgEIAA,12/07/2026,,ChIJkzJ8NmL5fCERE4peycOjcMo
Lacase,activites,malls-shopping,"MU, Rue des Oursins, Baie du Tombeau 21731",+230 206 8200,,"-20,1340991","57,5126656",https://maps.google.com/?cid=11870196279563687802&g_mp=Cidnb29nbGUubWFwcy5wbGFjZXMudjEuUGxhY2VzLlNlYXJjaFRleHQQAhgEIAA,12/07/2026,,ChIJAQAAMDGqfSERepeOEaBou6Q
Moto Passion,activites,malls-shopping,"F05 Orchard Centre, Quatre Bornes",+230 424 9638,,"-20,2671364","57,4782867",https://maps.google.com/?cid=3713355187491383551&g_mp=Cidnb29nbGUubWFwcy5wbGFjZXMudjEuUGxhY2VzLlNlYXJjaFRleHQQAhgEIAA,12/07/2026,,ChIJQwl3zElbfCER_yhHa958iDM
Intermart chebel,activites,malls-shopping,"QFP9+QX9, Edgar Adolphe St, Beau Bassin-Rose Hill",+230 454 6888,http://intermartmauritius.com/,"-20,2130941","57,4699949",https://maps.google.com/?cid=6560969659775178425&g_mp=Cidnb29nbGUubWFwcy5wbGFjZXMudjEuUGxhY2VzLlNlYXJjaFRleHQQAhgEIAA,12/07/2026,,ChIJfybKy7ZafCERudYD4SQ_DVs
Solana Beach Mauritius,activites,malls-shopping,"Coastal Road, Belle Mare, Poste de Flacq 41518",+230 402 7200,https://solanabeach.mu/,"-20,1766451","57,7704286",https://maps.google.com/?cid=17657173204469517947&g_mp=Cidnb29nbGUubWFwcy5wbGFjZXMudjEuUGxhY2VzLlNlYXJjaFRleHQQAhgEIAA,12/07/2026,,ChIJRX4cqof7fCERe47zTXrhCvU
Indigo Divers - One&Only Le Saint Géran Dive Centre,activites,malls-shopping,"MU, Point de Flacq, Poste de Flacq 41518",+230 5976 6833,http://indigodivetravel.com/,"-20,1618056","57,7557908",https://maps.google.com/?cid=10502525462859488828&g_mp=Cidnb29nbGUubWFwcy5wbGFjZXMudjEuUGxhY2VzLlNlYXJjaFRleHQQAhgEIAA,12/07/2026,,ChIJWZynlwX7fCERPB48gkN3wJE
The Residence Mauritius,activites,malls-shopping,"The Residence, Coastal Road, Quatre Cocos",+230 401 8888,https://www.cenizaro.com/theresidence/mauritius?utm_source=google&utm_medium=organic&utm_campaign=mauritius,"-20,1978813","57,7797275",https://maps.google.com/?cid=18369805731413373095&g_mp=Cidnb29nbGUubWFwcy5wbGFjZXMudjEuUGxhY2VzLlNlYXJjaFRleHQQAhgEIAA,12/07/2026,,ChIJpZ3ZHqL7fCERpzDUPfyo7v4
"Crystals Beach Resort Belle Mare, a Member of Radisson Individuals",activites,malls-shopping,"MU, Coastal Road, Quatre Cocos 41601",+230 402 7800,https://www.radissonhotels.com/en-us/hotels/radisson-individuals-crystals-beach-resort?cid=a:se+b:gmb+c:emea+i:local+e:ri+d:mea+h:MUBLMAAA,"-20,2086733","57,7897093",https://maps.google.com/?cid=2035456264047113281&g_mp=Cidnb29nbGUubWFwcy5wbGFjZXMudjEuUGxhY2VzLlNlYXJjaFRleHQQAhgEIAA,12/07/2026,,ChIJGdqM1Rr7fCERQTRfFrBkPxw
BLUE WORLD EXPLORER DIVING SHOP,activites,malls-shopping,"Pointe Jérome, RQ3G+72R, Quatre Cocos",+230 5258 1356,,"-20,1967605","57,7750245",https://maps.google.com/?cid=15255446041143584017&g_mp=Cidnb29nbGUubWFwcy5wbGFjZXMudjEuUGxhY2VzLlNlYXJjaFRleHQQAhgEIAA,12/07/2026,,ChIJpf2CF3r7fCEREaWA_Fg7ttM
Yves Rocher,activites,malls-shopping,"Moka Camp de Masque Flacq Road Flacq Shopping Mall, Corner A7-B25, Camp Garreau, Ctre de Flacq",+230 413 7477,,"-20,2003935","57,7209329",https://maps.google.com/?cid=12044018731414314481&g_mp=Cidnb29nbGUubWFwcy5wbGFjZXMudjEuUGxhY2VzLlNlYXJjaFRleHQQAhgEIAA,12/07/2026,,ChIJbwlWYHX5fCER8d0ZajnzJKc
Friday Attitude Hotel,activites,activites-enfants-famille,"B59, Royal Road Belle Mare MU, Trou d'Eau Douce 742CU001",+230 402 7070,https://hotels-attitude.com/en/friday-attitude,"-20,2325092","57,803885",https://maps.google.com/?cid=2335362142634286642&g_mp=Cidnb29nbGUubWFwcy5wbGFjZXMudjEuUGxhY2VzLlNlYXJjaFRleHQQAhgEIAA,12/07/2026,,ChIJh4ykaN36fCERMp6c1X7faCA
Bain de Rosnay,activites,activites-enfants-famille,"XM7P+Q4H, Goodlands",+230 5254 3205,http://www.yemayaadventures.com/,"-20,0355628","57,68536",https://maps.google.com/?cid=12625883459101766524&g_mp=Cidnb29nbGUubWFwcy5wbGFjZXMudjEuUGxhY2VzLlNlYXJjaFRleHQQAhgEIAA,12/07/2026,,ChIJH5-YilMAfSERfLM9exwmOK8
Sands Grill,activites,activites-enfants-famille,"Ile aux Cerfs Leisure Island, Trou d'Eau Douce",+230 402 7720,https://www.ileauxcerfsgolfclub.com/paul-virginie-ile-aux-cerfs-golf-club/?utm_source=google&utm_medium=organic&utm_campaign=google_local_sands_grill,"-20,264069","57,803956",https://maps.google.com/?cid=15623146017508688796&g_mp=Cidnb29nbGUubWFwcy5wbGFjZXMudjEuUGxhY2VzLlNlYXJjaFRleHQQAhgEIAA,12/07/2026,,ChIJxX3TOKD6fCERnAOqJ4eQ0Ng
Tamarin Bay Surf School,activites,activites-enfants-famille,"Veranda Tamarin, Tamarin",+230 5745 6759,https://surf-maurice.com/,"-20,3272756","57,377816",https://maps.google.com/?cid=2005973076959964612&g_mp=Cidnb29nbGUubWFwcy5wbGFjZXMudjEuUGxhY2VzLlNlYXJjaFRleHQQAhgEIAA,12/07/2026,,ChIJX3zaLh9CfCERxC0yqeKl1hs
Tropical Attitude Hotel,activites,activites-enfants-famille,"Royal Road, La Pelouse, B59, Trou d'Eau Douce 54703",+230 480 1300,https://hotels-attitude.com/en/tropical-attitude,"-20,2372341","57,8005028",https://maps.google.com/?cid=13099944783736683281&g_mp=Cidnb29nbGUubWFwcy5wbGFjZXMudjEuUGxhY2VzLlNlYXJjaFRleHQQAhgEIAA,12/07/2026,,ChIJwX_7oun6fCERETvb019azLU
OAZURE VILLA MAURICE,activites,activites-enfants-famille,"Royal Road, Roches Noires 31200",+230 411 5381,https://www.oazure.com/fr,"-20,1106595","57,7176992",https://maps.google.com/?cid=7154682730605181842&g_mp=Cidnb29nbGUubWFwcy5wbGFjZXMudjEuUGxhY2VzLlNlYXJjaFRleHQQAhgEIAA,12/07/2026,,ChIJZSvOsWX-fCERkvtXTgmKSmM
Sunrise Attitude Hotel,activites,activites-enfants-famille,Quatre Cocos,+230 401 1400,https://hotels-attitude.com/en/sunrise-attitude,"-20,1900689","57,7734237",https://maps.google.com/?cid=1437075996701415791&g_mp=Cidnb29nbGUubWFwcy5wbGFjZXMudjEuUGxhY2VzLlNlYXJjaFRleHQQAhgEIAA,12/07/2026,,ChIJ91KCoJv7fCERb9mgSgGF8RM
Bubble Lodge Ile aux Cerfs,activites,activites-enfants-famille,"Ile aux Cerfs, Trou d'Eau Douce",+230 5255 1494,http://www.bubble-lodge.com/fr/ile-aux-cerfs/,"-20,2738079","57,8069707",https://maps.google.com/?cid=9353015829430956980&g_mp=Cidnb29nbGUubWFwcy5wbGFjZXMudjEuUGxhY2VzLlNlYXJjaFRleHQQAhgEIAA,12/07/2026,,ChIJyQ2Ule36fCERtHPWq1eWzIE
C Mauritius,activites,activites-enfants-famille,"Coastal Road, Palmar, Mauritius",+230 460 1000,https://www.c-resorts.com/cmauritius/,"-20,2116716","57,791779",https://maps.google.com/?cid=10489011742365398502&g_mp=Cidnb29nbGUubWFwcy5wbGFjZXMudjEuUGxhY2VzLlNlYXJjaFRleHQQAhgEIAA,12/07/2026,,ChIJ-f5QyBr7fCER5jWXRJt0kJE
Crystal Diving Centre,activites,activites-enfants-famille,"Diving Centre, C/o Crystals Beach Resort and Spa, Quatre Cocos",+230 5967 9846,http://www.crystaldiving.mu/,"-20,2079548","57,7905459",https://maps.google.com/?cid=1572189841927461606&g_mp=Cidnb29nbGUubWFwcy5wbGFjZXMudjEuUGxhY2VzLlNlYXJjaFRleHQQAhgEIAA,12/07/2026,,ChIJ-XpC1Br7fCER5lqQ11SK0RU
Shangri-La's Le Touessrok Resort & Spa,activites,activites-enfants-famille,"Coastal Road, Trou d'Eau Douce",+230 402 7400,http://www.shangri-la.com/mauritius,"-20,2515407","57,7972314",https://maps.google.com/?cid=9690032271780972193&g_mp=Cidnb29nbGUubWFwcy5wbGFjZXMudjEuUGxhY2VzLlNlYXJjaFRleHQQAhgEIAA,12/07/2026,,ChIJ2Qx41JD6fCERoYaT3QLpeYY
Amari By Vineet,activites,centres-loisirs-animations-enfants,Quatre Cocos,+230 402 2000,https://www.luxresorts.com/en/mauritius/hotel/luxbellemare/restaurants-bars/amari-by-vineet,"-20,1995803","57,7820781",https://maps.google.com/?cid=4079176432123200108&g_mp=Cidnb29nbGUubWFwcy5wbGFjZXMudjEuUGxhY2VzLlNlYXJjaFRleHQQAhgEIAA,12/07/2026,,ChIJ6eR9Jfr7fCERbELZRFolnDg
Trou aux Biches,activites,centres-loisirs-animations-enfants,"XG7V+VQ5, Trou aux Biches",+230 5825 9178,,"-20,0350223","57,544475",https://maps.google.com/?cid=1238477820197852205&g_mp=Cidnb29nbGUubWFwcy5wbGFjZXMudjEuUGxhY2VzLlNlYXJjaFRleHQQAhgEIAA,12/07/2026,,ChIJI3PdomKtfSERLdQXBwT1LxE
Maritim Resort & Spa Mauritius,activites,centres-loisirs-animations-enfants,"Turtle Bay Balaclava MU, Terre Rouge 21416",+230 204 1000,https://www.maritimresortandspa.mu/,"-20,0874333","57,5164669",https://maps.google.com/?cid=4598292814048658062&g_mp=Cidnb29nbGUubWFwcy5wbGFjZXMudjEuUGxhY2VzLlNlYXJjaFRleHQQAhgEIAA,12/07/2026,,ChIJh54cLa9TfCERjgKamvNq0D8
"Evaco Beach Club ""La Plage""",activites,centres-loisirs-animations-enfants,"Evaco Beach Club ""La Plage"", Pamplemousses",+230 265 7591,http://laplage.restaurant.mu/,"-20,0368788","57,5440837",https://maps.google.com/?cid=16973747808041056988&g_mp=Cidnb29nbGUubWFwcy5wbGFjZXMudjEuUGxhY2VzLlNlYXJjaFRleHQQAhgEIAA,12/07/2026,,ChIJh2ItW66sfSER3DpaXbPdjus
Le Jadis Beach Resort & Wellness Mauritius,activites,centres-loisirs-animations-enfants,"MU, Turtle Bay, Balaclava 21307",+230 204 1888,https://www.lejadis.com/,"-20,1000883","57,5135158",https://maps.google.com/?cid=17931558397509416796&g_mp=Cidnb29nbGUubWFwcy5wbGFjZXMudjEuUGxhY2VzLlNlYXJjaFRleHQQAhgEIAA,12/07/2026,,ChIJJ-dHtadTfCERXLe4aFux2fg
La Pirogue,activites,centres-loisirs-animations-enfants,"Wolmar Coastal Rd, Flic en Flac",+230 403 3900,https://www.yoursunlife.com/lapiroguemauritius/?utm_source=google&utm_medium=organic&utm_campaign=google_local_la_pirogue,"-20,2986117","57,3648802",https://maps.google.com/?cid=7386822460888986914&g_mp=Cidnb29nbGUubWFwcy5wbGFjZXMudjEuUGxhY2VzLlNlYXJjaFRleHQQAhgEIAA,12/07/2026,,ChIJg-7c4XhBfCERIjUqIORDg2Y
Veranda Pointe Aux Biches Hotel - Mauritius,activites,centres-loisirs-animations-enfants,"MU, Royal Road, Pointe aux Piments 22310",+230 265 5901,https://www.veranda-resorts.com/en/mauritius-hotel-veranda-pointe-aux-biches,"-20,0468781","57,5291278",https://maps.google.com/?cid=18345347214062210372&g_mp=Cidnb29nbGUubWFwcy5wbGFjZXMudjEuUGxhY2VzLlNlYXJjaFRleHQQAhgEIAA,12/07/2026,,ChIJ1bX0DDZTfCERRE1h5xfEl_4
Anelia Resort & Spa Mauritius,activites,centres-loisirs-animations-enfants,"Klondike Rd, Flic en Flac",+230 453 8333,https://aneliaresort.com/,"-20,2721604","57,3718037",https://maps.google.com/?cid=11378411877392065661&g_mp=Cidnb29nbGUubWFwcy5wbGFjZXMudjEuUGxhY2VzLlNlYXJjaFRleHQQAhgEIAA,12/07/2026,,ChIJeyruDlhBfCERfSQKLFE96J0
Maritim Equestrian Centre,activites,centres-loisirs-animations-enfants,"WG7F+V59, Balaclava",+230 5518 0444,https://www.maritimresortandspa.mu/en/activities-leisure/equestrian-centre/overview,"-20,0853255","57,5229693",https://maps.google.com/?cid=2619716589328617551&g_mp=Cidnb29nbGUubWFwcy5wbGFjZXMudjEuUGxhY2VzLlNlYXJjaFRleHQQAhgEIAA,12/07/2026,,ChIJd_3j_CZTfCERT1Ahr1saWyQ
Seasense Boutique Hotel & Spa,activites,centres-loisirs-animations-enfants,"Coastal Road Palmar MU, Quatre Cocos 42210",+230 415 1800,https://searesortshotels.com/seasense/,"-20,2150809","57,7935937",https://maps.google.com/?cid=7651918997192210613&g_mp=Cidnb29nbGUubWFwcy5wbGFjZXMudjEuUGxhY2VzLlNlYXJjaFRleHQQAhgEIAA,12/07/2026,,ChIJESpX8V37fCERtXi0TckTMWo
Hilton Mauritius Resort & Spa,activites,centres-loisirs-animations-enfants,"Coastal Road MU, Wolmar, Flic en Flac 90503",+230 403 1000,https://www.hilton.com/en/hotels/mruhihi-hilton-mauritius-resort-and-spa/?SEO_id=GMB-EMEA-HI-MRUHIHI,"-20,3084186","57,3672748",https://maps.google.com/?cid=12221185262724499146&g_mp=Cidnb29nbGUubWFwcy5wbGFjZXMudjEuUGxhY2VzLlNlYXJjaFRleHQQAhgEIAA,12/07/2026,,ChIJAQCQrnlBfCERysbu7j5fmqk
Hotel Le Pearle Beach,activites,centres-loisirs-animations-enfants,"Belle Beach, Coastal Rd, Flic en Flac",+230 401 6300,http://pearlebeachresort.com/,"-20,29371","57,3634933",https://maps.google.com/?cid=7925866813415997501&g_mp=Cidnb29nbGUubWFwcy5wbGFjZXMudjEuUGxhY2VzLlNlYXJjaFRleHQQAhgEIAA,12/07/2026,,ChIJAQCQrnlBfCERPcC3rt9V_m0
Bodrum Blue - LUX* Grand Gaube,activites,centres-loisirs-animations-enfants,"Unnamed Road, Grand Gaube",+230 5919 2456,https://www.luxresorts.com/en/mauritius/hotel/luxgrandgaube/restaurants-bars/bodrum-blue,"-20,0009041","57,6609044",https://maps.google.com/?cid=15421974910148415161&g_mp=Cidnb29nbGUubWFwcy5wbGFjZXMudjEuUGxhY2VzLlNlYXJjaFRleHQQAhgEIAA,12/07/2026,,ChIJ2eLv2bIBfSERuQ5ivnjcBdY
Victoria Beachcomber Resort & Spa,activites,centres-loisirs-animations-enfants,"MU, Coastal Road, Pointe aux Piments 21304",+230 204 2000,https://www.beachcomber-hotels.com/en/hotel/victoria-beachcomber,"-20,0752048","57,5128287",https://maps.google.com/?cid=5670719850757001853&g_mp=Cidnb29nbGUubWFwcy5wbGFjZXMudjEuUGxhY2VzLlNlYXJjaFRleHQQAhgEIAA,12/07/2026,,ChIJ5QoMNwFTfCERfZIg1ahxsk4
Casuarina Resort & Spa,activites,centres-loisirs-animations-enfants,"Coastal Road, Trou-aux-Biches",+230 204 5000,http://hotel-casuarina.com/,"-20,0273218","57,5487528",https://maps.google.com/?cid=8860228770322053059&g_mp=Cidnb29nbGUubWFwcy5wbGFjZXMudjEuUGxhY2VzLlNlYXJjaFRleHQQAhgEIAA,12/07/2026,,ChIJrSviAqSsfSERw_e9gx_b9Xo
The Source Natural Massage Centre Ltd,activites,spa-bien-etre,"Royal Road, Trou d'Eau Douce",+230 5491 6219,http://www.sourcenaturalmassage.com/,"-20,2417158","57,7841404",https://maps.google.com/?cid=16665518880273340180&g_mp=Cidnb29nbGUubWFwcy5wbGFjZXMudjEuUGxhY2VzLlNlYXJjaFRleHQQAhgEIAA,12/07/2026,,ChIJk7tuy9ddfCERFBdCuB_RR-c
Christelle Spa,activites,spa-bien-etre,"B59, Trou d'Eau Douce",+230 5915 1391,,"-20,2370384","57,7948476",https://maps.google.com/?cid=2948136372800910862&g_mp=Cidnb29nbGUubWFwcy5wbGFjZXMudjEuUGxhY2VzLlNlYXJjaFRleHQQAhgEIAA,12/07/2026,,ChIJZ1TGhO76fCERDvY0Qmni6Sg
The Sanctuary Spa,activites,spa-bien-etre,"RQ2H+RW5, Quatre Cocos",,https://www.cenizaro.com/theresidence/mauritius/spa-wellness,"-20,1979875","57,7798594",https://maps.google.com/?cid=3730737214445648066&g_mp=Cidnb29nbGUubWFwcy5wbGFjZXMudjEuUGxhY2VzLlNlYXJjaFRleHQQAhgEIAA,12/07/2026,,ChIJt5QblDz7fCERwvhc8bo9xjM
Noor beach care centre,activites,spa-bien-etre,"Royal road Morcellement jubhoo MU, Trou-aux-Biches 22321",+230 5776 1533,,"-20,0373851","57,5473951",https://maps.google.com/?cid=9244772667865966295&g_mp=Cidnb29nbGUubWFwcy5wbGFjZXMudjEuUGxhY2VzLlNlYXJjaFRleHQQAhgEIAA,12/07/2026,,ChIJ3aXDrg-tfSER1yZkscIHTIA
Constance Spa,activites,spa-bien-etre,"RQM7+PPX Constance, Poste de Flacq",,,"-20,1656374","57,7643574",https://maps.google.com/?cid=12696005453584962101&g_mp=Cidnb29nbGUubWFwcy5wbGFjZXMudjEuUGxhY2VzLlNlYXJjaFRleHQQAhgEIAA,12/07/2026,,ChIJ4WvY9Zn9fCERNZJal7FFMbA
Inner Bliss Spa & Mobile,activites,spa-bien-etre,"MU, Coastal Rd, Blue Bay 50802",+230 5808 4081,https://innerblisssmobilespa.com/,"-20,4408867","57,7204215",https://maps.google.com/?cid=9593827817205429266&g_mp=Cidnb29nbGUubWFwcy5wbGFjZXMudjEuUGxhY2VzLlNlYXJjaFRleHQQAhgEIAA,12/07/2026,,ChIJKa8DOoaLfCEREnTKyJEfJIU
Rituals Spa,activites,spa-bien-etre,"B11, Fond du Sac",+230 266 9595,https://www.rituals.mu/,"-20,0558205","57,5833579",https://maps.google.com/?cid=16960968789251205927&g_mp=Cidnb29nbGUubWFwcy5wbGFjZXMudjEuUGxhY2VzLlNlYXJjaFRleHQQAhgEIAA,12/07/2026,,ChIJF8qtQMxUfCERJyvOMUB3Yes
Vinesh Wellness Spa,activites,spa-bien-etre,"B58, Mare La Chaux",+230 415 5155,,"-20,1995529","57,7571501",https://maps.google.com/?cid=12827314874473915524&g_mp=Cidnb29nbGUubWFwcy5wbGFjZXMudjEuUGxhY2VzLlNlYXJjaFRleHQQAhgEIAA,12/07/2026,,ChIJze5uoL77fCERhCQak-rGA7I
Ocean heaven pure harmony ltd spa,activites,spa-bien-etre,"Coastal road, Pointe aux Biches",+230 5814 6299,,"-20,0464548","57,5312539",https://maps.google.com/?cid=14129320709835818338&g_mp=Cidnb29nbGUubWFwcy5wbGFjZXMudjEuUGxhY2VzLlNlYXJjaFRleHQQAhgEIAA,12/07/2026,,ChIJKV6_XNFTfCERYoVVQ1NuFcQ
Glamour Beauty Saloon.,activites,spa-bien-etre,"Trou Aux Biches Rd, Trou aux Biches",+230 5772 8355,https://m.facebook.com/Sonals-Glamour-Beauty-Saloon-375775269150784/,"-20,0368561","57,546487",https://maps.google.com/?cid=16531348310095889513&g_mp=Cidnb29nbGUubWFwcy5wbGFjZXMudjEuUGxhY2VzLlNlYXJjaFRleHQQAhgEIAA,12/07/2026,,ChIJEwKsMa-sfSERaQSFgbMla-U
Crystal Cove Beauty Salon,activites,spa-bien-etre,"66 A8, Quatre Bornes",+230 467 6035,,"-20,2644925","57,4803496",https://maps.google.com/?cid=3330270810074595919&g_mp=Cidnb29nbGUubWFwcy5wbGFjZXMudjEuUGxhY2VzLlNlYXJjaFRleHQQAhgEIAA,12/07/2026,,ChIJz9tpvkBbfCERT0JZQKh_Ny4
iSpa Fitness & Wellness Club - Le Suffren Hotel,activites,spa-bien-etre,Port Louis,+230 202 4930,https://ninetysixhotels.com/i-spa-wellness-and-fitness-centre.html,"-20,1601676","57,4951896",https://maps.google.com/?cid=6693716328246372870&g_mp=Cidnb29nbGUubWFwcy5wbGFjZXMudjEuUGxhY2VzLlNlYXJjaFRleHQQAhgEIAA,12/07/2026,,ChIJaT9e4GBRfCERBmpbJInb5Fw
Five Elements Spa,activites,spa-bien-etre,"40 Sodnac Avenue, Quatre Bornes,, Sodnac Avenue, Mauritius, Sodnac Avenue, Quatre Bornes",+230 424 5800,http://www.5elementsspa.mu/,"-20,2693499","57,4854187",https://maps.google.com/?cid=12348797763731397149&g_mp=Cidnb29nbGUubWFwcy5wbGFjZXMudjEuUGxhY2VzLlNlYXJjaFRleHQQAhgEIAA,12/07/2026,,ChIJVTWRCEJbfCERHRpZriO-X6s
Navasana spa,activites,spa-bien-etre,"FCQ8+JX8, B9, Bel Ombre",,,"-20,5109564","57,4174619",https://maps.google.com/?cid=7572549754633757469&g_mp=Cidnb29nbGUubWFwcy5wbGFjZXMudjEuUGxhY2VzLlNlYXJjaFRleHQQAhgEIAA,12/07/2026,,ChIJK_xReZRvfCERHaPqeOEZF2k
Maritim Tropical Flower Spa,activites,spa-bien-etre,"WG79+H5C Maritim Resort & Spa, Balaclava",+230 204 1000,https://www.maritimresortandspa.mu/spa-wellness/,"-20,0860522","57,5178988",https://maps.google.com/?cid=2310655915462161491&g_mp=Cidnb29nbGUubWFwcy5wbGFjZXMudjEuUGxhY2VzLlNlYXJjaFRleHQQAhgEIAA,12/07/2026,,ChIJzW2erAFTfCERU_RGD1AZESA
Eurospa Beauty Care Center,activites,spa-bien-etre,"London Way Complex Pointe D'Esny MU, Mahebourg 50810",+230 631 1997,http://eurospa.net/,"-20,4176229","57,7100632",https://maps.google.com/?cid=696918901363487272&g_mp=Cidnb29nbGUubWFwcy5wbGFjZXMudjEuUGxhY2VzLlNlYXJjaFRleHQQAhgEIAA,12/07/2026,,ChIJi3vCFkOLfCERKLIGYQz0qwk
Espace Beaute,activites,spa-bien-etre,"Route St Jean, Port Louis, Port Louis District, PFMH+25P A8, Quatre Bornes",+230 424 9708,https://espace-beaute-mauritius.com/,"-20,2674045","57,4779458",https://maps.google.com/?cid=15681970690139100977&g_mp=Cidnb29nbGUubWFwcy5wbGFjZXMudjEuUGxhY2VzLlNlYXJjaFRleHQQAhgEIAA,12/07/2026,,ChIJ91-LaVRQfCERMRfUi0GNodk
iSpa Fitness & Wellness Club,activites,spa-bien-etre,"MU, 65, Quatre Bornes 72201",+230 403 7294,https://ninetysixhotels.com/i-spa-wellness-and-fitness-centre.html#section_spa,"-20,2424553","57,4897403",https://maps.google.com/?cid=18148753050775312902&g_mp=Cidnb29nbGUubWFwcy5wbGFjZXMudjEuUGxhY2VzLlNlYXJjaFRleHQQAhgEIAA,12/07/2026,,ChIJCxnNv_9bfCERBtq_U75S3fs
Hotel Long Beach,activites,spa-bien-etre,"RQ2G+5V7, Quatre Cocos",,https://www.yoursunlife.com/longbeachmauritius/,"-20,1995813","57,7771566",https://maps.google.com/?cid=1675662574273031252&g_mp=Cidnb29nbGUubWFwcy5wbGFjZXMudjEuUGxhY2VzLlNlYXJjaFRleHQQAhgEIAA,12/07/2026,,ChIJ4R3QRk_7fCERVOz1tjsmQRc
LUX* ME Spa,activites,spa-bien-etre,"G8V6+7QC, Unnamed Road, Le Morne",,,"-20,4568019","57,3118931",https://maps.google.com/?cid=3369278284688107575&g_mp=Cidnb29nbGUubWFwcy5wbGFjZXMudjEuUGxhY2VzLlNlYXJjaFRleHQQAhgEIAA,12/07/2026,,ChIJjcW8HLRtfCERN6hFrL8Uwi4
The Bay Club at Anahita,activites,spa-bien-etre,"Deep River, Beau Champ MU, PQCQ+MMP, Grand River South East 40901",+230 402 2200,https://www.yoursunlife.com/thebayclubatanahita/,"-20,27828","57,7892",https://maps.google.com/?cid=13103291812890931296&g_mp=Cidnb29nbGUubWFwcy5wbGFjZXMudjEuUGxhY2VzLlNlYXJjaFRleHQQAhgEIAA,12/07/2026,,ChIJdUVe12XwfCERYPClx3o-2LU
La Koquillishe,activites,spa-bien-etre,Trou d'Eau Douce,+230 5976 8645,http://www.lakoquillishe.com/,"-20,2385528","57,7895344",https://maps.google.com/?cid=1210452619120410095&g_mp=Cidnb29nbGUubWFwcy5wbGFjZXMudjEuUGxhY2VzLlNlYXJjaFRleHQQAhgEIAA,12/07/2026,,ChIJfX4zSoz7fCER7_0cbD5kzBA
La Beauté Du Sud-Est,activites,spa-bien-etre,"MU, Rue des Hollandais, Mahébourg 50802",+230 5759 9351,https://labeautedusudestmauritius.live/,"-20,4069732","57,7087176",https://maps.google.com/?cid=12810297536548388920&g_mp=Cidnb29nbGUubWFwcy5wbGFjZXMudjEuUGxhY2VzLlNlYXJjaFRleHQQAhgEIAA,12/07/2026,,ChIJA8w7zz_1fCEROEAH1bxRx7E
Preskil Island Resort,activites,spa-bien-etre,"Pointe Jerome, HPHC+6QX, Mahebourg",+230 604 1000,https://preskilislandresort.mu/,"-20,4218143","57,7219741",https://maps.google.com/?cid=1328625729415948709&g_mp=Cidnb29nbGUubWFwcy5wbGFjZXMudjEuUGxhY2VzLlNlYXJjaFRleHQQAhgEIAA,12/07/2026,,ChIJGx736k2LfCERpSlIwQ86cBI
Villa victoria,activites,spa-bien-etre,"QQ7Q+X33, Trou d'Eau Douce",+230 5784 7492,https://villavictoria.hotelf1.top/,"-20,235111","57,7876792",https://maps.google.com/?cid=4081435888982435629&g_mp=Cidnb29nbGUubWFwcy5wbGFjZXMudjEuUGxhY2VzLlNlYXJjaFRleHQQAhgEIAA,12/07/2026,,ChIJl4ombPH6fCERLSdUEFEspDg
Indigo Beach Restaurant,food,restaurants,"RQM8+9F3, Poste de Flacq",,,"-20,1666005","57,7661686",https://maps.google.com/?cid=6054076222996800015&g_mp=Cidnb29nbGUubWFwcy5wbGFjZXMudjEuUGxhY2VzLlNlYXJjaFRleHQQAhgEIAA,12/07/2026,,ChIJCYQ-Ktb9fCERD-Lcuj9mBFQ
Seasons Restaurant & Bar,food,restaurants,"Coastal Road, Quatre Cocos",+230 415 1350,https://searesortshotels.com/,"-20,2053907","57,7852439",https://maps.google.com/?cid=7778595353183975182&g_mp=Cidnb29nbGUubWFwcy5wbGFjZXMudjEuUGxhY2VzLlNlYXJjaFRleHQQAhgEIAA,12/07/2026,,ChIJlbznNQn7fCERDvcIzkIf82s
Sun and Sand,food,restaurants,"The Residence, Coastal Road, Quatre Cocos",,https://www.facebook.com/profile.php?id=100057227029325,"-20,1947792","57,7757772",https://maps.google.com/?cid=9572060218816226627&g_mp=Cidnb29nbGUubWFwcy5wbGFjZXMudjEuUGxhY2VzLlNlYXJjaFRleHQQAhgEIAA,12/07/2026,,ChIJ2wxITa77fCERQ2Uw1w3K1oQ
Beach Rouge - LUX* Belle Mare,food,restaurants,"Coastal Road, Quatre Cocos",+230 402 2000,,"-20,1988801","57,782395",https://maps.google.com/?cid=2255435520868326072&g_mp=Cidnb29nbGUubWFwcy5wbGFjZXMudjEuUGxhY2VzLlNlYXJjaFRleHQQAhgEIAA,12/07/2026,,ChIJNaW42wr7fCERuJonC6jqTB8
Blue Penny Cellar,food,restaurants,"41518, Constance Belle Mare Plage, Pointe de Flacq",+230 402 2600,https://www.constancehotels.com/en/hotels-resorts/mauritius/belle-mare-plage/,"-20,167311","57,766079",https://maps.google.com/?cid=12047336208612009816&g_mp=Cidnb29nbGUubWFwcy5wbGFjZXMudjEuUGxhY2VzLlNlYXJjaFRleHQQAhgEIAA,12/07/2026,,ChIJodtmQS_7fCERWCcFxHO8MKc
Restaurant Les cocotiers,food,restaurants,Quatre Cocos,+230 415 8110,,"-20,1997243","57,7748245",https://maps.google.com/?cid=4880628906297992956&g_mp=Cidnb29nbGUubWFwcy5wbGFjZXMudjEuUGxhY2VzLlNlYXJjaFRleHQQAhgEIAA,12/07/2026,,ChIJ0TcMIQD7fCER_CZlsCF6u0M
Duck Laundry - LUX* Belle Mare,food,restaurants,"Coastal Road, Quatre Cocos",+230 402 2000,https://www.luxresorts.com/en/mauritius/hotel/luxbellemare/restaurants-bars/duck-laundry,"-20,1987355","57,7823064",https://maps.google.com/?cid=9271543187787832704&g_mp=Cidnb29nbGUubWFwcy5wbGFjZXMudjEuUGxhY2VzLlNlYXJjaFRleHQQAhgEIAA,12/07/2026,,ChIJFR5GjYH7fCERgF3JE2gjq4A
Resto 7 by Kazi,food,restaurants,"MU, QQ2M+X7G, Trou d'Eau Douce 42211",+230 5500 0805,https://www.facebook.com/share/1CEacztpGd/,"-20,2475625","57,7831875",https://maps.google.com/?cid=9002292073762848578&g_mp=Cidnb29nbGUubWFwcy5wbGFjZXMudjEuUGxhY2VzLlNlYXJjaFRleHQQAhgEIAA,12/07/2026,,ChIJ38ZKux_7fCERQv_y5PGQ7nw
The Plantation,food,restaurants,"RQ3H+F7P, B59, Quatre Cocos",+230 401 8888,https://www.cenizaro.com/theresidence/mauritius/dining/the-plantation,"-20,1962766","57,7782108",https://maps.google.com/?cid=7799342579362964692&g_mp=Cidnb29nbGUubWFwcy5wbGFjZXMudjEuUGxhY2VzLlNlYXJjaFRleHQQAhgEIAA,12/07/2026,,ChIJA_1ikZ_7fCER1CSC1MDUPGw
La Spiaggia Restaurant & Bar,food,restaurants,"RQP7+GMP, Poste de Flacq",+39 0564 080127,https://www.constancehotels.com/en/hotels-resorts/mauritius/belle-mare-plage/,"-20,1636607","57,7642074",https://maps.google.com/?cid=2054933535264930644&g_mp=Cidnb29nbGUubWFwcy5wbGFjZXMudjEuUGxhY2VzLlNlYXJjaFRleHQQAhgEIAA,12/07/2026,,ChIJVwQXkI39fCERVPuArimXhBw
Dolce Vita Restaurant,food,restaurants,"Ambre Resort & Spa, Coastal Road, Palmar, Flacq 41604",+230 401 8188,https://www.yoursunlife.com/ambremauritius/dining/?utm_source=google&utm_medium=organic&utm_campaign=google_local_dolce_vita_restaurant,"-20,2054736","57,7866169",https://maps.google.com/?cid=10837899380064810531&g_mp=Cidnb29nbGUubWFwcy5wbGFjZXMudjEuUGxhY2VzLlNlYXJjaFRleHQQAhgEIAA,12/07/2026,,ChIJs6C7uA77fCERI3YwhBD0Z5Y
Chez Tino,food,restaurants,"B59, Trou d'Eau Douce",+230 480 2769,,"-20,2386813","57,7889001",https://maps.google.com/?cid=3910256532675694069&g_mp=Cidnb29nbGUubWFwcy5wbGFjZXMudjEuUGxhY2VzLlNlYXJjaFRleHQQAhgEIAA,12/07/2026,,ChIJmbjFzun6fCER9Q3JWpkFRDY
Beach hut,food,restaurants,"Coastal Road, Trou-aux-Biches",+230 5778 8990,,"-20,0418787","57,5403463",https://maps.google.com/?cid=5561265163398763676&g_mp=Cidnb29nbGUubWFwcy5wbGFjZXMudjEuUGxhY2VzLlNlYXJjaFRleHQQAhgEIAA,12/07/2026,,ChIJ5UfRKOStfSERnFQjhjOVLU0
Vicky's Restaurant,food,restaurants,"RQ3F+GXC, Quatre Cocos",+230 5844 7414,,"-20,1961994","57,7748967",https://maps.google.com/?cid=2517556165268248542&g_mp=Cidnb29nbGUubWFwcy5wbGFjZXMudjEuUGxhY2VzLlNlYXJjaFRleHQQAhgEIAA,12/07/2026,,ChIJ52JkJ9v7fCER3pfoZP4n8CI
Tides,food,restaurants,"MU, Long Beach Mauritius, Coastal Road, Poste de Flacq 41601",+230 401 1919,https://www.yoursunlife.com/longbeachmauritius/dining/?utm_source=google&utm_medium=organic&utm_campaign=google_local_tides,"-20,1714886","57,7707787",https://maps.google.com/?cid=14893601875264951919&g_mp=Cidnb29nbGUubWFwcy5wbGFjZXMudjEuUGxhY2VzLlNlYXJjaFRleHQQAhgEIAA,12/07/2026,,ChIJlzU5rnn8fCERb1ZC8f6zsM4
Mamie Sophie Table D'Hôte,food,restaurants,Camp Ithier,+230 5787 2999,https://www.facebook.com/profile.php?id=100063622626232,"-20,2184739","57,7596995",https://maps.google.com/?cid=14560125569143051443&g_mp=Cidnb29nbGUubWFwcy5wbGFjZXMudjEuUGxhY2VzLlNlYXJjaFRleHQQAhgEIAA,12/07/2026,,ChIJ_5RBFO77fCERs5Ta8Q_1D8o
Le Skipper,food,restaurants,"Royal Road, Trou-aux-Biches",+230 265 6800,http://www.voilebleue.mu/-restaurant-plage-voile-bleue-ile-maurice-.html,"-20,0469427","57,5276199",https://maps.google.com/?cid=16759935039054775097&g_mp=Cidnb29nbGUubWFwcy5wbGFjZXMudjEuUGxhY2VzLlNlYXJjaFRleHQQAhgEIAA,12/07/2026,,ChIJZeoUijZTfCEROYN7vR5Al-g
La Pointe Restaurant,food,restaurants,"MU, Pointe de Flacq, Poste de Flacq 41518",+230 401 1688,https://www.oneandonlyresorts.com/le-saint-geran/dining/la-pointe?utm_medium=organic-search&utm_source=gbp&utm_campaign=gbp_ao_y_oolsg_row_wt__ao__kz&utm_content=__&utm_term=la-pointe&utm_id=hcdm0t,"-20,1596108","57,7541382",https://maps.google.com/?cid=9172738499986803141&g_mp=Cidnb29nbGUubWFwcy5wbGFjZXMudjEuUGxhY2VzLlNlYXJjaFRleHQQAhgEIAA,12/07/2026,,ChIJdw3du5n9fCERxUlDBREdTH8
Chopsticks,food,restaurants,"MU, Long Beach Mauritius, Coastal Road, Poste de Flacq 41601",+230 401 1919,https://www.yoursunlife.com/longbeachmauritius/dining/?utm_source=google&utm_medium=organic&utm_campaign=google_local_chopsticks,"-20,1721558","57,7701926",https://maps.google.com/?cid=7494648416767100261&g_mp=Cidnb29nbGUubWFwcy5wbGFjZXMudjEuUGxhY2VzLlNlYXJjaFRleHQQAhgEIAA,12/07/2026,,ChIJjSWASXj8fCERZcXY1QZXAmg
La Flibuste,food,restaurants,Île aux Cerfs,,,"-20,2744472","57,8076443",https://maps.google.com/?cid=9170721636350348659&g_mp=Cidnb29nbGUubWFwcy5wbGFjZXMudjEuUGxhY2VzLlNlYXJjaFRleHQQAhgEIAA,12/07/2026,,ChIJEcP_Xx3xfCERc82mXL3yRH8
Restaurant Belle Vue,food,restaurants,"Balaclava/Turtle Bay, Terre Rouge",+230 204 1000,https://www.maritim.de/de/hotels/mauritius/hotel-mauritius/restaurants?utm_campaign=yext&utm_source=mau&utm_medium=local,"-20,0869523","57,5160307",https://maps.google.com/?cid=14262023255669615222&g_mp=Cidnb29nbGUubWFwcy5wbGFjZXMudjEuUGxhY2VzLlNlYXJjaFRleHQQAhgEIAA,12/07/2026,,ChIJzUYdIK9TfCERdiqMbJbi7MU
Sapori,food,restaurants,"MU, Long Beach Mauritius, Coastal Road, Poste de Flacq 41601",+230 401 1919,https://www.yoursunlife.com/longbeachmauritius/dining/?utm_source=google&utm_medium=organic&utm_campaign=google_local_sapori,"-20,1725397","57,770316",https://maps.google.com/?cid=5890188132675922218&g_mp=Cidnb29nbGUubWFwcy5wbGFjZXMudjEuUGxhY2VzLlNlYXJjaFRleHQQAhgEIAA,12/07/2026,,ChIJN0w-Rnj8fCERKqleLOYmvlE
Hasu,food,restaurants,"MU, Long Beach Mauritius, Coastal Road, Poste de Flacq 41601",+230 401 1919,https://www.yoursunlife.com/longbeachmauritius/dining/?utm_source=google&utm_medium=organic&utm_campaign=google_local_hasu,"-20,1722142","57,7700265",https://maps.google.com/?cid=11148360954448357156&g_mp=Cidnb29nbGUubWFwcy5wbGFjZXMudjEuUGxhY2VzLlNlYXJjaFRleHQQAhgEIAA,12/07/2026,,ChIJiVbaSXj8fCERJKe6tTjvtpo
Blu'Zil,food,restaurants,"MU, Coastal Road, Beau Champ 71501",+230 402 3100,https://www.fourseasons.com/mauritius/dining/lounges/bluzil/?utm_source=google&utm_medium=organicsearch&utm_campaign=tor-mas-fab-mid-seo-na&utm_content=na-na&utm_term=na,"-20,2842018","57,7910523",https://maps.google.com/?cid=902280294345783524&g_mp=Cidnb29nbGUubWFwcy5wbGFjZXMudjEuUGxhY2VzLlNlYXJjaFRleHQQAhgEIAA,12/07/2026,,ChIJyzbRGwTxfCER5LhQsCWLhQw
Langouste Griller Dine-In Restaurant,food,restaurants,"Morc Le View , Coastal Road 1st Floor [ Royal Supermarket MU, Next To Belle Haven Residence, Trou-aux-Biches 41506",+230 5701 6721,https://www.facebook.com/share/1AvM8BuwRg/,"-20,0244385","57,5523295",https://maps.google.com/?cid=14005412085474515450&g_mp=Cidnb29nbGUubWFwcy5wbGFjZXMudjEuUGxhY2VzLlNlYXJjaFRleHQQAhgEIAA,12/07/2026,,ChIJBQwEKwCtfSER-tmrfxY4XcI
Chez Beny Restaurant,food,restaurants,"MU, Quatre Cocos 41601",+230 5538 4004,https://www.facebook.com/profile.php?id=61580138705763,"-20,1978461","57,7748409",https://maps.google.com/?cid=3602911413137342413&g_mp=Cidnb29nbGUubWFwcy5wbGFjZXMudjEuUGxhY2VzLlNlYXJjaFRleHQQAhgEIAA,12/07/2026,,ChIJ5Q1z6S_7fCERzX9AWdccADI
Le Marché,food,restaurants,"MU, Long Beach Mauritius, Coastal Road, Poste de Flacq 41601",+230 401 1919,https://www.yoursunlife.com/longbeachmauritius/dining/?utm_source=google&utm_medium=organic&utm_campaign=google_local_le_marche,"-20,172648","57,7700424",https://maps.google.com/?cid=13760487676295824087&g_mp=Cidnb29nbGUubWFwcy5wbGFjZXMudjEuUGxhY2VzLlNlYXJjaFRleHQQAhgEIAA,12/07/2026,,ChIJUe-NRXj8fCER18LAqaIS974
Beach BBQ,food,restaurants,"PQVX+4GP, Unnamed Road, Trou d'Eau Douce",,,"-20,2571715","57,7988213",https://maps.google.com/?cid=1377281773201896096&g_mp=Cidnb29nbGUubWFwcy5wbGFjZXMudjEuUGxhY2VzLlNlYXJjaFRleHQQAhgEIAA,12/07/2026,,ChIJSwuxgz77fCERoLJRv3kWHRM
Le Pescatore,food,restaurants,"Coastal Road B36, Trou-aux-Biches",+230 265 6337,http://www.lepescatore.com/,"-20,0251125","57,5505659",https://maps.google.com/?cid=9774154956527365243&g_mp=Cidnb29nbGUubWFwcy5wbGFjZXMudjEuUGxhY2VzLlNlYXJjaFRleHQQAhgEIAA,12/07/2026,,ChIJ0-LNIKCsfSERe-xvsyXGpIc
La Terrasse Restaurant,food,restaurants,"MU, Pointe de Flacq, Poste de Flacq 41518",+230 401 1688,https://www.oneandonlyresorts.com/le-saint-geran/dining/la-terrasse?utm_medium=organic-search&utm_source=gbp&utm_campaign=gbp_ao_y_oolsg_row_wt__ao__kz&utm_content=__&utm_term=la-terrasse&utm_id=77i3sn,"-20,1597512","57,7568149",https://maps.google.com/?cid=14363062241367172232&g_mp=Cidnb29nbGUubWFwcy5wbGFjZXMudjEuUGxhY2VzLlNlYXJjaFRleHQQAhgEIAA,12/07/2026,,ChIJa9IDvzL9fCERiCSEfwLZU8c
Escape Restaurant & Bar,food,restaurants,"Poste de Flacq, Providence",+230 5819 3453,,"-20,1649302","57,7402363",https://maps.google.com/?cid=9513351763552639093&g_mp=Cidnb29nbGUubWFwcy5wbGFjZXMudjEuUGxhY2VzLlNlYXJjaFRleHQQAhgEIAA,12/07/2026,,ChIJs7acwuz9fCERdRjkaQY3BoQ
Ashley Grillade,food,restaurants,"RQ2G+R2C, Quatre Cocos",,,"-20,1979257","57,7750013",https://maps.google.com/?cid=14755234223891874633&g_mp=Cidnb29nbGUubWFwcy5wbGFjZXMudjEuUGxhY2VzLlNlYXJjaFRleHQQAhgEIAA,12/07/2026,,ChIJyeMOoxz7fCERSQPDnFkfxcw
Cook With Luca,food,restaurants,"ALLAMANDA ROAD, Quatre Cocos",+230 5835 1337,,"-20,2009255","57,765798",https://maps.google.com/?cid=7072534284327991378&g_mp=Cidnb29nbGUubWFwcy5wbGFjZXMudjEuUGxhY2VzLlNlYXJjaFRleHQQAhgEIAA,12/07/2026,,ChIJs8KZCNL7fCERUjgkr3WwJmI
The Deer Hunter,food,restaurants,"RQM7+Q7M, Poste de Flacq",,,"-20,1655303","57,7631811",https://maps.google.com/?cid=10415218474884440134&g_mp=Cidnb29nbGUubWFwcy5wbGFjZXMudjEuUGxhY2VzLlNlYXJjaFRleHQQAhgEIAA,12/07/2026,,ChIJ2QdEfHH8fCERRqCSTQVKipA
La Case Poisson,food,restaurants,"B59, Trou d'Eau Douce",+230 480 2681,https://www.facebook.com/La-Case-Poisson-611693702295622/,"-20,2388472","57,7896276",https://maps.google.com/?cid=12125262129196214815&g_mp=Cidnb29nbGUubWFwcy5wbGFjZXMudjEuUGxhY2VzLlNlYXJjaFRleHQQAhgEIAA,12/07/2026,,ChIJFSKYXvL6fCERH6o8A6qVRag
Langer's Bar & Grill,food,restaurants,"Ile aux Cerfs Golf Club, Ile aux Cerfs Leisure Island, Trou d'Eau Douce",+230 402 7720,https://www.ileauxcerfsgolfclub.com/eat/#langers-bar-grill?utm_source=google&utm_medium=organic&utm_campaign=google_local_langers_bar_&_grill,"-20,2703411","57,802012",https://maps.google.com/?cid=14942116074905781894&g_mp=Cidnb29nbGUubWFwcy5wbGFjZXMudjEuUGxhY2VzLlNlYXJjaFRleHQQAhgEIAA,12/07/2026,,ChIJvcjPqHTwfCERhsZpRWcPXc8
Belle Mare Snack,food,restaurants,"RQ2G+X29, Quatre Cocos",+230 415 1332,,"-20,1975902","57,775098",https://maps.google.com/?cid=2157781993544928878&g_mp=Cidnb29nbGUubWFwcy5wbGFjZXMudjEuUGxhY2VzLlNlYXJjaFRleHQQAhgEIAA,12/07/2026,,ChIJSV3r7aH7fCERbs76a0r78R0
Les Alizés,food,restaurants,"QQ5M+GM7, Trou d'Eau Douce",+230 480 2413,,"-20,2412249","57,7841662",https://maps.google.com/?cid=4130562997372124411&g_mp=Cidnb29nbGUubWFwcy5wbGFjZXMudjEuUGxhY2VzLlNlYXJjaFRleHQQAhgEIAA,12/07/2026,,ChIJCcpbEYv6fCER-_y8VCm1Ujk
Restaurant L'Empereur,food,restaurants,Poste de Flacq,+230 415 1254,,"-20,1759279","57,7699533",https://maps.google.com/?cid=14241682193476437830&g_mp=Cidnb29nbGUubWFwcy5wbGFjZXMudjEuUGxhY2VzLlNlYXJjaFRleHQQAhgEIAA,12/07/2026,,ChIJv1UmwYf7fCERRkcr0n-epMU
Waterside Tasty foods,food,restaurants,"Deux frères, Royal road",+230 5504 4939,,"-20,2945476","57,774438",https://maps.google.com/?cid=9210709181196547420&g_mp=Cidnb29nbGUubWFwcy5wbGFjZXMudjEuUGxhY2VzLlNlYXJjaFRleHQQAhgEIAA,12/07/2026,,ChIJNy1LHgDxfCERXDWmKjMD038
Chinese Gourmet,food,restaurants,"B58, Quatre Cocos",+230 415 6138,,"-20,1982271","57,7751315",https://maps.google.com/?cid=3330330852377318821&g_mp=Cidnb29nbGUubWFwcy5wbGFjZXMudjEuUGxhY2VzLlNlYXJjaFRleHQQAhgEIAA,12/07/2026,,ChIJfVuAWIj7fCERpVV58EO2Ny4
Cafe des Arts,food,restaurants,"QQ7M+C6Q, Trou d'Eau Douce",+230 480 0220,http://www.maniglier.com/,"-20,2364088","57,7831031",https://maps.google.com/?cid=16695504965722655465&g_mp=Cidnb29nbGUubWFwcy5wbGFjZXMudjEuUGxhY2VzLlNlYXJjaFRleHQQAhgEIAA,12/07/2026,,ChIJfWfUSvT6fCER6UqrS09Zsuc
The Mixologist - LUX* Belle Mare,food,restaurants,"Coastal Road, Quatre Cocos",+230 402 2000,https://www.luxresorts.com/en/mauritius/hotel/luxbellemare/restaurants-bars/the-mixologist,"-20,1987355","57,7823064",https://maps.google.com/?cid=14798779403527046811&g_mp=Cidnb29nbGUubWFwcy5wbGFjZXMudjEuUGxhY2VzLlNlYXJjaFRleHQQAhgEIAA,12/07/2026,,ChIJefQ9H_L7fCERm8aY0HXTX80
Symon's Restaurant,food,restaurants,"Coastal Rd, Poste de Flacq",+230 415 1135,,"-20,176134","57,7700996",https://maps.google.com/?cid=8707927400454581619&g_mp=Cidnb29nbGUubWFwcy5wbGFjZXMudjEuUGxhY2VzLlNlYXJjaFRleHQQAhgEIAA,12/07/2026,,ChIJu8NHlwr7fCERc238idXF2Hg
TAPASAKE - One&Only Le Saint Géran,food,restaurants,"One&Only Le Saint Geran, Poste de Flacq",+230 401 1688,https://www.oneandonlyresorts.com/le-saint-geran/dining/tapasake?utm_medium=organic-search&utm_source=gbp&utm_campaign=gbp_ao_y_oolsg_row_wt__ao__kz&utm_content=__&utm_term=tapasake&utm_id=7lt0jk,"-20,1619829","57,755783",https://maps.google.com/?cid=3037294481063464254&g_mp=Cidnb29nbGUubWFwcy5wbGFjZXMudjEuUGxhY2VzLlNlYXJjaFRleHQQAhgEIAA,12/07/2026,,ChIJU3FDNxX9fCERPs0K_jyjJio
MONDO - LUX* Belle Mare,food,restaurants,"Coastal Road, Quatre Cocos",+230 402 2000,https://www.luxresorts.com/en/mauritius/hotel/luxbellemare/restaurants-bars/mondo,"-20,1988589","57,7822886",https://maps.google.com/?cid=7189511188935458757&g_mp=Cidnb29nbGUubWFwcy5wbGFjZXMudjEuUGxhY2VzLlNlYXJjaFRleHQQAhgEIAA,12/07/2026,,ChIJ-xxVInf7fCERxb8xrVVGxmM
Blu Sushi Lounge,food,restaurants,"RQM8+7GF, Poste de Flacq 41602",,,"-20,1668419","57,7662152",https://maps.google.com/?cid=15943987617216176973&g_mp=Cidnb29nbGUubWFwcy5wbGFjZXMudjEuUGxhY2VzLlNlYXJjaFRleHQQAhgEIAA,12/07/2026,,ChIJ9Xb_yHf9fCERTaNlU0NsRN0
Seabell Restaurant,food,restaurants,"B15 MU, Costal road, Poste Lafayette 41519",+230 410 5373,,"-20,1423808","57,7388756",https://maps.google.com/?cid=4969203656093797186&g_mp=Cidnb29nbGUubWFwcy5wbGFjZXMudjEuUGxhY2VzLlNlYXJjaFRleHQQAhgEIAA,12/07/2026,,ChIJqfF5sib8fCERQgsLsmUo9kQ
La Citronnelle Restaurant,food,restaurants,"RQM8+7GF, Poste de Flacq",,,"-20,1674867","57,7665884",https://maps.google.com/?cid=1211609903462980730&g_mp=Cidnb29nbGUubWFwcy5wbGFjZXMudjEuUGxhY2VzLlNlYXJjaFRleHQQAhgEIAA,12/07/2026,,ChIJC3lenOz9fCERepxBrsmA0BA
Indigo Restaurant,food,restaurants,"Ambre Resort & Spa, Coastal Road, Palmar, Flacq 41604",+230 401 8188,https://www.yoursunlife.com/ambremauritius/dining/?utm_source=google&utm_medium=organic&utm_campaign=google_local_indigo_restaurant,"-20,2056186","57,787015",https://maps.google.com/?cid=17303725475375384993&g_mp=Cidnb29nbGUubWFwcy5wbGFjZXMudjEuUGxhY2VzLlNlYXJjaFRleHQQAhgEIAA,12/07/2026,,ChIJiaETwA77fCERoYmgCqQuI_A
Pelouse Snack,food,restaurants,"MU, La Pelouse, Trou d'Eau Douce 42207",+230 5923 0349,,"-20,2385234","57,7927393",https://maps.google.com/?cid=2863958220314815618&g_mp=Cidnb29nbGUubWFwcy5wbGFjZXMudjEuUGxhY2VzLlNlYXJjaFRleHQQAhgEIAA,12/07/2026,,ChIJEy1ACzb7fCERgqxs1dPSvic
Lolita Marie Rhum Arrange,food,restaurants,"Montee Bastille N.61 MU, Trou d'Eau Douce 42209",+230 5814 8925,,"-20,2389858","57,7828052",https://maps.google.com/?cid=4288401653707636492&g_mp=Cidnb29nbGUubWFwcy5wbGFjZXMudjEuUGxhY2VzLlNlYXJjaFRleHQQAhgEIAA,12/07/2026,,ChIJGS0zNKD7fCERDP9wR5V2gzs
Shores,food,bars,"Long Beach Mauritius, Quatre Cocos",,,"-20,1722986","57,7703557",https://maps.google.com/?cid=390649497490487276&g_mp=Cidnb29nbGUubWFwcy5wbGFjZXMudjEuUGxhY2VzLlNlYXJjaFRleHQQAhgEIAA,12/07/2026,,ChIJN7859pn9fCER7Pea8aXdawU
K bar,food,bars,"RQ2M+554, Quatre Cocos",,,"-20,1994137","57,7829012",https://maps.google.com/?cid=2726178656373311101&g_mp=Cidnb29nbGUubWFwcy5wbGFjZXMudjEuUGxhY2VzLlNlYXJjaFRleHQQAhgEIAA,12/07/2026,,ChIJbYqkLP77fCERfQZiRwtV1SU
Coco's,food,bars,"PQXX+M34, Trou d'Eau Douce",,https://www.shangri-la.com/mauritius/shangrila/dining/,"-20,2508661","57,7976942",https://maps.google.com/?cid=2679025865396850291&g_mp=Cidnb29nbGUubWFwcy5wbGFjZXMudjEuUGxhY2VzLlNlYXJjaFRleHQQAhgEIAA,12/07/2026,,ChIJs1KqHgD7fCERcw4Qm9TPLSU
Shisha Maurisha LUX* Belle Mare,food,bars,"MU, LUX* Belle Mare, Coastal Road, Quatre Cocos 742CU001",+230 5973 0789,https://www.shishamaurisha.com/,"-20,199331","57,7819705",https://maps.google.com/?cid=5728767758401969340&g_mp=Cidnb29nbGUubWFwcy5wbGFjZXMudjEuUGxhY2VzLlNlYXJjaFRleHQQAhgEIAA,12/07/2026,,ChIJTdMBxYb7fCERvJxCiOyrgE8
Flying Dodo Brewing Company,food,bars,"1, Mall of Mauritius, Bagatelle, Reduit 80832",+230 468 8810,http://www.flyingdodo.com/,"-20,2240861","57,4952662",https://maps.google.com/?cid=9390953162910928132&g_mp=Cidnb29nbGUubWFwcy5wbGFjZXMudjEuUGxhY2VzLlNlYXJjaFRleHQQAhgEIAA,12/07/2026,,ChIJPbrwR-1afCERBA2jcSVeU4I
Wrap and Juice Bar Long Beach,food,bars,"RQHC+HFM, Unnamed Road, Poste de Flacq",,,"-20,1710346","57,7711624",https://maps.google.com/?cid=9537116154550570658&g_mp=Cidnb29nbGUubWFwcy5wbGFjZXMudjEuUGxhY2VzLlNlYXJjaFRleHQQAhgEIAA,12/07/2026,,ChIJa1l4m0f9fCERok6g3ZykWoQ
the hot spot,food,bars,"royal raod, Trou d'Eau Douce",+230 5483 0110,https://www.facebook.com/profile.php?id=61562290622568,"-20,2419901","57,783877",https://maps.google.com/?cid=8403830822895968873&g_mp=Cidnb29nbGUubWFwcy5wbGFjZXMudjEuUGxhY2VzLlNlYXJjaFRleHQQAhgEIAA,12/07/2026,,ChIJdQazZNH7fCERaWIxp5tnoHQ
Sega bar,food,bars,"PQXW+8W4, Trou d'Eau Douce",,,"-20,2517413","57,7973493",https://maps.google.com/?cid=1750921615486576056&g_mp=Cidnb29nbGUubWFwcy5wbGFjZXMudjEuUGxhY2VzLlNlYXJjaFRleHQQAhgEIAA,12/07/2026,,ChIJu7cdcwD7fCERuGWhuO6FTBg
Colibri Beach House,food,bars,"QQ6V+W9X, Trou d'Eau Douce",,https://colibribeach.hoteelguru.com/,"-20,2376486","57,793471",https://maps.google.com/?cid=15285443143570421008&g_mp=Cidnb29nbGUubWFwcy5wbGFjZXMudjEuUGxhY2VzLlNlYXJjaFRleHQQAhgEIAA,12/07/2026,,ChIJoYHH0O36fCEREPXxpo3NINQ
Beach Rouge - LUX* Grand Baie,food,bars,"MU, MU LUX*, Coastal Road, Grand Baie 30510",+230 209 2200,https://www.luxresorts.com/en/mauritius/hotel/luxgrandbaie/restaurants-bars/beach-rouge,"-20,0005225","57,5826008",https://maps.google.com/?cid=1841653919877656780&g_mp=Cidnb29nbGUubWFwcy5wbGFjZXMudjEuUGxhY2VzLlNlYXJjaFRleHQQAhgEIAA,12/07/2026,,ChIJFTqK0myrfSERzHCDjXvejhk
The Good Café,food,cafes-terrasses,"MU, ROYAL ROAD, Cap Malheureux 31706",+230 5854 8889,,"-19,98699","57,6261607",https://maps.google.com/?cid=6595633882572065362&g_mp=Cidnb29nbGUubWFwcy5wbGFjZXMudjEuUGxhY2VzLlNlYXJjaFRleHQQAhgEIAA,12/07/2026,,ChIJ8S34tDerfSERUgo9LxJmiFs
Royce Street,food,cafes-terrasses,"RQ2J+CXR, Quatre Cocos",,,"-20,1988461","57,7823379",https://maps.google.com/?cid=7331873739790521908&g_mp=Cidnb29nbGUubWFwcy5wbGFjZXMudjEuUGxhY2VzLlNlYXJjaFRleHQQAhgEIAA,12/07/2026,,ChIJfzm3IQD7fCERNJY6BlIMwGU
La Belle Creole Restaurant,food,cafes-terrasses,"Coastal Rd, Mahebourg",+230 5255 1701,,"-20,4218043","57,716511",https://maps.google.com/?cid=11833149786323120059&g_mp=Cidnb29nbGUubWFwcy5wbGFjZXMudjEuUGxhY2VzLlNlYXJjaFRleHQQAhgEIAA,12/07/2026,,ChIJWWsdYEmLfCERu2_HMwnLN6Q
Sous Le Manguier - Snack,food,snacks-plage,Trou d'Eau Douce,+230 5252 5397,,"-20,2397528","57,7858538",https://maps.google.com/?cid=11592100075716234546&g_mp=Cidnb29nbGUubWFwcy5wbGFjZXMudjEuUGxhY2VzLlNlYXJjaFRleHQQAhgEIAA,12/07/2026,,ChIJfy-QOnf7fCERMk3Y7Zlp36A
Albamauritius B&B,food,tables-hotes,"MU, Jugoo Road, Belle Mare 41601",+230 5756 2878,https://www.booking.com/hotel/mu/albamauritius-b-amp-b.en-gb.html?aid=356980&label=gog235jc-1DCAsonQFCFWFsYmFtYXVyaXRpdXMtYi1hbXAtYkgzWANonQGIAQGYAQm4ARjIAQzYAQPoAQGIAgGoAgS4Ar2jrZwGwAIB0gIkZmU0MDlmNWEtN2E0Zi00ZjhmLWE3MTUtZjU3NDdhY2MzYTc42AIE4AIB&sid=32265bc77332cede7f5767dfd54e5e7d&dist=0&group_adults=2&keep_landing=1&sb_price_type=total&type=total&,"-20,2008877","57,7751825",https://maps.google.com/?cid=233787872953415853&g_mp=Cidnb29nbGUubWFwcy5wbGFjZXMudjEuUGxhY2VzLlNlYXJjaFRleHQQAhgEIAA,12/07/2026,,ChIJ9aDjKKT7fCERrbgu8NSUPgM
Luxor Residence Guesthouse,food,tables-hotes,"Belle Mare Kalimaye Road Mare-La Chaux , Belle-Mare",+230 5775 6009,,"-20,1982718","57,7576697",https://maps.google.com/?cid=10631831494326533524&g_mp=Cidnb29nbGUubWFwcy5wbGFjZXMudjEuUGxhY2VzLlNlYXJjaFRleHQQAhgEIAA,12/07/2026,,ChIJ3aJfUr_7fCERlL0kC2rai5M
Alalila Trou aux Biches,food,tables-hotes,"MU, Coastal Road, Trou aux Biches 22322",+230 5516 8900,https://www.alalila-trouauxbiches.mu/,"-20,0404841","57,5423015",https://maps.google.com/?cid=8542015510300373253&g_mp=Cidnb29nbGUubWFwcy5wbGFjZXMudjEuUGxhY2VzLlNlYXJjaFRleHQQAhgEIAA,12/07/2026,,ChIJrzTAG_6tfSERBbFUXdlVi3Y
Horisun,food,tables-hotes,"Shanti Nagar, Quatre Cocos",+230 5782 0584,,"-20,2035149","57,7726791",https://maps.google.com/?cid=17320342204284936201&g_mp=Cidnb29nbGUubWFwcy5wbGFjZXMudjEuUGxhY2VzLlNlYXJjaFRleHQQAhgEIAA,12/07/2026,,ChIJHyC4SaT7fCERCSCcunc3XvA
Valmarin Seafront Apartments,food,tables-hotes,"QQ4P+FQ7, Trou d'Eau Douce",+230 263 1637,https://www.hotelscheck-in.com/valmarinseafrontapartmens/en/,"-20,2438372","57,7869286",https://maps.google.com/?cid=5316457801390203109&g_mp=Cidnb29nbGUubWFwcy5wbGFjZXMudjEuUGxhY2VzLlNlYXJjaFRleHQQAhgEIAA,12/07/2026,,ChIJYyYnf-36fCER5aA32zPax0k
Tree Lodge Mauritius,food,tables-hotes,"Argy Sugar Estate, Flacq 40615",+230 5856 9575,http://www.treelodgemauritius.com/,"-20,2006398","57,7380381",https://maps.google.com/?cid=7307735433913672557&g_mp=Cidnb29nbGUubWFwcy5wbGFjZXMudjEuUGxhY2VzLlNlYXJjaFRleHQQAhgEIAA,12/07/2026,,ChIJt58outb7fCERbaP1uqhKamU
Auberge SeaFever,food,tables-hotes,"Rue du Chaland, Mahébourg",+230 5256 5493,https://www.aubergeseafever.com/,"-20,4107345","57,7113067",https://maps.google.com/?cid=3610985518232287661&g_mp=Cidnb29nbGUubWFwcy5wbGFjZXMudjEuUGxhY2VzLlNlYXJjaFRleHQQAhgEIAA,12/07/2026,,ChIJxweQD8r0fCERrblQbzLMHDI
Blue Beryl Guest House,food,tables-hotes,"Coastal Road, Pointe d'Esny, Blue Bay",+230 631 9862,http://www.blueberyl.com/,"-20,4451505","57,7184271",https://maps.google.com/?cid=11607567123412589773&g_mp=Cidnb29nbGUubWFwcy5wbGFjZXMudjEuUGxhY2VzLlNlYXJjaFRleHQQAhgEIAA,12/07/2026,,ChIJJ60kkW6LfCERzZyCmcxcFqE
Chantauvent Guesthouse / Maison d'Hotes,food,tables-hotes,"Route cotiere HP49+2F4 Pointe d Esny, Mahebourg",+230 631 9614,http://www.chantauvent.com/,"-20,4449929","57,7187004",https://maps.google.com/?cid=6867280026819548610&g_mp=Cidnb29nbGUubWFwcy5wbGFjZXMudjEuUGxhY2VzLlNlYXJjaFRleHQQAhgEIAA,12/07/2026,,ChIJ5wsoYGiLfCERwtW2y8x6TV8
La Tonnelle Maison D'hôtes,food,tables-hotes,"Coastal Road, Trou-aux-Biches 22322",+230 5499 6855,https://latonnellehotel.com/,"-20,0416054","57,5417671",https://maps.google.com/?cid=4613797478874098663&g_mp=Cidnb29nbGUubWFwcy5wbGFjZXMudjEuUGxhY2VzLlNlYXJjaFRleHQQAhgEIAA,12/07/2026,,ChIJV_ATm7KsfSER5yvisVyAB0A
Bon Azur Beachfront Suites & Penthouses by LOV Mauritius,food,tables-hotes,"Coastal Road, B38, Trou-aux-Biches",+230 5250 4002,https://lovmauritius.com/property-details/bon-azur-seafront/,"-20,0458521","57,5311941",https://maps.google.com/?cid=16179781287627814498&g_mp=Cidnb29nbGUubWFwcy5wbGFjZXMudjEuUGxhY2VzLlNlYXJjaFRleHQQAhgEIAA,12/07/2026,,ChIJJ0tCGEpTfCERYnaRYFshiuA
Gite des Acacias,food,tables-hotes,"MU, Carreau Acacia Trois Boutiques 52402",+230 5752 3915,,"-20,4652806","57,6702576",https://maps.google.com/?cid=211134461969499457&g_mp=Cidnb29nbGUubWFwcy5wbGFjZXMudjEuUGxhY2VzLlNlYXJjaFRleHQQAhgEIAA,12/07/2026,,ChIJ4Xcg3UOKfCERQQWJrawZ7gI
Sunset Reef Resort & Spa Hotel,food,tables-hotes,"Coastal Road, WGQ9+VWR, Pointe aux Piments 21034",+230 204 2500,http://www.sunsetreefresort.com/,"-20,060253","57,5197724",https://maps.google.com/?cid=578621423458919963&g_mp=Cidnb29nbGUubWFwcy5wbGFjZXMudjEuUGxhY2VzLlNlYXJjaFRleHQQAhgEIAA,12/07/2026,,ChIJ6wAK-xdTfCERGyazdB6tBwg
Asso Villa,food,tables-hotes,"La Pelouse, Coastal Road, Quatre Cocos",+230 415 2318,https://assovilla.hotelf1.top/,"-20,1844765","57,7718263",https://maps.google.com/?cid=15064983215610928683&g_mp=Cidnb29nbGUubWFwcy5wbGFjZXMudjEuUGxhY2VzLlNlYXJjaFRleHQQAhgEIAA,12/07/2026,,ChIJCWTlxHX8fCERKx62uWqSEdE
La Maison D'Été,food,tables-hotes,"Route Côtière, Poste Lafayette",+230 410 5039,https://newmarkhotels.com/accommodation/la-maison-dete/?utm_source=GMBlisting&utm_medium=organic&utm_content=hotel,"-20,1180254","57,7516265",https://maps.google.com/?cid=7853833842642054164&g_mp=Cidnb29nbGUubWFwcy5wbGFjZXMudjEuUGxhY2VzLlNlYXJjaFRleHQQAhgEIAA,12/07/2026,,ChIJT3zlxHX8fCERFOyeu0Rs_mw
Rêve des Îles,food,tables-hotes,Patate Theophile,+230 831 5149,,"-19,702049","63,4810731",https://maps.google.com/?cid=11955498039673927372&g_mp=Cidnb29nbGUubWFwcy5wbGFjZXMudjEuUGxhY2VzLlNlYXJjaFRleHQQAhgEIAA,12/07/2026,,ChIJia6cyICs4yMRzLakxx926qU
Le Clos des Bains,food,tables-hotes,"morcellement des Corbigeaux Quartier de, Blue Bay",+230 631 5555,https://www.booking-hotel-mauritius.com/,"-20,4420123","57,7119296",https://maps.google.com/?cid=7845640129450150134&g_mp=Cidnb29nbGUubWFwcy5wbGFjZXMudjEuUGxhY2VzLlNlYXJjaFRleHQQAhgEIAA,12/07/2026,,ChIJcZYANO-LfCER9ghtNyFQ4Ww
La Mirage Residence Guest house,food,tables-hotes,"RQ25+835, Royal Road, Mare La Chaux",+230 5904 9333,https://www.hotelscheck-in.com/la-mirage-residence-guest-house-mauritius/en/,"-20,1992291","57,7577337",https://maps.google.com/?cid=3220607980338125958&g_mp=Cidnb29nbGUubWFwcy5wbGFjZXMudjEuUGxhY2VzLlNlYXJjaFRleHQQAhgEIAA,12/07/2026,,ChIJZ7QCpLj7fCERhpzXBOXlsSw
Silver Beach Hotel,food,tables-hotes,"QR83+PHX, Trou d'Eau Douce",+230 480 2600,http://www.silverbeach.mu/,"-20,2331295","57,8039703",https://maps.google.com/?cid=1692682865473819988&g_mp=Cidnb29nbGUubWFwcy5wbGFjZXMudjEuUGxhY2VzLlNlYXJjaFRleHQQAhgEIAA,12/07/2026,,ChIJHVqVOd36fCERVBX1ERmefRc
Hotel Villa Anakao,food,tables-hotes,"154, Port Louis",+230 234 2035,http://www.mauritius.villa-anakao.com/,"-20,1704654","57,449211",https://maps.google.com/?cid=15888885892270201165&g_mp=Cidnb29nbGUubWFwcy5wbGFjZXMudjEuUGxhY2VzLlNlYXJjaFRleHQQAhgEIAA,12/07/2026,,ChIJ2V4MUOpPfCERTRl7PYmpgNw
Ambre,food,tables-hotes,"Coastal Road Palmar, Quatre Cocos",+230 401 8188,https://www.yoursunlife.com/ambremauritius/?utm_source=google&utm_medium=organic&utm_campaign=google_local_ambre,"-20,2061","57,7864269",https://maps.google.com/?cid=10279097902023171569&g_mp=Cidnb29nbGUubWFwcy5wbGFjZXMudjEuUGxhY2VzLlNlYXJjaFRleHQQAhgEIAA,12/07/2026,,ChIJBemVzw77fCER8d2NtRSxpo4
"SALT of Palmar, an Adults-only Boutique Hotel",food,tables-hotes,"MU, Coastal Road, Palmar 41604",+230 401 8500,https://www.saltresorts.com/en/mauritius/hotel/saltofpalmar,"-20,2058716","57,7897159",https://maps.google.com/?cid=7938942517773456560&g_mp=Cidnb29nbGUubWFwcy5wbGFjZXMudjEuUGxhY2VzLlNlYXJjaFRleHQQAhgEIAA,12/07/2026,,ChIJQWiJDhr7fCERsNQhWCjKLG4
Cocotiers Hotel - Mauritius,food,tables-hotes,"MU, Coastal Road, Tombeau Bay 21733",+230 206 8600,http://www.cocotiers-hotel-mauritius.com/,"-20,1109689","57,5068141",https://maps.google.com/?cid=7854746761062263754&g_mp=Cidnb29nbGUubWFwcy5wbGFjZXMudjEuUGxhY2VzLlNlYXJjaFRleHQQAhgEIAA,12/07/2026,,ChIJ6aYyXC1SfCERyivEHZCqAW0
Voile Bleue Boutique Hotel,food,tables-hotes,Pointe aux Piments,+230 265 6800,http://www.voilebleue.mu/,"-20,0469844","57,5276914",https://maps.google.com/?cid=8643332324798114445&g_mp=Cidnb29nbGUubWFwcy5wbGFjZXMudjEuUGxhY2VzLlNlYXJjaFRleHQQAhgEIAA,12/07/2026,,ChIJc57uijZTfCERjSo-f_RI83c
Le Beach Club,food,tables-hotes,"B13 , Royal Road, Grand Baie",+230 263 5104,http://www.le-beachclub.com/,"-19,9932876","57,5916742",https://maps.google.com/?cid=11469771300495817228&g_mp=Cidnb29nbGUubWFwcy5wbGFjZXMudjEuUGxhY2VzLlNlYXJjaFRleHQQAhgEIAA,12/07/2026,,ChIJMSqhi7arfSERDPoFdTrQLJ8
Mon Choisy Beach R. - Apart'Hotel,food,tables-hotes,"Royal Road Mont Choisy, Trou-aux-Biches",+230 265 8500,http://www.monchoisy.com/,"-20,0209746","57,5535791",https://maps.google.com/?cid=13149780674757583466&g_mp=Cidnb29nbGUubWFwcy5wbGFjZXMudjEuUGxhY2VzLlNlYXJjaFRleHQQAhgEIAA,12/07/2026,,ChIJ2xOX02GrfSERauI4adpnfbY
Tam Studio,food,tables-hotes,"H9G7+JHQ, La Gaulette",+230 5927 4212,,"-20,4234121","57,3639814",https://maps.google.com/?cid=14567087226394137018&g_mp=Cidnb29nbGUubWFwcy5wbGFjZXMudjEuUGxhY2VzLlNlYXJjaFRleHQQAhgEIAA,12/07/2026,,ChIJN-j4dPlrfCERulFaFaewKMo
Ebene Commercial Centre,food,grandes-surfaces,"QF4Q+M6P, Quatre Bornes",,,"-20,24329","57,4880718",https://maps.google.com/?cid=3329422903749104201&g_mp=Cidnb29nbGUubWFwcy5wbGFjZXMudjEuUGxhY2VzLlNlYXJjaFRleHQQAhgEIAA,12/07/2026,,ChIJgT6i1h9bfCERSdIDrX18NC4
Intermart Express Quatre Bornes,food,grandes-surfaces,"PFJG+69J, Quatre Bornes",+230 425 7788,http://intermartmauritius.com/,"-20,2694113","57,4759053",https://maps.google.com/?cid=7797500636671122550&g_mp=Cidnb29nbGUubWFwcy5wbGFjZXMudjEuUGxhY2VzLlNlYXJjaFRleHQQAhgEIAA,12/07/2026,,ChIJ25cbDEVbfCERdhyqIIRJNmw
Intermart Plaza Boulevard Rose-Hill,food,grandes-surfaces,"QF5C+495, Beau Bassin-Rose Hill",+230 460 5888,,"-20,2422274","57,4709963",https://maps.google.com/?cid=1851337733482016041&g_mp=Cidnb29nbGUubWFwcy5wbGFjZXMudjEuUGxhY2VzLlNlYXJjaFRleHQQAhgEIAA,12/07/2026,,ChIJV3_KtQVbfCERKe14G9xFsRk
Rose Belle Mall,food,grandes-surfaces,"JH2X+G3M, Rose Belle",,,"-20,3986587","57,5976732",https://maps.google.com/?cid=16413552118430554202&g_mp=Cidnb29nbGUubWFwcy5wbGFjZXMudjEuUGxhY2VzLlNlYXJjaFRleHQQAhgEIAA,12/07/2026,,ChIJj3eiWwBhfCERWthpYbCmyOM
Save & Win Supermarket,food,grandes-surfaces,"Royal Road, Trou d'Eau Douce 42202",+230 5844 8888,https://www.facebook.com/profile.php?id=61571962060380,"-20,23972","57,78454",https://maps.google.com/?cid=15635899364789257745&g_mp=Cidnb29nbGUubWFwcy5wbGFjZXMudjEuUGxhY2VzLlNlYXJjaFRleHQQAhgEIAA,12/07/2026,,ChIJyZcZufT6fCEREQYFNqHf_dg
Loyeung Supermarket,food,grandes-surfaces,"Rue de Labourdonnais, Mahébourg",+230 631 9642,,"-20,4098151","57,7094238",https://maps.google.com/?cid=3806591004516711903&g_mp=Cidnb29nbGUubWFwcy5wbGFjZXMudjEuUGxhY2VzLlNlYXJjaFRleHQQAhgEIAA,12/07/2026,,ChIJnzj6Kcr0fCER331qtVm60zQ
Intermart Express Calodyne,food,grandes-surfaces,"XJRR+WMF, Calodyne",,,"-20,0076843","57,6416777",https://maps.google.com/?cid=9618215479454844507&g_mp=Cidnb29nbGUubWFwcy5wbGFjZXMudjEuUGxhY2VzLlNlYXJjaFRleHQQAhgEIAA,12/07/2026,,ChIJcUz_jqyrfSERW8YR4gTEeoU
L'Épicerie Chez Moïse,food,epiceries-specialisees,"B59 - Coastal Road, Trou d'Eau Douce",+230 5836 9411,https://epicerie.mu/,"-20,2388742","57,7923875",https://maps.google.com/?cid=9736083886874406509&g_mp=Cidnb29nbGUubWFwcy5wbGFjZXMudjEuUGxhY2VzLlNlYXJjaFRleHQQAhgEIAA,12/07/2026,,ChIJsQFA67f7fCERba6NDLaEHYc
Boucherie La Belle Creole,food,boucheries,"Rev. Pere Dufay St &, QF55+94F, Pigeot Ave, Beau Bassin-Rose Hill",+230 464 0697,,"-20,2415653","57,4577908",https://maps.google.com/?cid=4137131724945166005&g_mp=Cidnb29nbGUubWFwcy5wbGFjZXMudjEuUGxhY2VzLlNlYXJjaFRleHQQAhgEIAA,12/07/2026,,ChIJfV7QLLVFfCERtQ5bZmILajk
Zoe Farm Baie Du Tombeau,food,boucheries,"Royal Road, Tombeau Bay",+230 247 4264,,"-20,1379835","57,505401",https://maps.google.com/?cid=14355589327617024955&g_mp=Cidnb29nbGUubWFwcy5wbGFjZXMudjEuUGxhY2VzLlNlYXJjaFRleHQQAhgEIAA,12/07/2026,,ChIJDzn9A_pRfCERu2MALm9MOcc
Chebel Meat Shop (fresh halal beef),food,boucheries,"QFP9+9R6, Chebel Branch Rd, Beau Bassin-Rose Hill",+230 467 4122,,"-20,2140847","57,469529",https://maps.google.com/?cid=14872531383150748258&g_mp=Cidnb29nbGUubWFwcy5wbGFjZXMudjEuUGxhY2VzLlNlYXJjaFRleHQQAhgEIAA,12/07/2026,,ChIJXRo0KUlbfCERYqKMs37YZc4
Frid'Mer,food,poissonneries,"4 Royal Road, St Malo MU, Tombeau Bay 21732",,,"-20,1132907","57,5033911",https://maps.google.com/?cid=12069937414366502577&g_mp=Cidnb29nbGUubWFwcy5wbGFjZXMudjEuUGxhY2VzLlNlYXJjaFRleHQQAhgEIAA,12/07/2026,,ChIJHewEuQhTfCERsR6DDCEIgac
Cabane des fruits de Mer,food,poissonneries,"public beach, Trou-aux-Biches",+230 5922 5002,,"-20,0352384","57,5448455",https://maps.google.com/?cid=2194229099691523905&g_mp=Cidnb29nbGUubWFwcy5wbGFjZXMudjEuUGxhY2VzLlNlYXJjaFRleHQQAhgEIAA,12/07/2026,,ChIJ8x60iiWtfSERQT_wmr13cx4
Souvenir,food,poissonneries,"Royal Road, Trou-aux-Biches",+230 5291 1440,,"-20,0358431","57,5457175",https://maps.google.com/?cid=15861973066223053875&g_mp=Cidnb29nbGUubWFwcy5wbGFjZXMudjEuUGxhY2VzLlNlYXJjaFRleHQQAhgEIAA,12/07/2026,,ChIJo2sYGq-sfSERM-wJoXYMIdw
Family Pizza,food,livraisons,Bel Air,+230 5791 3064,https://www.facebook.com/FFamilyPizza?mibextid=ZbWKwL,"-20,2558162","57,7546625",https://maps.google.com/?cid=15184568718139226080&g_mp=Cidnb29nbGUubWFwcy5wbGFjZXMudjEuUGxhY2VzLlNlYXJjaFRleHQQAhgEIAA,12/07/2026,,ChIJ_d0mf6DwfCER4HcyQMxsutI
Selvi's,food,livraisons,"Boulet blanc, Ctre de Flacq",+230 5815 1390,,"-20,1954436","57,7224401",https://maps.google.com/?cid=4573814447124667121&g_mp=Cidnb29nbGUubWFwcy5wbGFjZXMudjEuUGxhY2VzLlNlYXJjaFRleHQQAhgEIAA,12/07/2026,,ChIJGX13XDT5fCER8VpqrQF0eT8
Tipik Fusion Food,food,livraisons,"Royal Rd, Central Flacq",+230 5832 0727,,"-20,2002487","57,7203833",https://maps.google.com/?cid=13721982848744212628&g_mp=Cidnb29nbGUubWFwcy5wbGFjZXMudjEuUGxhY2VzLlNlYXJjaFRleHQQAhgEIAA,12/07/2026,,ChIJx6ywvHL5fCERlMhm4bJGbr4
Reza Briani Snack,food,livraisons,"200 A2, Port Louis",+230 5709 3266,,"-20,12486","57,5468008",https://maps.google.com/?cid=9029486476378714739&g_mp=Cidnb29nbGUubWFwcy5wbGFjZXMudjEuUGxhY2VzLlNlYXJjaFRleHQQAhgEIAA,12/07/2026,,ChIJg5xNOfxTfCERczK_KBwuT30
Nature et Délices,food,livraisons,"MU, Royal Road, B13 30516",+230 5934 5320,https://www.nature-et-delices.mu/,"-20,0100425","57,5626547",https://maps.google.com/?cid=11215577256561464611&g_mp=Cidnb29nbGUubWFwcy5wbGFjZXMudjEuUGxhY2VzLlNlYXJjaFRleHQQAhgEIAA,12/07/2026,,ChIJ5QHQi3urfSERI9VLmBe8pZs
Bol Local Fastfood & Takeaway,food,livraisons,"MU, Bel Air 41408",+230 5474 7061,,"-20,2575749","57,758171",https://maps.google.com/?cid=17922736626123082895&g_mp=Cidnb29nbGUubWFwcy5wbGFjZXMudjEuUGxhY2VzLlNlYXJjaFRleHQQAhgEIAA,12/07/2026,,ChIJoTO4OQzxfCERjwzzsgBauvg
CHEZ FLIPPER 2k22,food,livraisons,"B38, Trou-aux-Biches",+230 5489 7172,https://www.facebook.com/CHEZ-Flipper-2k22-100656699378890/,"-20,0416241","57,5408332",https://maps.google.com/?cid=12646594064866850172&g_mp=Cidnb29nbGUubWFwcy5wbGFjZXMudjEuUGxhY2VzLlNlYXJjaFRleHQQAhgEIAA,12/07/2026,,ChIJmzlu6CCtfSERfLXzJky6ga8
Maharaja Mithai,food,livraisons,"Food court, RP8F+34Q Coeur de Ville, Flacq",,,"-20,1847932","57,7228499",https://maps.google.com/?cid=17242621286278234224&g_mp=Cidnb29nbGUubWFwcy5wbGFjZXMudjEuUGxhY2VzLlNlYXJjaFRleHQQAhgEIAA,12/07/2026,,ChIJ7wtjNwD5fCERcAA0XbQYSu8
The Fisherman Lounge,food,livraisons,"Le Valentina Shopping Mall, Vacoas-Phœnix",+230 5449 3474,http://www.thefishermanlounge.com/,"-20,2798478","57,5055661",https://maps.google.com/?cid=12994019964321207153&g_mp=Cidnb29nbGUubWFwcy5wbGFjZXMudjEuUGxhY2VzLlNlYXJjaFRleHQQAhgEIAA,12/07/2026,,ChIJuUGSHmtbfCERcROz8U8IVLQ
La Potinière,food,livraisons,"MGPQ+MG8, Lees St, Curepipe",+230 676 2648,https://www.lapotiniere.mu/,"-20,3133266","57,5388403",https://maps.google.com/?cid=5728096972625451848&g_mp=Cidnb29nbGUubWFwcy5wbGFjZXMudjEuUGxhY2VzLlNlYXJjaFRleHQQAhgEIAA,12/07/2026,,ChIJT56uD4JdfCERSJtUDNlJfk8
China Palace,food,livraisons,"XG7W+G66, Trou aux Biches",+230 265 8000,,"-20,0362217","57,5455207",https://maps.google.com/?cid=13802567774307941843&g_mp=Cidnb29nbGUubWFwcy5wbGFjZXMudjEuUGxhY2VzLlNlYXJjaFRleHQQAhgEIAA,12/07/2026,,ChIJ2UY2Ha-sfSER0_3g90KSjL8
House of Canton,food,livraisons,"NeXTeracom Tower 1, Quatre Bornes",+230 465 4588,http://houseofcantonmauritius.restaurant.mu/,"-20,2425083","57,4884031",https://maps.google.com/?cid=3387487398878368136&g_mp=Cidnb29nbGUubWFwcy5wbGFjZXMudjEuUGxhY2VzLlNlYXJjaFRleHQQAhgEIAA,12/07/2026,,ChIJe-oW0-FafCERiNFBc9fFAi8
Panarottis Ebene,food,livraisons,"MU, Shri Atal Bihari Vajpayee Tower, Cyber Way, Quatre Bornes 72201",+230 489 9898,https://www.panarottis.com/mu/restaurants/plaines-wilhems/panarottis-ebene?utm_source=google_maps&utm_medium=website_link&utm_campaign=SP&utm_content=SP,"-20,2453169","57,4918342",https://maps.google.com/?cid=15091819257313216519&g_mp=Cidnb29nbGUubWFwcy5wbGFjZXMudjEuUGxhY2VzLlNlYXJjaFRleHQQAhgEIAA,12/07/2026,,ChIJSTSPNzJbfCERB8iNlqfpcNE
McDonald's,food,livraisons,"Flacq Coeur de Ville, Central Flacq",+230 413 5360,https://www.mcdonalds.mu/mcdonalds-flacq,"-20,183192","57,7233572",https://maps.google.com/?cid=11976423470725315419&g_mp=Cidnb29nbGUubWFwcy5wbGFjZXMudjEuUGxhY2VzLlNlYXJjaFRleHQQAhgEIAA,12/07/2026,,ChIJpVg91Vz5fCERW7s7XLHNNKY
Florensuc Patisserie,food,boulangeries,"XG5X+QR5, Trou Aux Biches Rd, Triolet",+230 265 5349,,"-20,0406157","57,549596",https://maps.google.com/?cid=13143514073661895893&g_mp=Cidnb29nbGUubWFwcy5wbGFjZXMudjEuUGxhY2VzLlNlYXJjaFRleHQQAhgEIAA,12/07/2026,,ChIJV_NsvqqsfSER1fT2pGkkZ7Y
Escale M Café,food,boulangeries,"Royal Road Baramia MU, Rose Belle 51801",,,"-20,4058293","57,6085348",https://maps.google.com/?cid=4253812445518488309&g_mp=Cidnb29nbGUubWFwcy5wbGFjZXMudjEuUGxhY2VzLlNlYXJjaFRleHQQAhgEIAA,12/07/2026,,ChIJJ67zQGVgfCER9eJDrOGTCDs
La Boîte à Gâteaux - Île Maurice,food,boulangeries,"18 route du Club, Vacoas-Phoenix",+230 697 6111,,"-20,2967516","57,490436",https://maps.google.com/?cid=16299450604612964697&g_mp=Cidnb29nbGUubWFwcy5wbGFjZXMudjEuUGxhY2VzLlNlYXJjaFRleHQQAhgEIAA,12/07/2026,,ChIJH__zT5dcfCERWVH7efdHM-I
Pâtisserie Marimootoo,food,boulangeries,"Rue Botanical Garden, Après le Jardin botanique, Curepipe",+230 674 3925,,"-20,3236235","57,5178543",https://maps.google.com/?cid=6342143636023350748&g_mp=Cidnb29nbGUubWFwcy5wbGFjZXMudjEuUGxhY2VzLlNlYXJjaFRleHQQAhgEIAA,12/07/2026,,ChIJQ3o1hlxcfCER3BWt6wjSA1g
Pâtisserie Pûits d’Amour,food,boulangeries,"105 Rte des Pamplemousses, Port Louis",+230 5786 3344,,"-20,1549772","57,5181358",https://maps.google.com/?cid=3865619399761844204&g_mp=Cidnb29nbGUubWFwcy5wbGFjZXMudjEuUGxhY2VzLlNlYXJjaFRleHQQAhgEIAA,12/07/2026,,ChIJCzoQEwVRfCER7Nep91xwpTU
Patisserie Al-Safa,food,boulangeries,"2 Mallefille Ave, Quatre Bornes",+230 454 2615,,"-20,2481125","57,4814936",https://maps.google.com/?cid=7621647079939551739&g_mp=Cidnb29nbGUubWFwcy5wbGFjZXMudjEuUGxhY2VzLlNlYXJjaFRleHQQAhgEIAA,12/07/2026,,ChIJr-FfUyhbfCER-7EwU6OHxWk
Storm E-bikes Tours,activites,randonnee-trail,"MU, Coastal road, Calodyne 31726",,https://stormebikestours.com/,"-20,003001","57,6370702",https://maps.google.com/?cid=8068880704887219508&g_mp=Cidnb29nbGUubWFwcy5wbGFjZXMudjEuUGxhY2VzLlNlYXJjaFRleHQQAhgEIAA,12/07/2026,,ChIJYQeypIyrfSERNGXOFUBs-m8
Octopus Diving Centre,activites,randonnee-trail,"Royal Road, Grand Baie",+230 5728 9303,https://tantulika1.wixsite.com/tour/mauritius,"-19,9952945","57,5901832",https://maps.google.com/?cid=298787552549346363&g_mp=Cidnb29nbGUubWFwcy5wbGFjZXMudjEuUGxhY2VzLlNlYXJjaFRleHQQAhgEIAA,12/07/2026,,ChIJ2a61KrerfSEROxwDLbKBJQQ
Welcome Inn,activites,centres-loisirs-animations-enfants,"Chem. Vingt Pieds, Grand Baie",+230 5254 4950,,"-20,0085489","57,6002561",https://maps.google.com/?cid=6161970803562176903&g_mp=Cidnb29nbGUubWFwcy5wbGFjZXMudjEuUGxhY2VzLlNlYXJjaFRleHQQAhgEIAA,12/07/2026,,ChIJ-Yh-oH6rfSERh-GmXsy3g1U
Chez Nad,food,snacks-plage,"Swami Dayanand, Grand Baie",+230 5708 2630,,"-20,0110224","57,5853745",https://maps.google.com/?cid=6667204287558684228&g_mp=Cidnb29nbGUubWFwcy5wbGFjZXMudjEuUGxhY2VzLlNlYXJjaFRleHQQAhgEIAA,12/07/2026,,ChIJr_L9W0urfSERRI7lpPmqhlw
La Jonque Restaurant,food,snacks-plage,Grand Baie,+230 263 0340,http://la-jonque.restaurant.mu/,"-20,0111628","57,5846326",https://maps.google.com/?cid=13175859684995434260&g_mp=Cidnb29nbGUubWFwcy5wbGFjZXMudjEuUGxhY2VzLlNlYXJjaFRleHQQAhgEIAA,12/07/2026,,ChIJ9UF5NAirfSERFAeLJpMO2rY
Mr.Bricolage Grand Baie,food,livraisons,"Centre commercial MU, La Croisette, Grand Baie 30517",+230 269 4490,https://magasin.mr-bricolage.fr/339-mr-bricolage-grand-baie?utm_source=gmb,"-20,021343","57,57878",https://maps.google.com/?cid=12975102205920949883&g_mp=Cidnb29nbGUubWFwcy5wbGFjZXMudjEuUGxhY2VzLlNlYXJjaFRleHQQAhgEIAA,12/07/2026,,ChIJ3wfBsROrfSERezZOFLbSELQ
Pomodoro Pizzeria Trattoria,food,livraisons,"LA CROISETTE, Grand Baie LA CROISETTE",+230 269 6617,https://www.facebook.com/pomodoromru/,"-20,022703","57,5786259",https://maps.google.com/?cid=3662932646992952728&g_mp=Cidnb29nbGUubWFwcy5wbGFjZXMudjEuUGxhY2VzLlNlYXJjaFRleHQQAhgEIAA,12/07/2026,,ChIJNbqjqROrfSERmD0y3NVZ1TI
TAMBOURINE,food,livraisons,"Le Mall Shopping Promenade, Grand Baie",+230 5856 9855,https://tambourine.mu/,"-20,0244504","57,576298",https://maps.google.com/?cid=7346351900806808266&g_mp=Cidnb29nbGUubWFwcy5wbGFjZXMudjEuUGxhY2VzLlNlYXJjaFRleHQQAhgEIAA,12/07/2026,,ChIJeZEGk9arfSERygKbkiF882U
Hangout Restaurant,food,livraisons,"MU, Pointe aux Piments 31803",+230 5703 2561,https://www.facebook.com/hangoutmauritius,"-20,0478403","57,5266679",https://maps.google.com/?cid=8899471082400133102&g_mp=Cidnb29nbGUubWFwcy5wbGFjZXMudjEuUGxhY2VzLlNlYXJjaFRleHQQAhgEIAA,12/07/2026,,ChIJfaSCUAdTfCER7i9SS8xFgXs
Burger King,food,livraisons,Grand Baie,+230 268 9916,http://bk.mu/,"-20,0208262","57,5806151",https://maps.google.com/?cid=9738023589297004615&g_mp=Cidnb29nbGUubWFwcy5wbGFjZXMudjEuUGxhY2VzLlNlYXJjaFRleHQQAhgEIAA,12/07/2026,,ChIJnfjTRACrfSERRyBsNtxoJIc
Travelling Teachers - Grand Baie,coaching,famille,"MU, Chem. du Vieux Moulin Casse, Grand Baie 30536",+230 5987 3037,https://www.travellingteachers.org/,"-20,0059778","57,5956724",https://maps.google.com/?cid=2060799476082765859&g_mp=Cidnb29nbGUubWFwcy5wbGFjZXMudjEuUGxhY2VzLlNlYXJjaFRleHQQAhgEIAA,12/07/2026,,ChIJM5xww9-rfSERI3A5dTRumRw
Cosy&Comfy Concept Store,seconde-main,habits-adultes,"Sottise Rd, Grand Baie",+230 5780 0485,,"-20,0188084","57,5794628",https://maps.google.com/?cid=16878743021426283476&g_mp=Cidnb29nbGUubWFwcy5wbGFjZXMudjEuUGxhY2VzLlNlYXJjaFRleHQQAhgEIAA,12/07/2026,,ChIJld-uhUirfSER1JM3v1lXPeo
Poonith Store,seconde-main,habits-adultes,"Royal road, Esperance Trebuchet",+230 5790 4928,,"-20,0721994","57,6488625",https://maps.google.com/?cid=15931148508809191538&g_mp=Cidnb29nbGUubWFwcy5wbGFjZXMudjEuUGxhY2VzLlNlYXJjaFRleHQQAhgEIAA,12/07/2026,,ChIJp8Osy_3_fCERcuCQcynPFt0
Bureau Vallée Mauritius - papeterie et photocopie,seconde-main,habits-adultes,"Grand Baie La Croisette Rivière du Rempart MU, Grand Baie 30517",+230 268 1601,http://www.bureau-vallee.mu/,"-20,0229906","57,57865",https://maps.google.com/?cid=12881488145774688210&g_mp=Cidnb29nbGUubWFwcy5wbGFjZXMudjEuUGxhY2VzLlNlYXJjaFRleHQQAhgEIAA,12/07/2026,,ChIJ6z2prkyrfSER0jdOMzg9xLI
Adamas,seconde-main,habits-adultes,Grand Baie,+230 269 1609,http://www.adamasltd.com/,"-20,0142015","57,5880252",https://maps.google.com/?cid=17952922269885196932&g_mp=Cidnb29nbGUubWFwcy5wbGFjZXMudjEuUGxhY2VzLlNlYXJjaFRleHQQAhgEIAA,12/07/2026,,ChIJx1PbOgarfSERhOq0kK-XJfk
SingIsKing Car Ltd,seconde-main,habits-adultes,"MU, Pave Rd, Petit Raffray 30711",+230 5763 8503,,"-20,0186107","57,6168699",https://maps.google.com/?cid=577146235684696124&g_mp=Cidnb29nbGUubWFwcy5wbGFjZXMudjEuUGxhY2VzLlNlYXJjaFRleHQQAhgEIAA,12/07/2026,,ChIJBaTay7GrfSERPLBwiXFvAgg
La Ferme Reservoir Viewpoint,activites,parcs-animaliers,"A3, Bambous",+230 5714 4262,,"-20,2529182","57,4207458",https://maps.google.com/?cid=13113392350190772466&g_mp=Cidnb29nbGUubWFwcy5wbGFjZXMudjEuUGxhY2VzLlNlYXJjaFRleHQQAhgEIAA,12/07/2026,,ChIJCXDdaHFFfCER8iByYd0g_LU
Pépinière Exotica Tamarin,activites,parcs-botaniques,"A3, Rivière Noire",+230 5443 5394,https://pepiniereexotica.com/,"-20,3516239","57,3647606",https://maps.google.com/?cid=12618154748725593853&g_mp=Cidnb29nbGUubWFwcy5wbGFjZXMudjEuUGxhY2VzLlNlYXJjaFRleHQQAhgEIAA,12/07/2026,,ChIJrSbKsK9rfCER_Yay3uOwHK8
La Preneuse Public Beach,activites,parcs-botaniques,"J9W6+5HC La Preneuse, Rivière Noire, La Preneuse",,https://www.ilemaurice.im/la-preneuse-plage-publique/,"-20,3545667","57,361384",https://maps.google.com/?cid=8165852679126073093&g_mp=Cidnb29nbGUubWFwcy5wbGFjZXMudjEuUGxhY2VzLlNlYXJjaFRleHQQAhgEIAA,12/07/2026,,ChIJGbx14jNrfCERBT97Q7_vUnE
Ateliers Théâtre OZ,activites,centres-loisirs-animations-enfants,"Allée des Flamboyants Morcellement Carlos Tamarin MU, Tamarin 90910",+230 5428 5179,http://www.atelierstheatreoz.com/,"-20,3413625","57,370207",https://maps.google.com/?cid=8954097452015218690&g_mp=Cidnb29nbGUubWFwcy5wbGFjZXMudjEuUGxhY2VzLlNlYXJjaFRleHQQAhgEIAA,12/07/2026,,ChIJsfUw8NNBfCERAvCYFzFYQ3w
L’Atelier de Malena,activites,spa-bien-etre,"MU, Ajmal Le Salon d’Albion (à l’étage, Albion Mall, Albion 91007",+230 5829 6029,,"-20,2149897","57,4111048",https://maps.google.com/?cid=9651933361762516302&g_mp=Cidnb29nbGUubWFwcy5wbGFjZXMudjEuUGxhY2VzLlNlYXJjaFRleHQQAhgEIAA,12/07/2026,,ChIJWa2XEfdFfCERTr2YH0GO8oU
Shibani Foreign Exchange,utiles,banques,"P9FC+HGM Nenuphar Complex, Coastal Rd, Flic en Flac",+230 453 9963,,"-20,2760295","57,3713069",https://maps.google.com/?cid=8260890572038755717&g_mp=Cidnb29nbGUubWFwcy5wbGFjZXMudjEuUGxhY2VzLlNlYXJjaFRleHQQAhgEIAA,12/07/2026,,ChIJDYxXsFhBfCERhVW-CjWUpHI
Fabulous Island ( Concept Store ),seconde-main,habits-adultes,Rivière Noire,+230 5253 8088,https://www.fabulous-island.com/,"-20,3517294","57,3648211",https://maps.google.com/?cid=2932358033783539189&g_mp=Cidnb29nbGUubWFwcy5wbGFjZXMudjEuUGxhY2VzLlNlYXJjaFRleHQQAhgEIAA,12/07/2026,,ChIJ2RysBqNFfCER9UXubRjUsSg
"The Villa - Le Morne - Kite, Golf & Beach",activites,golf,"Le Morne, Maurice",,,"-20,4435997","57,3245583",https://maps.google.com/?cid=13843397080990030312&g_mp=Cidnb29nbGUubWFwcy5wbGFjZXMudjEuUGxhY2VzLlNlYXJjaFRleHQQAhgEIAA,12/07/2026,,ChIJR3d1pfVsfCER6BkXuUygHcA
Le Morne Vacations Ltd,activites,excursions,"Avenue des Vergers, Flic en Flac",+230 5733 1912,,"-20,2855692","57,3663409",https://maps.google.com/?cid=637502204766014369&g_mp=Cidnb29nbGUubWFwcy5wbGFjZXMudjEuUGxhY2VzLlNlYXJjaFRleHQQAhgEIAA,12/07/2026,,ChIJper1q2ZBfCERoUubquDc2Ag
Choupicolate pastry,food,boulangeries,"Morcellement Vrs Valetta, Quartier-Militaire",+230 5708 9038,,"-20,2500109","57,5710941",https://maps.google.com/?cid=12344398520337167673&g_mp=Cidnb29nbGUubWFwcy5wbGFjZXMudjEuUGxhY2VzLlNlYXJjaFRleHQQAhgEIAA,12/07/2026,,ChIJ-WfPVf9ZfCEROfWNAg0dUKs
SmartTraveller Ltd.,activites,activites-enfants-famille,"Beau Manguier, Morcellement Swan Pereybère MU, Grand Baie 30546",,http://smarttraveller.mu/,"-19,9996002","57,5930211",https://maps.google.com/?cid=16415198140620781208&g_mp=Cidnb29nbGUubWFwcy5wbGFjZXMudjEuUGxhY2VzLlNlYXJjaFRleHQQAhgEIAA,12/07/2026,,ChIJjUCA092rfSERmLZaybx_zuM
Citadelle,activites,activites-enfants-famille,"RGP6+G46, Sebastopol St, Port Louis",,,"-20,1637146","57,5102772",https://maps.google.com/?cid=1206814845163656240&g_mp=Cidnb29nbGUubWFwcy5wbGFjZXMudjEuUGxhY2VzLlNlYXJjaFRleHQQAhgEIAA,12/07/2026,,ChIJJ3f20P9QfCERMNSlK7V3vxA
Votre Petit Cuisinier,food,chefs-domicile,"MU, Royal Road, Fond du Sac 20601",+230 5939 3801,,"-20,0420865","57,5877244",https://maps.google.com/?cid=7774658627550173279&g_mp=Cidnb29nbGUubWFwcy5wbGFjZXMudjEuUGxhY2VzLlNlYXJjaFRleHQQAhgEIAA,12/07/2026,,ChIJ_wzg7ACrfSERX9gNcdQi5Ws
Mahebourg Market,food,marches,"Marché de Mahebourg, Mahébourg",,,"-20,4069447","57,7083825",https://maps.google.com/?cid=8628596321018086494&g_mp=Cidnb29nbGUubWFwcy5wbGFjZXMudjEuUGxhY2VzLlNlYXJjaFRleHQQAhgEIAA,12/07/2026,,ChIJ-2eg_lr1fCERXoSGQKPuvnc
SECOND HAND SHOP,seconde-main,equipement-maison,"Mission Cross Rd, Bon Accueil",+230 5922 7424,,"-20,1835471","57,6694789",https://maps.google.com/?cid=9491243553904951980&g_mp=Cidnb29nbGUubWFwcy5wbGFjZXMudjEuUGxhY2VzLlNlYXJjaFRleHQQAhgEIAA,12/07/2026,,ChIJx8elp-34fCERrII4u7mrt4M
Fox Decor,seconde-main,equipement-maison,"Labourdonnais St, Beau Bassin-Rose Hill",+230 5947 3388,http://www.foxdecor.ltd/,"-20,246413","57,4718643",https://maps.google.com/?cid=14386246769026376396&g_mp=Cidnb29nbGUubWFwcy5wbGFjZXMudjEuUGxhY2VzLlNlYXJjaFRleHQQAhgEIAA,12/07/2026,,ChIJRXnbAgBbfCERzKLt_jY3psc
Boodhoo Saleem Auction Room,seconde-main,equipement-maison,"18 Brabant St, Port Louis",+230 212 2460,,"-20,1670115","57,4881506",https://maps.google.com/?cid=10597496352980556674&g_mp=Cidnb29nbGUubWFwcy5wbGFjZXMudjEuUGxhY2VzLlNlYXJjaFRleHQQAhgEIAA,12/07/2026,,ChIJDzlwB9tRfCERglvn-8jeEZM
"Mythic Suites & Villas - Location de vacances avec tous les services hôteliers, by MJ Holidays - Grand-Gaube",activites,centres-loisirs-animations-enfants,"Disa Ln, Grand Gaube",+230 483 5020,https://www.mjholidays.com/nos-resorts/mythic-suites-villas,"-20,0115316","57,6614937",https://maps.google.com/?cid=15127678362384878854&g_mp=Cidnb29nbGUubWFwcy5wbGFjZXMudjEuUGxhY2VzLlNlYXJjaFRleHQQAhgEIAA,12/07/2026,,ChIJcUi_3EUBfSERBk1QGlJP8NE
Sofitel Mauritius L'Impérial Resort & Spa,activites,centres-loisirs-animations-enfants,"MU, Wolmar, Flic en Flac 90517",+230 453 8700,http://sofitel.accor.com/hotels/1144?merchantid=seo-maps-MU-1144&sourceid=aw-cen&utm_source=google+Maps&utm_medium=seo+maps&utm_campaign=seo+maps&utm_term=Sofitel-Launch,"-20,311618","57,367501",https://maps.google.com/?cid=9887349482903030227&g_mp=Cidnb29nbGUubWFwcy5wbGFjZXMudjEuUGxhY2VzLlNlYXJjaFRleHQQAhgEIAA,12/07/2026,,ChIJnWwhFHlBfCER08mTIvjrNok
Royal Palm Beachcomber Luxury,activites,centres-loisirs-animations-enfants,"MU, Royal Road, Grand Baie 30512",+230 209 8300,https://www.beachcomber-hotels.com/en/hotel/royal-palm-beachcomber-luxury,"-20,0065419","57,5789142",https://maps.google.com/?cid=15960345728171236651&g_mp=Cidnb29nbGUubWFwcy5wbGFjZXMudjEuUGxhY2VzLlNlYXJjaFRleHQQAhgEIAA,12/07/2026,,ChIJ_1x9D6GrfSERK90R1OCJft0
Bigorno Diving Centre Mauritius,activites,spa-bien-etre,"Costal Rd, Trou-aux-Biches",+230 5802 4869,http://www.bigornodiving.com/,"-20,0364322","57,5453071",https://maps.google.com/?cid=9691188298791966892&g_mp=Cidnb29nbGUubWFwcy5wbGFjZXMudjEuUGxhY2VzLlNlYXJjaFRleHQQAhgEIAA,12/07/2026,,ChIJU9XIhDmtfSERrNjqYGkEfoY
Le Palmiste Resort & Spa,activites,spa-bien-etre,"XG6W+X35, Route Cotière, Trou aux Biches",+230 265 6815,https://www.hotel-lepalmiste.mu/index.php/en/,"-20,0376094","57,5452192",https://maps.google.com/?cid=10812509117741443402&g_mp=Cidnb29nbGUubWFwcy5wbGFjZXMudjEuUGxhY2VzLlNlYXJjaFRleHQQAhgEIAA,12/07/2026,,ChIJXzjfizhTfCERSqmmZcG_DZY
Lakaz Sandrine,food,restaurants,"Cap Malheureux, 2J7F+F4R, Beach",+230 5742 2423,http://www.facebook.com/Lakaz-Sandrine-102606388464802,"-19,986258","57,6227656",https://maps.google.com/?cid=7329271531634599705&g_mp=Cidnb29nbGUubWFwcy5wbGFjZXMudjEuUGxhY2VzLlNlYXJjaFRleHQQAhgEIAA,12/07/2026,,ChIJAWe0VpGrfSERGad2OaDNtmU
Safran,food,restaurants,"PQXX+73P, Trou d'Eau Douce",,https://www.shangri-la.com/mauritius/shangrila/dining/restaurants/safran/,"-20,2517824","57,7977147",https://maps.google.com/?cid=10980313283997621544&g_mp=Cidnb29nbGUubWFwcy5wbGFjZXMudjEuUGxhY2VzLlNlYXJjaFRleHQQAhgEIAA,12/07/2026,,ChIJn8kC1jf7fCERKF0ub8HoYZg
Le Barachois,food,cafes-terrasses,"VP2V+5CH, Poste Lafayette",,,"-20,1495535","57,743622",https://maps.google.com/?cid=1609465442982735570&g_mp=Cidnb29nbGUubWFwcy5wbGFjZXMudjEuUGxhY2VzLlNlYXJjaFRleHQQAhgEIAA,12/07/2026,,ChIJkWcoiLH9fCER0q5AB0v4VRY
Villa Alizée,food,tables-hotes,"Villa Alizee Morcellement Beau Rivage MU, Baie du Tombeau 21710",+230 5941 5467,http://www.villaalizee.mu/,"-20,1210894","57,5045047",https://maps.google.com/?cid=9222791255221667351&g_mp=Cidnb29nbGUubWFwcy5wbGFjZXMudjEuUGxhY2VzLlNlYXJjaFRleHQQAhgEIAA,12/07/2026,,ChIJsQSp9YBRfCERFwYRPcjv_X8
The Nature Guest House,food,tables-hotes,"allée mangue street, Poste de Flacq",+230 5959 0400,,"-20,1739602","57,7348288",https://maps.google.com/?cid=1447288045964738640&g_mp=Cidnb29nbGUubWFwcy5wbGFjZXMudjEuUGxhY2VzLlNlYXJjaFRleHQQAhgEIAA,12/07/2026,,ChIJz-lSAoz7fCERUMBlS8_MFRQ
Pains et Moulins,food,boulangeries,"MU, 5 President John Kennedy St, Port Louis 11410",,,"-20,1621265","57,5007155",https://maps.google.com/?cid=14864362008566262743&g_mp=Cidnb29nbGUubWFwcy5wbGFjZXMudjEuUGxhY2VzLlNlYXJjaFRleHQQAhgEIAA,12/07/2026,,ChIJie0vlFVRfCER12tn9X3SSM4
Boulangerie Vallee D'or,food,boulangeries,"Bernardin De St. Pierre Bernardin de Saint Pierre St, Port Louis",+230 240 1652,,"-20,1544417","57,5250009",https://maps.google.com/?cid=4862483755312274718&g_mp=Cidnb29nbGUubWFwcy5wbGFjZXMudjEuUGxhY2VzLlNlYXJjaFRleHQQAhgEIAA,12/07/2026,,ChIJU3CDSBBRfCERHt1-gTYDe0M
Medisave,utiles,cliniques-privees,"29 A8, Quatre Bornes",+230 427 7000,http://www.medisave.mu/,"-20,2683257","57,4765634",https://maps.google.com/?cid=1940584946355733380&g_mp=Cidnb29nbGUubWFwcy5wbGFjZXMudjEuUGxhY2VzLlNlYXJjaFRleHQQAhgEIAA,12/07/2026,,ChIJ6e4xtEVbfCERhAMBILpX7ho
Chisti Shifa Clinic,utiles,cliniques-privees,"St Denis St, Port Louis",+230 211 5157,,"-20,1684633","57,5067464",https://maps.google.com/?cid=9840768643371523038&g_mp=Cidnb29nbGUubWFwcy5wbGFjZXMudjEuUGxhY2VzLlNlYXJjaFRleHQQAhgEIAA,12/07/2026,,ChIJS99_DVZQfCER3lv2SPFukYg
Centre de Chirurgie Esthétique de l'Océan Indien,utiles,cliniques-privees,"Morcellement Jhuboo, Trou aux Biches",+230 265 5050,https://esthetique.mu/,"-20,0355034","57,5475144",https://maps.google.com/?cid=598927335835419994&g_mp=Cidnb29nbGUubWFwcy5wbGFjZXMudjEuUGxhY2VzLlNlYXJjaFRleHQQAhgEIAA,12/07/2026,,ChIJ7ZUVNK-sfSERWsW9Gj3RTwg
Bambous Medicare,utiles,cliniques-privees,"A3, Bambous",+230 5799 4928,https://m.facebook.com/BambousMedicare/,"-20,249705","57,4199558",https://maps.google.com/?cid=10514961992433294021&g_mp=Cidnb29nbGUubWFwcy5wbGFjZXMudjEuUGxhY2VzLlNlYXJjaFRleHQQAhgEIAA,12/07/2026,,ChIJAXcCEw1FfCERxVq4sTim7JE